Automatically generated mesh
    2601
Reciprocal lattice
    0.00000000000000    0.00000000000000    0.00000000000000             1
    0.03030303030303    0.00000000000000    0.00000000000000             4
    0.06060606060606    0.00000000000000    0.00000000000000             4
    0.09090909090909    0.00000000000000    0.00000000000000             4
    0.12121212121213    0.00000000000000    0.00000000000000             4
    0.15151515151515    0.00000000000000    0.00000000000000             4
    0.18181818181818    0.00000000000000    0.00000000000000             4
    0.21212121212121    0.00000000000000    0.00000000000000             4
    0.24242424242424    0.00000000000000    0.00000000000000             4
    0.27272727272727    0.00000000000000    0.00000000000000             4
    0.30303030303031    0.00000000000000    0.00000000000000             4
    0.33333333333334    0.00000000000000    0.00000000000000             4
    0.36363636363637    0.00000000000000    0.00000000000000             4
    0.39393939393939    0.00000000000000    0.00000000000000             4
    0.42424242424242    0.00000000000000    0.00000000000000             4
    0.45454545454545    0.00000000000000    0.00000000000000             4
    0.48484848484849    0.00000000000000    0.00000000000000             4
    0.03030303030303    0.03030303030303    0.00000000000000             4
    0.06060606060606    0.03030303030303    0.00000000000000             8
    0.09090909090909    0.03030303030303    0.00000000000000             8
    0.12121212121213    0.03030303030303    0.00000000000000             8
    0.15151515151515    0.03030303030303    0.00000000000000             8
    0.18181818181818    0.03030303030303    0.00000000000000             8
    0.21212121212121    0.03030303030303    0.00000000000000             8
    0.24242424242424    0.03030303030303    0.00000000000000             8
    0.27272727272727    0.03030303030303    0.00000000000000             8
    0.30303030303031    0.03030303030303    0.00000000000000             8
    0.33333333333334    0.03030303030303    0.00000000000000             8
    0.36363636363637    0.03030303030303    0.00000000000000             8
    0.39393939393939    0.03030303030303    0.00000000000000             8
    0.42424242424242    0.03030303030303    0.00000000000000             8
    0.45454545454545    0.03030303030303    0.00000000000000             8
    0.48484848484849    0.03030303030303    0.00000000000000             8
    0.06060606060606    0.06060606060606    0.00000000000000             4
    0.09090909090909    0.06060606060606    0.00000000000000             8
    0.12121212121213    0.06060606060606    0.00000000000000             8
    0.15151515151515    0.06060606060606    0.00000000000000             8
    0.18181818181818    0.06060606060606    0.00000000000000             8
    0.21212121212121    0.06060606060606    0.00000000000000             8
    0.24242424242424    0.06060606060606    0.00000000000000             8
    0.27272727272727    0.06060606060606    0.00000000000000             8
    0.30303030303031    0.06060606060606    0.00000000000000             8
    0.33333333333334    0.06060606060606    0.00000000000000             8
    0.36363636363637    0.06060606060606    0.00000000000000             8
    0.39393939393939    0.06060606060606    0.00000000000000             8
    0.42424242424242    0.06060606060606    0.00000000000000             8
    0.45454545454545    0.06060606060606    0.00000000000000             8
    0.48484848484849    0.06060606060606    0.00000000000000             8
    0.09090909090909    0.09090909090909    0.00000000000000             4
    0.12121212121213    0.09090909090909    0.00000000000000             8
    0.15151515151515    0.09090909090909    0.00000000000000             8
    0.18181818181818    0.09090909090909    0.00000000000000             8
    0.21212121212121    0.09090909090909    0.00000000000000             8
    0.24242424242424    0.09090909090909    0.00000000000000             8
    0.27272727272727    0.09090909090909    0.00000000000000             8
    0.30303030303031    0.09090909090909    0.00000000000000             8
    0.33333333333334    0.09090909090909    0.00000000000000             8
    0.36363636363637    0.09090909090909    0.00000000000000             8
    0.39393939393939    0.09090909090909    0.00000000000000             8
    0.42424242424242    0.09090909090909    0.00000000000000             8
    0.45454545454545    0.09090909090909    0.00000000000000             8
    0.48484848484849    0.09090909090909    0.00000000000000             8
    0.12121212121213    0.12121212121213    0.00000000000000             4
    0.15151515151515    0.12121212121213    0.00000000000000             8
    0.18181818181818    0.12121212121213    0.00000000000000             8
    0.21212121212121    0.12121212121213    0.00000000000000             8
    0.24242424242424    0.12121212121213    0.00000000000000             8
    0.27272727272727    0.12121212121213    0.00000000000000             8
    0.30303030303031    0.12121212121213    0.00000000000000             8
    0.33333333333334    0.12121212121213    0.00000000000000             8
    0.36363636363637    0.12121212121213    0.00000000000000             8
    0.39393939393939    0.12121212121213    0.00000000000000             8
    0.42424242424242    0.12121212121213    0.00000000000000             8
    0.45454545454545    0.12121212121213    0.00000000000000             8
    0.48484848484849    0.12121212121213    0.00000000000000             8
    0.15151515151515    0.15151515151515    0.00000000000000             4
    0.18181818181818    0.15151515151515    0.00000000000000             8
    0.21212121212121    0.15151515151515    0.00000000000000             8
    0.24242424242424    0.15151515151515    0.00000000000000             8
    0.27272727272727    0.15151515151515    0.00000000000000             8
    0.30303030303031    0.15151515151515    0.00000000000000             8
    0.33333333333334    0.15151515151515    0.00000000000000             8
    0.36363636363637    0.15151515151515    0.00000000000000             8
    0.39393939393939    0.15151515151515    0.00000000000000             8
    0.42424242424242    0.15151515151515    0.00000000000000             8
    0.45454545454545    0.15151515151515    0.00000000000000             8
    0.48484848484849    0.15151515151515    0.00000000000000             8
    0.18181818181818    0.18181818181818    0.00000000000000             4
    0.21212121212121    0.18181818181818    0.00000000000000             8
    0.24242424242424    0.18181818181818    0.00000000000000             8
    0.27272727272727    0.18181818181818    0.00000000000000             8
    0.30303030303031    0.18181818181818    0.00000000000000             8
    0.33333333333334    0.18181818181818    0.00000000000000             8
    0.36363636363637    0.18181818181818    0.00000000000000             8
    0.39393939393939    0.18181818181818    0.00000000000000             8
    0.42424242424242    0.18181818181818    0.00000000000000             8
    0.45454545454545    0.18181818181818    0.00000000000000             8
    0.48484848484849    0.18181818181818    0.00000000000000             8
    0.21212121212121    0.21212121212121    0.00000000000000             4
    0.24242424242424    0.21212121212121    0.00000000000000             8
    0.27272727272727    0.21212121212121    0.00000000000000             8
    0.30303030303031    0.21212121212121    0.00000000000000             8
    0.33333333333334    0.21212121212121    0.00000000000000             8
    0.36363636363637    0.21212121212121    0.00000000000000             8
    0.39393939393939    0.21212121212121    0.00000000000000             8
    0.42424242424242    0.21212121212121    0.00000000000000             8
    0.45454545454545    0.21212121212121    0.00000000000000             8
    0.48484848484849    0.21212121212121    0.00000000000000             8
    0.24242424242424    0.24242424242424    0.00000000000000             4
    0.27272727272727    0.24242424242424    0.00000000000000             8
    0.30303030303031    0.24242424242424    0.00000000000000             8
    0.33333333333334    0.24242424242424    0.00000000000000             8
    0.36363636363637    0.24242424242424    0.00000000000000             8
    0.39393939393939    0.24242424242424    0.00000000000000             8
    0.42424242424242    0.24242424242424    0.00000000000000             8
    0.45454545454545    0.24242424242424    0.00000000000000             8
    0.48484848484849    0.24242424242424    0.00000000000000             8
    0.27272727272727    0.27272727272727    0.00000000000000             4
    0.30303030303031    0.27272727272727    0.00000000000000             8
    0.33333333333334    0.27272727272727    0.00000000000000             8
    0.36363636363637    0.27272727272727    0.00000000000000             8
    0.39393939393939    0.27272727272727    0.00000000000000             8
    0.42424242424242    0.27272727272727    0.00000000000000             8
    0.45454545454545    0.27272727272727    0.00000000000000             8
    0.48484848484849    0.27272727272727    0.00000000000000             8
    0.30303030303031    0.30303030303031    0.00000000000000             4
    0.33333333333334    0.30303030303031    0.00000000000000             8
    0.36363636363637    0.30303030303031    0.00000000000000             8
    0.39393939393939    0.30303030303031    0.00000000000000             8
    0.42424242424242    0.30303030303031    0.00000000000000             8
    0.45454545454545    0.30303030303031    0.00000000000000             8
    0.48484848484849    0.30303030303031    0.00000000000000             8
    0.33333333333334    0.33333333333334    0.00000000000000             4
    0.36363636363637    0.33333333333334    0.00000000000000             8
    0.39393939393939    0.33333333333334    0.00000000000000             8
    0.42424242424242    0.33333333333334    0.00000000000000             8
    0.45454545454545    0.33333333333334    0.00000000000000             8
    0.48484848484849    0.33333333333334    0.00000000000000             8
    0.36363636363637    0.36363636363637    0.00000000000000             4
    0.39393939393939    0.36363636363637    0.00000000000000             8
    0.42424242424242    0.36363636363637    0.00000000000000             8
    0.45454545454545    0.36363636363637    0.00000000000000             8
    0.48484848484849    0.36363636363637    0.00000000000000             8
    0.39393939393939    0.39393939393939    0.00000000000000             4
    0.42424242424242    0.39393939393939    0.00000000000000             8
    0.45454545454545    0.39393939393939    0.00000000000000             8
    0.48484848484849    0.39393939393939    0.00000000000000             8
    0.42424242424242    0.42424242424242    0.00000000000000             4
    0.45454545454545    0.42424242424242    0.00000000000000             8
    0.48484848484849    0.42424242424242    0.00000000000000             8
    0.45454545454545    0.45454545454545    0.00000000000000             4
    0.48484848484849    0.45454545454545    0.00000000000000             8
    0.48484848484849    0.48484848484849    0.00000000000000             4
    0.00000000000000    0.00000000000000    0.03030303030303             2
    0.03030303030303    0.00000000000000    0.03030303030303             8
    0.06060606060606    0.00000000000000    0.03030303030303             8
    0.09090909090909    0.00000000000000    0.03030303030303             8
    0.12121212121213    0.00000000000000    0.03030303030303             8
    0.15151515151515    0.00000000000000    0.03030303030303             8
    0.18181818181818    0.00000000000000    0.03030303030303             8
    0.21212121212121    0.00000000000000    0.03030303030303             8
    0.24242424242424    0.00000000000000    0.03030303030303             8
    0.27272727272727    0.00000000000000    0.03030303030303             8
    0.30303030303031    0.00000000000000    0.03030303030303             8
    0.33333333333334    0.00000000000000    0.03030303030303             8
    0.36363636363637    0.00000000000000    0.03030303030303             8
    0.39393939393939    0.00000000000000    0.03030303030303             8
    0.42424242424242    0.00000000000000    0.03030303030303             8
    0.45454545454545    0.00000000000000    0.03030303030303             8
    0.48484848484849    0.00000000000000    0.03030303030303             8
    0.03030303030303    0.03030303030303    0.03030303030303             8
    0.06060606060606    0.03030303030303    0.03030303030303            16
    0.09090909090909    0.03030303030303    0.03030303030303            16
    0.12121212121213    0.03030303030303    0.03030303030303            16
    0.15151515151515    0.03030303030303    0.03030303030303            16
    0.18181818181818    0.03030303030303    0.03030303030303            16
    0.21212121212121    0.03030303030303    0.03030303030303            16
    0.24242424242424    0.03030303030303    0.03030303030303            16
    0.27272727272727    0.03030303030303    0.03030303030303            16
    0.30303030303031    0.03030303030303    0.03030303030303            16
    0.33333333333334    0.03030303030303    0.03030303030303            16
    0.36363636363637    0.03030303030303    0.03030303030303            16
    0.39393939393939    0.03030303030303    0.03030303030303            16
    0.42424242424242    0.03030303030303    0.03030303030303            16
    0.45454545454545    0.03030303030303    0.03030303030303            16
    0.48484848484849    0.03030303030303    0.03030303030303            16
    0.06060606060606    0.06060606060606    0.03030303030303             8
    0.09090909090909    0.06060606060606    0.03030303030303            16
    0.12121212121213    0.06060606060606    0.03030303030303            16
    0.15151515151515    0.06060606060606    0.03030303030303            16
    0.18181818181818    0.06060606060606    0.03030303030303            16
    0.21212121212121    0.06060606060606    0.03030303030303            16
    0.24242424242424    0.06060606060606    0.03030303030303            16
    0.27272727272727    0.06060606060606    0.03030303030303            16
    0.30303030303031    0.06060606060606    0.03030303030303            16
    0.33333333333334    0.06060606060606    0.03030303030303            16
    0.36363636363637    0.06060606060606    0.03030303030303            16
    0.39393939393939    0.06060606060606    0.03030303030303            16
    0.42424242424242    0.06060606060606    0.03030303030303            16
    0.45454545454545    0.06060606060606    0.03030303030303            16
    0.48484848484849    0.06060606060606    0.03030303030303            16
    0.09090909090909    0.09090909090909    0.03030303030303             8
    0.12121212121213    0.09090909090909    0.03030303030303            16
    0.15151515151515    0.09090909090909    0.03030303030303            16
    0.18181818181818    0.09090909090909    0.03030303030303            16
    0.21212121212121    0.09090909090909    0.03030303030303            16
    0.24242424242424    0.09090909090909    0.03030303030303            16
    0.27272727272727    0.09090909090909    0.03030303030303            16
    0.30303030303031    0.09090909090909    0.03030303030303            16
    0.33333333333334    0.09090909090909    0.03030303030303            16
    0.36363636363637    0.09090909090909    0.03030303030303            16
    0.39393939393939    0.09090909090909    0.03030303030303            16
    0.42424242424242    0.09090909090909    0.03030303030303            16
    0.45454545454545    0.09090909090909    0.03030303030303            16
    0.48484848484849    0.09090909090909    0.03030303030303            16
    0.12121212121213    0.12121212121213    0.03030303030303             8
    0.15151515151515    0.12121212121213    0.03030303030303            16
    0.18181818181818    0.12121212121213    0.03030303030303            16
    0.21212121212121    0.12121212121213    0.03030303030303            16
    0.24242424242424    0.12121212121213    0.03030303030303            16
    0.27272727272727    0.12121212121213    0.03030303030303            16
    0.30303030303031    0.12121212121213    0.03030303030303            16
    0.33333333333334    0.12121212121213    0.03030303030303            16
    0.36363636363637    0.12121212121213    0.03030303030303            16
    0.39393939393939    0.12121212121213    0.03030303030303            16
    0.42424242424242    0.12121212121213    0.03030303030303            16
    0.45454545454545    0.12121212121213    0.03030303030303            16
    0.48484848484849    0.12121212121213    0.03030303030303            16
    0.15151515151515    0.15151515151515    0.03030303030303             8
    0.18181818181818    0.15151515151515    0.03030303030303            16
    0.21212121212121    0.15151515151515    0.03030303030303            16
    0.24242424242424    0.15151515151515    0.03030303030303            16
    0.27272727272727    0.15151515151515    0.03030303030303            16
    0.30303030303031    0.15151515151515    0.03030303030303            16
    0.33333333333334    0.15151515151515    0.03030303030303            16
    0.36363636363637    0.15151515151515    0.03030303030303            16
    0.39393939393939    0.15151515151515    0.03030303030303            16
    0.42424242424242    0.15151515151515    0.03030303030303            16
    0.45454545454545    0.15151515151515    0.03030303030303            16
    0.48484848484849    0.15151515151515    0.03030303030303            16
    0.18181818181818    0.18181818181818    0.03030303030303             8
    0.21212121212121    0.18181818181818    0.03030303030303            16
    0.24242424242424    0.18181818181818    0.03030303030303            16
    0.27272727272727    0.18181818181818    0.03030303030303            16
    0.30303030303031    0.18181818181818    0.03030303030303            16
    0.33333333333334    0.18181818181818    0.03030303030303            16
    0.36363636363637    0.18181818181818    0.03030303030303            16
    0.39393939393939    0.18181818181818    0.03030303030303            16
    0.42424242424242    0.18181818181818    0.03030303030303            16
    0.45454545454545    0.18181818181818    0.03030303030303            16
    0.48484848484849    0.18181818181818    0.03030303030303            16
    0.21212121212121    0.21212121212121    0.03030303030303             8
    0.24242424242424    0.21212121212121    0.03030303030303            16
    0.27272727272727    0.21212121212121    0.03030303030303            16
    0.30303030303031    0.21212121212121    0.03030303030303            16
    0.33333333333334    0.21212121212121    0.03030303030303            16
    0.36363636363637    0.21212121212121    0.03030303030303            16
    0.39393939393939    0.21212121212121    0.03030303030303            16
    0.42424242424242    0.21212121212121    0.03030303030303            16
    0.45454545454545    0.21212121212121    0.03030303030303            16
    0.48484848484849    0.21212121212121    0.03030303030303            16
    0.24242424242424    0.24242424242424    0.03030303030303             8
    0.27272727272727    0.24242424242424    0.03030303030303            16
    0.30303030303031    0.24242424242424    0.03030303030303            16
    0.33333333333334    0.24242424242424    0.03030303030303            16
    0.36363636363637    0.24242424242424    0.03030303030303            16
    0.39393939393939    0.24242424242424    0.03030303030303            16
    0.42424242424242    0.24242424242424    0.03030303030303            16
    0.45454545454545    0.24242424242424    0.03030303030303            16
    0.48484848484849    0.24242424242424    0.03030303030303            16
    0.27272727272727    0.27272727272727    0.03030303030303             8
    0.30303030303031    0.27272727272727    0.03030303030303            16
    0.33333333333334    0.27272727272727    0.03030303030303            16
    0.36363636363637    0.27272727272727    0.03030303030303            16
    0.39393939393939    0.27272727272727    0.03030303030303            16
    0.42424242424242    0.27272727272727    0.03030303030303            16
    0.45454545454545    0.27272727272727    0.03030303030303            16
    0.48484848484849    0.27272727272727    0.03030303030303            16
    0.30303030303031    0.30303030303031    0.03030303030303             8
    0.33333333333334    0.30303030303031    0.03030303030303            16
    0.36363636363637    0.30303030303031    0.03030303030303            16
    0.39393939393939    0.30303030303031    0.03030303030303            16
    0.42424242424242    0.30303030303031    0.03030303030303            16
    0.45454545454545    0.30303030303031    0.03030303030303            16
    0.48484848484849    0.30303030303031    0.03030303030303            16
    0.33333333333334    0.33333333333334    0.03030303030303             8
    0.36363636363637    0.33333333333334    0.03030303030303            16
    0.39393939393939    0.33333333333334    0.03030303030303            16
    0.42424242424242    0.33333333333334    0.03030303030303            16
    0.45454545454545    0.33333333333334    0.03030303030303            16
    0.48484848484849    0.33333333333334    0.03030303030303            16
    0.36363636363637    0.36363636363637    0.03030303030303             8
    0.39393939393939    0.36363636363637    0.03030303030303            16
    0.42424242424242    0.36363636363637    0.03030303030303            16
    0.45454545454545    0.36363636363637    0.03030303030303            16
    0.48484848484849    0.36363636363637    0.03030303030303            16
    0.39393939393939    0.39393939393939    0.03030303030303             8
    0.42424242424242    0.39393939393939    0.03030303030303            16
    0.45454545454545    0.39393939393939    0.03030303030303            16
    0.48484848484849    0.39393939393939    0.03030303030303            16
    0.42424242424242    0.42424242424242    0.03030303030303             8
    0.45454545454545    0.42424242424242    0.03030303030303            16
    0.48484848484849    0.42424242424242    0.03030303030303            16
    0.45454545454545    0.45454545454545    0.03030303030303             8
    0.48484848484849    0.45454545454545    0.03030303030303            16
    0.48484848484849    0.48484848484849    0.03030303030303             8
    0.00000000000000    0.00000000000000    0.06060606060606             2
    0.03030303030303    0.00000000000000    0.06060606060606             8
    0.06060606060606    0.00000000000000    0.06060606060606             8
    0.09090909090909    0.00000000000000    0.06060606060606             8
    0.12121212121213    0.00000000000000    0.06060606060606             8
    0.15151515151515    0.00000000000000    0.06060606060606             8
    0.18181818181818    0.00000000000000    0.06060606060606             8
    0.21212121212121    0.00000000000000    0.06060606060606             8
    0.24242424242424    0.00000000000000    0.06060606060606             8
    0.27272727272727    0.00000000000000    0.06060606060606             8
    0.30303030303031    0.00000000000000    0.06060606060606             8
    0.33333333333334    0.00000000000000    0.06060606060606             8
    0.36363636363637    0.00000000000000    0.06060606060606             8
    0.39393939393939    0.00000000000000    0.06060606060606             8
    0.42424242424242    0.00000000000000    0.06060606060606             8
    0.45454545454545    0.00000000000000    0.06060606060606             8
    0.48484848484849    0.00000000000000    0.06060606060606             8
    0.03030303030303    0.03030303030303    0.06060606060606             8
    0.06060606060606    0.03030303030303    0.06060606060606            16
    0.09090909090909    0.03030303030303    0.06060606060606            16
    0.12121212121213    0.03030303030303    0.06060606060606            16
    0.15151515151515    0.03030303030303    0.06060606060606            16
    0.18181818181818    0.03030303030303    0.06060606060606            16
    0.21212121212121    0.03030303030303    0.06060606060606            16
    0.24242424242424    0.03030303030303    0.06060606060606            16
    0.27272727272727    0.03030303030303    0.06060606060606            16
    0.30303030303031    0.03030303030303    0.06060606060606            16
    0.33333333333334    0.03030303030303    0.06060606060606            16
    0.36363636363637    0.03030303030303    0.06060606060606            16
    0.39393939393939    0.03030303030303    0.06060606060606            16
    0.42424242424242    0.03030303030303    0.06060606060606            16
    0.45454545454545    0.03030303030303    0.06060606060606            16
    0.48484848484849    0.03030303030303    0.06060606060606            16
    0.06060606060606    0.06060606060606    0.06060606060606             8
    0.09090909090909    0.06060606060606    0.06060606060606            16
    0.12121212121213    0.06060606060606    0.06060606060606            16
    0.15151515151515    0.06060606060606    0.06060606060606            16
    0.18181818181818    0.06060606060606    0.06060606060606            16
    0.21212121212121    0.06060606060606    0.06060606060606            16
    0.24242424242424    0.06060606060606    0.06060606060606            16
    0.27272727272727    0.06060606060606    0.06060606060606            16
    0.30303030303031    0.06060606060606    0.06060606060606            16
    0.33333333333334    0.06060606060606    0.06060606060606            16
    0.36363636363637    0.06060606060606    0.06060606060606            16
    0.39393939393939    0.06060606060606    0.06060606060606            16
    0.42424242424242    0.06060606060606    0.06060606060606            16
    0.45454545454545    0.06060606060606    0.06060606060606            16
    0.48484848484849    0.06060606060606    0.06060606060606            16
    0.09090909090909    0.09090909090909    0.06060606060606             8
    0.12121212121213    0.09090909090909    0.06060606060606            16
    0.15151515151515    0.09090909090909    0.06060606060606            16
    0.18181818181818    0.09090909090909    0.06060606060606            16
    0.21212121212121    0.09090909090909    0.06060606060606            16
    0.24242424242424    0.09090909090909    0.06060606060606            16
    0.27272727272727    0.09090909090909    0.06060606060606            16
    0.30303030303031    0.09090909090909    0.06060606060606            16
    0.33333333333334    0.09090909090909    0.06060606060606            16
    0.36363636363637    0.09090909090909    0.06060606060606            16
    0.39393939393939    0.09090909090909    0.06060606060606            16
    0.42424242424242    0.09090909090909    0.06060606060606            16
    0.45454545454545    0.09090909090909    0.06060606060606            16
    0.48484848484849    0.09090909090909    0.06060606060606            16
    0.12121212121213    0.12121212121213    0.06060606060606             8
    0.15151515151515    0.12121212121213    0.06060606060606            16
    0.18181818181818    0.12121212121213    0.06060606060606            16
    0.21212121212121    0.12121212121213    0.06060606060606            16
    0.24242424242424    0.12121212121213    0.06060606060606            16
    0.27272727272727    0.12121212121213    0.06060606060606            16
    0.30303030303031    0.12121212121213    0.06060606060606            16
    0.33333333333334    0.12121212121213    0.06060606060606            16
    0.36363636363637    0.12121212121213    0.06060606060606            16
    0.39393939393939    0.12121212121213    0.06060606060606            16
    0.42424242424242    0.12121212121213    0.06060606060606            16
    0.45454545454545    0.12121212121213    0.06060606060606            16
    0.48484848484849    0.12121212121213    0.06060606060606            16
    0.15151515151515    0.15151515151515    0.06060606060606             8
    0.18181818181818    0.15151515151515    0.06060606060606            16
    0.21212121212121    0.15151515151515    0.06060606060606            16
    0.24242424242424    0.15151515151515    0.06060606060606            16
    0.27272727272727    0.15151515151515    0.06060606060606            16
    0.30303030303031    0.15151515151515    0.06060606060606            16
    0.33333333333334    0.15151515151515    0.06060606060606            16
    0.36363636363637    0.15151515151515    0.06060606060606            16
    0.39393939393939    0.15151515151515    0.06060606060606            16
    0.42424242424242    0.15151515151515    0.06060606060606            16
    0.45454545454545    0.15151515151515    0.06060606060606            16
    0.48484848484849    0.15151515151515    0.06060606060606            16
    0.18181818181818    0.18181818181818    0.06060606060606             8
    0.21212121212121    0.18181818181818    0.06060606060606            16
    0.24242424242424    0.18181818181818    0.06060606060606            16
    0.27272727272727    0.18181818181818    0.06060606060606            16
    0.30303030303031    0.18181818181818    0.06060606060606            16
    0.33333333333334    0.18181818181818    0.06060606060606            16
    0.36363636363637    0.18181818181818    0.06060606060606            16
    0.39393939393939    0.18181818181818    0.06060606060606            16
    0.42424242424242    0.18181818181818    0.06060606060606            16
    0.45454545454545    0.18181818181818    0.06060606060606            16
    0.48484848484849    0.18181818181818    0.06060606060606            16
    0.21212121212121    0.21212121212121    0.06060606060606             8
    0.24242424242424    0.21212121212121    0.06060606060606            16
    0.27272727272727    0.21212121212121    0.06060606060606            16
    0.30303030303031    0.21212121212121    0.06060606060606            16
    0.33333333333334    0.21212121212121    0.06060606060606            16
    0.36363636363637    0.21212121212121    0.06060606060606            16
    0.39393939393939    0.21212121212121    0.06060606060606            16
    0.42424242424242    0.21212121212121    0.06060606060606            16
    0.45454545454545    0.21212121212121    0.06060606060606            16
    0.48484848484849    0.21212121212121    0.06060606060606            16
    0.24242424242424    0.24242424242424    0.06060606060606             8
    0.27272727272727    0.24242424242424    0.06060606060606            16
    0.30303030303031    0.24242424242424    0.06060606060606            16
    0.33333333333334    0.24242424242424    0.06060606060606            16
    0.36363636363637    0.24242424242424    0.06060606060606            16
    0.39393939393939    0.24242424242424    0.06060606060606            16
    0.42424242424242    0.24242424242424    0.06060606060606            16
    0.45454545454545    0.24242424242424    0.06060606060606            16
    0.48484848484849    0.24242424242424    0.06060606060606            16
    0.27272727272727    0.27272727272727    0.06060606060606             8
    0.30303030303031    0.27272727272727    0.06060606060606            16
    0.33333333333334    0.27272727272727    0.06060606060606            16
    0.36363636363637    0.27272727272727    0.06060606060606            16
    0.39393939393939    0.27272727272727    0.06060606060606            16
    0.42424242424242    0.27272727272727    0.06060606060606            16
    0.45454545454545    0.27272727272727    0.06060606060606            16
    0.48484848484849    0.27272727272727    0.06060606060606            16
    0.30303030303031    0.30303030303031    0.06060606060606             8
    0.33333333333334    0.30303030303031    0.06060606060606            16
    0.36363636363637    0.30303030303031    0.06060606060606            16
    0.39393939393939    0.30303030303031    0.06060606060606            16
    0.42424242424242    0.30303030303031    0.06060606060606            16
    0.45454545454545    0.30303030303031    0.06060606060606            16
    0.48484848484849    0.30303030303031    0.06060606060606            16
    0.33333333333334    0.33333333333334    0.06060606060606             8
    0.36363636363637    0.33333333333334    0.06060606060606            16
    0.39393939393939    0.33333333333334    0.06060606060606            16
    0.42424242424242    0.33333333333334    0.06060606060606            16
    0.45454545454545    0.33333333333334    0.06060606060606            16
    0.48484848484849    0.33333333333334    0.06060606060606            16
    0.36363636363637    0.36363636363637    0.06060606060606             8
    0.39393939393939    0.36363636363637    0.06060606060606            16
    0.42424242424242    0.36363636363637    0.06060606060606            16
    0.45454545454545    0.36363636363637    0.06060606060606            16
    0.48484848484849    0.36363636363637    0.06060606060606            16
    0.39393939393939    0.39393939393939    0.06060606060606             8
    0.42424242424242    0.39393939393939    0.06060606060606            16
    0.45454545454545    0.39393939393939    0.06060606060606            16
    0.48484848484849    0.39393939393939    0.06060606060606            16
    0.42424242424242    0.42424242424242    0.06060606060606             8
    0.45454545454545    0.42424242424242    0.06060606060606            16
    0.48484848484849    0.42424242424242    0.06060606060606            16
    0.45454545454545    0.45454545454545    0.06060606060606             8
    0.48484848484849    0.45454545454545    0.06060606060606            16
    0.48484848484849    0.48484848484849    0.06060606060606             8
    0.00000000000000    0.00000000000000    0.09090909090909             2
    0.03030303030303    0.00000000000000    0.09090909090909             8
    0.06060606060606    0.00000000000000    0.09090909090909             8
    0.09090909090909    0.00000000000000    0.09090909090909             8
    0.12121212121213    0.00000000000000    0.09090909090909             8
    0.15151515151515    0.00000000000000    0.09090909090909             8
    0.18181818181818    0.00000000000000    0.09090909090909             8
    0.21212121212121    0.00000000000000    0.09090909090909             8
    0.24242424242424    0.00000000000000    0.09090909090909             8
    0.27272727272727    0.00000000000000    0.09090909090909             8
    0.30303030303031    0.00000000000000    0.09090909090909             8
    0.33333333333334    0.00000000000000    0.09090909090909             8
    0.36363636363637    0.00000000000000    0.09090909090909             8
    0.39393939393939    0.00000000000000    0.09090909090909             8
    0.42424242424242    0.00000000000000    0.09090909090909             8
    0.45454545454545    0.00000000000000    0.09090909090909             8
    0.48484848484849    0.00000000000000    0.09090909090909             8
    0.03030303030303    0.03030303030303    0.09090909090909             8
    0.06060606060606    0.03030303030303    0.09090909090909            16
    0.09090909090909    0.03030303030303    0.09090909090909            16
    0.12121212121213    0.03030303030303    0.09090909090909            16
    0.15151515151515    0.03030303030303    0.09090909090909            16
    0.18181818181818    0.03030303030303    0.09090909090909            16
    0.21212121212121    0.03030303030303    0.09090909090909            16
    0.24242424242424    0.03030303030303    0.09090909090909            16
    0.27272727272727    0.03030303030303    0.09090909090909            16
    0.30303030303031    0.03030303030303    0.09090909090909            16
    0.33333333333334    0.03030303030303    0.09090909090909            16
    0.36363636363637    0.03030303030303    0.09090909090909            16
    0.39393939393939    0.03030303030303    0.09090909090909            16
    0.42424242424242    0.03030303030303    0.09090909090909            16
    0.45454545454545    0.03030303030303    0.09090909090909            16
    0.48484848484849    0.03030303030303    0.09090909090909            16
    0.06060606060606    0.06060606060606    0.09090909090909             8
    0.09090909090909    0.06060606060606    0.09090909090909            16
    0.12121212121213    0.06060606060606    0.09090909090909            16
    0.15151515151515    0.06060606060606    0.09090909090909            16
    0.18181818181818    0.06060606060606    0.09090909090909            16
    0.21212121212121    0.06060606060606    0.09090909090909            16
    0.24242424242424    0.06060606060606    0.09090909090909            16
    0.27272727272727    0.06060606060606    0.09090909090909            16
    0.30303030303031    0.06060606060606    0.09090909090909            16
    0.33333333333334    0.06060606060606    0.09090909090909            16
    0.36363636363637    0.06060606060606    0.09090909090909            16
    0.39393939393939    0.06060606060606    0.09090909090909            16
    0.42424242424242    0.06060606060606    0.09090909090909            16
    0.45454545454545    0.06060606060606    0.09090909090909            16
    0.48484848484849    0.06060606060606    0.09090909090909            16
    0.09090909090909    0.09090909090909    0.09090909090909             8
    0.12121212121213    0.09090909090909    0.09090909090909            16
    0.15151515151515    0.09090909090909    0.09090909090909            16
    0.18181818181818    0.09090909090909    0.09090909090909            16
    0.21212121212121    0.09090909090909    0.09090909090909            16
    0.24242424242424    0.09090909090909    0.09090909090909            16
    0.27272727272727    0.09090909090909    0.09090909090909            16
    0.30303030303031    0.09090909090909    0.09090909090909            16
    0.33333333333334    0.09090909090909    0.09090909090909            16
    0.36363636363637    0.09090909090909    0.09090909090909            16
    0.39393939393939    0.09090909090909    0.09090909090909            16
    0.42424242424242    0.09090909090909    0.09090909090909            16
    0.45454545454545    0.09090909090909    0.09090909090909            16
    0.48484848484849    0.09090909090909    0.09090909090909            16
    0.12121212121213    0.12121212121213    0.09090909090909             8
    0.15151515151515    0.12121212121213    0.09090909090909            16
    0.18181818181818    0.12121212121213    0.09090909090909            16
    0.21212121212121    0.12121212121213    0.09090909090909            16
    0.24242424242424    0.12121212121213    0.09090909090909            16
    0.27272727272727    0.12121212121213    0.09090909090909            16
    0.30303030303031    0.12121212121213    0.09090909090909            16
    0.33333333333334    0.12121212121213    0.09090909090909            16
    0.36363636363637    0.12121212121213    0.09090909090909            16
    0.39393939393939    0.12121212121213    0.09090909090909            16
    0.42424242424242    0.12121212121213    0.09090909090909            16
    0.45454545454545    0.12121212121213    0.09090909090909            16
    0.48484848484849    0.12121212121213    0.09090909090909            16
    0.15151515151515    0.15151515151515    0.09090909090909             8
    0.18181818181818    0.15151515151515    0.09090909090909            16
    0.21212121212121    0.15151515151515    0.09090909090909            16
    0.24242424242424    0.15151515151515    0.09090909090909            16
    0.27272727272727    0.15151515151515    0.09090909090909            16
    0.30303030303031    0.15151515151515    0.09090909090909            16
    0.33333333333334    0.15151515151515    0.09090909090909            16
    0.36363636363637    0.15151515151515    0.09090909090909            16
    0.39393939393939    0.15151515151515    0.09090909090909            16
    0.42424242424242    0.15151515151515    0.09090909090909            16
    0.45454545454545    0.15151515151515    0.09090909090909            16
    0.48484848484849    0.15151515151515    0.09090909090909            16
    0.18181818181818    0.18181818181818    0.09090909090909             8
    0.21212121212121    0.18181818181818    0.09090909090909            16
    0.24242424242424    0.18181818181818    0.09090909090909            16
    0.27272727272727    0.18181818181818    0.09090909090909            16
    0.30303030303031    0.18181818181818    0.09090909090909            16
    0.33333333333334    0.18181818181818    0.09090909090909            16
    0.36363636363637    0.18181818181818    0.09090909090909            16
    0.39393939393939    0.18181818181818    0.09090909090909            16
    0.42424242424242    0.18181818181818    0.09090909090909            16
    0.45454545454545    0.18181818181818    0.09090909090909            16
    0.48484848484849    0.18181818181818    0.09090909090909            16
    0.21212121212121    0.21212121212121    0.09090909090909             8
    0.24242424242424    0.21212121212121    0.09090909090909            16
    0.27272727272727    0.21212121212121    0.09090909090909            16
    0.30303030303031    0.21212121212121    0.09090909090909            16
    0.33333333333334    0.21212121212121    0.09090909090909            16
    0.36363636363637    0.21212121212121    0.09090909090909            16
    0.39393939393939    0.21212121212121    0.09090909090909            16
    0.42424242424242    0.21212121212121    0.09090909090909            16
    0.45454545454545    0.21212121212121    0.09090909090909            16
    0.48484848484849    0.21212121212121    0.09090909090909            16
    0.24242424242424    0.24242424242424    0.09090909090909             8
    0.27272727272727    0.24242424242424    0.09090909090909            16
    0.30303030303031    0.24242424242424    0.09090909090909            16
    0.33333333333334    0.24242424242424    0.09090909090909            16
    0.36363636363637    0.24242424242424    0.09090909090909            16
    0.39393939393939    0.24242424242424    0.09090909090909            16
    0.42424242424242    0.24242424242424    0.09090909090909            16
    0.45454545454545    0.24242424242424    0.09090909090909            16
    0.48484848484849    0.24242424242424    0.09090909090909            16
    0.27272727272727    0.27272727272727    0.09090909090909             8
    0.30303030303031    0.27272727272727    0.09090909090909            16
    0.33333333333334    0.27272727272727    0.09090909090909            16
    0.36363636363637    0.27272727272727    0.09090909090909            16
    0.39393939393939    0.27272727272727    0.09090909090909            16
    0.42424242424242    0.27272727272727    0.09090909090909            16
    0.45454545454545    0.27272727272727    0.09090909090909            16
    0.48484848484849    0.27272727272727    0.09090909090909            16
    0.30303030303031    0.30303030303031    0.09090909090909             8
    0.33333333333334    0.30303030303031    0.09090909090909            16
    0.36363636363637    0.30303030303031    0.09090909090909            16
    0.39393939393939    0.30303030303031    0.09090909090909            16
    0.42424242424242    0.30303030303031    0.09090909090909            16
    0.45454545454545    0.30303030303031    0.09090909090909            16
    0.48484848484849    0.30303030303031    0.09090909090909            16
    0.33333333333334    0.33333333333334    0.09090909090909             8
    0.36363636363637    0.33333333333334    0.09090909090909            16
    0.39393939393939    0.33333333333334    0.09090909090909            16
    0.42424242424242    0.33333333333334    0.09090909090909            16
    0.45454545454545    0.33333333333334    0.09090909090909            16
    0.48484848484849    0.33333333333334    0.09090909090909            16
    0.36363636363637    0.36363636363637    0.09090909090909             8
    0.39393939393939    0.36363636363637    0.09090909090909            16
    0.42424242424242    0.36363636363637    0.09090909090909            16
    0.45454545454545    0.36363636363637    0.09090909090909            16
    0.48484848484849    0.36363636363637    0.09090909090909            16
    0.39393939393939    0.39393939393939    0.09090909090909             8
    0.42424242424242    0.39393939393939    0.09090909090909            16
    0.45454545454545    0.39393939393939    0.09090909090909            16
    0.48484848484849    0.39393939393939    0.09090909090909            16
    0.42424242424242    0.42424242424242    0.09090909090909             8
    0.45454545454545    0.42424242424242    0.09090909090909            16
    0.48484848484849    0.42424242424242    0.09090909090909            16
    0.45454545454545    0.45454545454545    0.09090909090909             8
    0.48484848484849    0.45454545454545    0.09090909090909            16
    0.48484848484849    0.48484848484849    0.09090909090909             8
    0.00000000000000    0.00000000000000    0.12121212121213             2
    0.03030303030303    0.00000000000000    0.12121212121213             8
    0.06060606060606    0.00000000000000    0.12121212121213             8
    0.09090909090909    0.00000000000000    0.12121212121213             8
    0.12121212121213    0.00000000000000    0.12121212121213             8
    0.15151515151515    0.00000000000000    0.12121212121213             8
    0.18181818181818    0.00000000000000    0.12121212121213             8
    0.21212121212121    0.00000000000000    0.12121212121213             8
    0.24242424242424    0.00000000000000    0.12121212121213             8
    0.27272727272727    0.00000000000000    0.12121212121213             8
    0.30303030303031    0.00000000000000    0.12121212121213             8
    0.33333333333334    0.00000000000000    0.12121212121213             8
    0.36363636363637    0.00000000000000    0.12121212121213             8
    0.39393939393939    0.00000000000000    0.12121212121213             8
    0.42424242424242    0.00000000000000    0.12121212121213             8
    0.45454545454545    0.00000000000000    0.12121212121213             8
    0.48484848484849    0.00000000000000    0.12121212121213             8
    0.03030303030303    0.03030303030303    0.12121212121213             8
    0.06060606060606    0.03030303030303    0.12121212121213            16
    0.09090909090909    0.03030303030303    0.12121212121213            16
    0.12121212121213    0.03030303030303    0.12121212121213            16
    0.15151515151515    0.03030303030303    0.12121212121213            16
    0.18181818181818    0.03030303030303    0.12121212121213            16
    0.21212121212121    0.03030303030303    0.12121212121213            16
    0.24242424242424    0.03030303030303    0.12121212121213            16
    0.27272727272727    0.03030303030303    0.12121212121213            16
    0.30303030303031    0.03030303030303    0.12121212121213            16
    0.33333333333334    0.03030303030303    0.12121212121213            16
    0.36363636363637    0.03030303030303    0.12121212121213            16
    0.39393939393939    0.03030303030303    0.12121212121213            16
    0.42424242424242    0.03030303030303    0.12121212121213            16
    0.45454545454545    0.03030303030303    0.12121212121213            16
    0.48484848484849    0.03030303030303    0.12121212121213            16
    0.06060606060606    0.06060606060606    0.12121212121213             8
    0.09090909090909    0.06060606060606    0.12121212121213            16
    0.12121212121213    0.06060606060606    0.12121212121213            16
    0.15151515151515    0.06060606060606    0.12121212121213            16
    0.18181818181818    0.06060606060606    0.12121212121213            16
    0.21212121212121    0.06060606060606    0.12121212121213            16
    0.24242424242424    0.06060606060606    0.12121212121213            16
    0.27272727272727    0.06060606060606    0.12121212121213            16
    0.30303030303031    0.06060606060606    0.12121212121213            16
    0.33333333333334    0.06060606060606    0.12121212121213            16
    0.36363636363637    0.06060606060606    0.12121212121213            16
    0.39393939393939    0.06060606060606    0.12121212121213            16
    0.42424242424242    0.06060606060606    0.12121212121213            16
    0.45454545454545    0.06060606060606    0.12121212121213            16
    0.48484848484849    0.06060606060606    0.12121212121213            16
    0.09090909090909    0.09090909090909    0.12121212121213             8
    0.12121212121213    0.09090909090909    0.12121212121213            16
    0.15151515151515    0.09090909090909    0.12121212121213            16
    0.18181818181818    0.09090909090909    0.12121212121213            16
    0.21212121212121    0.09090909090909    0.12121212121213            16
    0.24242424242424    0.09090909090909    0.12121212121213            16
    0.27272727272727    0.09090909090909    0.12121212121213            16
    0.30303030303031    0.09090909090909    0.12121212121213            16
    0.33333333333334    0.09090909090909    0.12121212121213            16
    0.36363636363637    0.09090909090909    0.12121212121213            16
    0.39393939393939    0.09090909090909    0.12121212121213            16
    0.42424242424242    0.09090909090909    0.12121212121213            16
    0.45454545454545    0.09090909090909    0.12121212121213            16
    0.48484848484849    0.09090909090909    0.12121212121213            16
    0.12121212121213    0.12121212121213    0.12121212121213             8
    0.15151515151515    0.12121212121213    0.12121212121213            16
    0.18181818181818    0.12121212121213    0.12121212121213            16
    0.21212121212121    0.12121212121213    0.12121212121213            16
    0.24242424242424    0.12121212121213    0.12121212121213            16
    0.27272727272727    0.12121212121213    0.12121212121213            16
    0.30303030303031    0.12121212121213    0.12121212121213            16
    0.33333333333334    0.12121212121213    0.12121212121213            16
    0.36363636363637    0.12121212121213    0.12121212121213            16
    0.39393939393939    0.12121212121213    0.12121212121213            16
    0.42424242424242    0.12121212121213    0.12121212121213            16
    0.45454545454545    0.12121212121213    0.12121212121213            16
    0.48484848484849    0.12121212121213    0.12121212121213            16
    0.15151515151515    0.15151515151515    0.12121212121213             8
    0.18181818181818    0.15151515151515    0.12121212121213            16
    0.21212121212121    0.15151515151515    0.12121212121213            16
    0.24242424242424    0.15151515151515    0.12121212121213            16
    0.27272727272727    0.15151515151515    0.12121212121213            16
    0.30303030303031    0.15151515151515    0.12121212121213            16
    0.33333333333334    0.15151515151515    0.12121212121213            16
    0.36363636363637    0.15151515151515    0.12121212121213            16
    0.39393939393939    0.15151515151515    0.12121212121213            16
    0.42424242424242    0.15151515151515    0.12121212121213            16
    0.45454545454545    0.15151515151515    0.12121212121213            16
    0.48484848484849    0.15151515151515    0.12121212121213            16
    0.18181818181818    0.18181818181818    0.12121212121213             8
    0.21212121212121    0.18181818181818    0.12121212121213            16
    0.24242424242424    0.18181818181818    0.12121212121213            16
    0.27272727272727    0.18181818181818    0.12121212121213            16
    0.30303030303031    0.18181818181818    0.12121212121213            16
    0.33333333333334    0.18181818181818    0.12121212121213            16
    0.36363636363637    0.18181818181818    0.12121212121213            16
    0.39393939393939    0.18181818181818    0.12121212121213            16
    0.42424242424242    0.18181818181818    0.12121212121213            16
    0.45454545454545    0.18181818181818    0.12121212121213            16
    0.48484848484849    0.18181818181818    0.12121212121213            16
    0.21212121212121    0.21212121212121    0.12121212121213             8
    0.24242424242424    0.21212121212121    0.12121212121213            16
    0.27272727272727    0.21212121212121    0.12121212121213            16
    0.30303030303031    0.21212121212121    0.12121212121213            16
    0.33333333333334    0.21212121212121    0.12121212121213            16
    0.36363636363637    0.21212121212121    0.12121212121213            16
    0.39393939393939    0.21212121212121    0.12121212121213            16
    0.42424242424242    0.21212121212121    0.12121212121213            16
    0.45454545454545    0.21212121212121    0.12121212121213            16
    0.48484848484849    0.21212121212121    0.12121212121213            16
    0.24242424242424    0.24242424242424    0.12121212121213             8
    0.27272727272727    0.24242424242424    0.12121212121213            16
    0.30303030303031    0.24242424242424    0.12121212121213            16
    0.33333333333334    0.24242424242424    0.12121212121213            16
    0.36363636363637    0.24242424242424    0.12121212121213            16
    0.39393939393939    0.24242424242424    0.12121212121213            16
    0.42424242424242    0.24242424242424    0.12121212121213            16
    0.45454545454545    0.24242424242424    0.12121212121213            16
    0.48484848484849    0.24242424242424    0.12121212121213            16
    0.27272727272727    0.27272727272727    0.12121212121213             8
    0.30303030303031    0.27272727272727    0.12121212121213            16
    0.33333333333334    0.27272727272727    0.12121212121213            16
    0.36363636363637    0.27272727272727    0.12121212121213            16
    0.39393939393939    0.27272727272727    0.12121212121213            16
    0.42424242424242    0.27272727272727    0.12121212121213            16
    0.45454545454545    0.27272727272727    0.12121212121213            16
    0.48484848484849    0.27272727272727    0.12121212121213            16
    0.30303030303031    0.30303030303031    0.12121212121213             8
    0.33333333333334    0.30303030303031    0.12121212121213            16
    0.36363636363637    0.30303030303031    0.12121212121213            16
    0.39393939393939    0.30303030303031    0.12121212121213            16
    0.42424242424242    0.30303030303031    0.12121212121213            16
    0.45454545454545    0.30303030303031    0.12121212121213            16
    0.48484848484849    0.30303030303031    0.12121212121213            16
    0.33333333333334    0.33333333333334    0.12121212121213             8
    0.36363636363637    0.33333333333334    0.12121212121213            16
    0.39393939393939    0.33333333333334    0.12121212121213            16
    0.42424242424242    0.33333333333334    0.12121212121213            16
    0.45454545454545    0.33333333333334    0.12121212121213            16
    0.48484848484849    0.33333333333334    0.12121212121213            16
    0.36363636363637    0.36363636363637    0.12121212121213             8
    0.39393939393939    0.36363636363637    0.12121212121213            16
    0.42424242424242    0.36363636363637    0.12121212121213            16
    0.45454545454545    0.36363636363637    0.12121212121213            16
    0.48484848484849    0.36363636363637    0.12121212121213            16
    0.39393939393939    0.39393939393939    0.12121212121213             8
    0.42424242424242    0.39393939393939    0.12121212121213            16
    0.45454545454545    0.39393939393939    0.12121212121213            16
    0.48484848484849    0.39393939393939    0.12121212121213            16
    0.42424242424242    0.42424242424242    0.12121212121213             8
    0.45454545454545    0.42424242424242    0.12121212121213            16
    0.48484848484849    0.42424242424242    0.12121212121213            16
    0.45454545454545    0.45454545454545    0.12121212121213             8
    0.48484848484849    0.45454545454545    0.12121212121213            16
    0.48484848484849    0.48484848484849    0.12121212121213             8
    0.00000000000000    0.00000000000000    0.15151515151515             2
    0.03030303030303    0.00000000000000    0.15151515151515             8
    0.06060606060606    0.00000000000000    0.15151515151515             8
    0.09090909090909    0.00000000000000    0.15151515151515             8
    0.12121212121213    0.00000000000000    0.15151515151515             8
    0.15151515151515    0.00000000000000    0.15151515151515             8
    0.18181818181818    0.00000000000000    0.15151515151515             8
    0.21212121212121    0.00000000000000    0.15151515151515             8
    0.24242424242424    0.00000000000000    0.15151515151515             8
    0.27272727272727    0.00000000000000    0.15151515151515             8
    0.30303030303031    0.00000000000000    0.15151515151515             8
    0.33333333333334    0.00000000000000    0.15151515151515             8
    0.36363636363637    0.00000000000000    0.15151515151515             8
    0.39393939393939    0.00000000000000    0.15151515151515             8
    0.42424242424242    0.00000000000000    0.15151515151515             8
    0.45454545454545    0.00000000000000    0.15151515151515             8
    0.48484848484849    0.00000000000000    0.15151515151515             8
    0.03030303030303    0.03030303030303    0.15151515151515             8
    0.06060606060606    0.03030303030303    0.15151515151515            16
    0.09090909090909    0.03030303030303    0.15151515151515            16
    0.12121212121213    0.03030303030303    0.15151515151515            16
    0.15151515151515    0.03030303030303    0.15151515151515            16
    0.18181818181818    0.03030303030303    0.15151515151515            16
    0.21212121212121    0.03030303030303    0.15151515151515            16
    0.24242424242424    0.03030303030303    0.15151515151515            16
    0.27272727272727    0.03030303030303    0.15151515151515            16
    0.30303030303031    0.03030303030303    0.15151515151515            16
    0.33333333333334    0.03030303030303    0.15151515151515            16
    0.36363636363637    0.03030303030303    0.15151515151515            16
    0.39393939393939    0.03030303030303    0.15151515151515            16
    0.42424242424242    0.03030303030303    0.15151515151515            16
    0.45454545454545    0.03030303030303    0.15151515151515            16
    0.48484848484849    0.03030303030303    0.15151515151515            16
    0.06060606060606    0.06060606060606    0.15151515151515             8
    0.09090909090909    0.06060606060606    0.15151515151515            16
    0.12121212121213    0.06060606060606    0.15151515151515            16
    0.15151515151515    0.06060606060606    0.15151515151515            16
    0.18181818181818    0.06060606060606    0.15151515151515            16
    0.21212121212121    0.06060606060606    0.15151515151515            16
    0.24242424242424    0.06060606060606    0.15151515151515            16
    0.27272727272727    0.06060606060606    0.15151515151515            16
    0.30303030303031    0.06060606060606    0.15151515151515            16
    0.33333333333334    0.06060606060606    0.15151515151515            16
    0.36363636363637    0.06060606060606    0.15151515151515            16
    0.39393939393939    0.06060606060606    0.15151515151515            16
    0.42424242424242    0.06060606060606    0.15151515151515            16
    0.45454545454545    0.06060606060606    0.15151515151515            16
    0.48484848484849    0.06060606060606    0.15151515151515            16
    0.09090909090909    0.09090909090909    0.15151515151515             8
    0.12121212121213    0.09090909090909    0.15151515151515            16
    0.15151515151515    0.09090909090909    0.15151515151515            16
    0.18181818181818    0.09090909090909    0.15151515151515            16
    0.21212121212121    0.09090909090909    0.15151515151515            16
    0.24242424242424    0.09090909090909    0.15151515151515            16
    0.27272727272727    0.09090909090909    0.15151515151515            16
    0.30303030303031    0.09090909090909    0.15151515151515            16
    0.33333333333334    0.09090909090909    0.15151515151515            16
    0.36363636363637    0.09090909090909    0.15151515151515            16
    0.39393939393939    0.09090909090909    0.15151515151515            16
    0.42424242424242    0.09090909090909    0.15151515151515            16
    0.45454545454545    0.09090909090909    0.15151515151515            16
    0.48484848484849    0.09090909090909    0.15151515151515            16
    0.12121212121213    0.12121212121213    0.15151515151515             8
    0.15151515151515    0.12121212121213    0.15151515151515            16
    0.18181818181818    0.12121212121213    0.15151515151515            16
    0.21212121212121    0.12121212121213    0.15151515151515            16
    0.24242424242424    0.12121212121213    0.15151515151515            16
    0.27272727272727    0.12121212121213    0.15151515151515            16
    0.30303030303031    0.12121212121213    0.15151515151515            16
    0.33333333333334    0.12121212121213    0.15151515151515            16
    0.36363636363637    0.12121212121213    0.15151515151515            16
    0.39393939393939    0.12121212121213    0.15151515151515            16
    0.42424242424242    0.12121212121213    0.15151515151515            16
    0.45454545454545    0.12121212121213    0.15151515151515            16
    0.48484848484849    0.12121212121213    0.15151515151515            16
    0.15151515151515    0.15151515151515    0.15151515151515             8
    0.18181818181818    0.15151515151515    0.15151515151515            16
    0.21212121212121    0.15151515151515    0.15151515151515            16
    0.24242424242424    0.15151515151515    0.15151515151515            16
    0.27272727272727    0.15151515151515    0.15151515151515            16
    0.30303030303031    0.15151515151515    0.15151515151515            16
    0.33333333333334    0.15151515151515    0.15151515151515            16
    0.36363636363637    0.15151515151515    0.15151515151515            16
    0.39393939393939    0.15151515151515    0.15151515151515            16
    0.42424242424242    0.15151515151515    0.15151515151515            16
    0.45454545454545    0.15151515151515    0.15151515151515            16
    0.48484848484849    0.15151515151515    0.15151515151515            16
    0.18181818181818    0.18181818181818    0.15151515151515             8
    0.21212121212121    0.18181818181818    0.15151515151515            16
    0.24242424242424    0.18181818181818    0.15151515151515            16
    0.27272727272727    0.18181818181818    0.15151515151515            16
    0.30303030303031    0.18181818181818    0.15151515151515            16
    0.33333333333334    0.18181818181818    0.15151515151515            16
    0.36363636363637    0.18181818181818    0.15151515151515            16
    0.39393939393939    0.18181818181818    0.15151515151515            16
    0.42424242424242    0.18181818181818    0.15151515151515            16
    0.45454545454545    0.18181818181818    0.15151515151515            16
    0.48484848484849    0.18181818181818    0.15151515151515            16
    0.21212121212121    0.21212121212121    0.15151515151515             8
    0.24242424242424    0.21212121212121    0.15151515151515            16
    0.27272727272727    0.21212121212121    0.15151515151515            16
    0.30303030303031    0.21212121212121    0.15151515151515            16
    0.33333333333334    0.21212121212121    0.15151515151515            16
    0.36363636363637    0.21212121212121    0.15151515151515            16
    0.39393939393939    0.21212121212121    0.15151515151515            16
    0.42424242424242    0.21212121212121    0.15151515151515            16
    0.45454545454545    0.21212121212121    0.15151515151515            16
    0.48484848484849    0.21212121212121    0.15151515151515            16
    0.24242424242424    0.24242424242424    0.15151515151515             8
    0.27272727272727    0.24242424242424    0.15151515151515            16
    0.30303030303031    0.24242424242424    0.15151515151515            16
    0.33333333333334    0.24242424242424    0.15151515151515            16
    0.36363636363637    0.24242424242424    0.15151515151515            16
    0.39393939393939    0.24242424242424    0.15151515151515            16
    0.42424242424242    0.24242424242424    0.15151515151515            16
    0.45454545454545    0.24242424242424    0.15151515151515            16
    0.48484848484849    0.24242424242424    0.15151515151515            16
    0.27272727272727    0.27272727272727    0.15151515151515             8
    0.30303030303031    0.27272727272727    0.15151515151515            16
    0.33333333333334    0.27272727272727    0.15151515151515            16
    0.36363636363637    0.27272727272727    0.15151515151515            16
    0.39393939393939    0.27272727272727    0.15151515151515            16
    0.42424242424242    0.27272727272727    0.15151515151515            16
    0.45454545454545    0.27272727272727    0.15151515151515            16
    0.48484848484849    0.27272727272727    0.15151515151515            16
    0.30303030303031    0.30303030303031    0.15151515151515             8
    0.33333333333334    0.30303030303031    0.15151515151515            16
    0.36363636363637    0.30303030303031    0.15151515151515            16
    0.39393939393939    0.30303030303031    0.15151515151515            16
    0.42424242424242    0.30303030303031    0.15151515151515            16
    0.45454545454545    0.30303030303031    0.15151515151515            16
    0.48484848484849    0.30303030303031    0.15151515151515            16
    0.33333333333334    0.33333333333334    0.15151515151515             8
    0.36363636363637    0.33333333333334    0.15151515151515            16
    0.39393939393939    0.33333333333334    0.15151515151515            16
    0.42424242424242    0.33333333333334    0.15151515151515            16
    0.45454545454545    0.33333333333334    0.15151515151515            16
    0.48484848484849    0.33333333333334    0.15151515151515            16
    0.36363636363637    0.36363636363637    0.15151515151515             8
    0.39393939393939    0.36363636363637    0.15151515151515            16
    0.42424242424242    0.36363636363637    0.15151515151515            16
    0.45454545454545    0.36363636363637    0.15151515151515            16
    0.48484848484849    0.36363636363637    0.15151515151515            16
    0.39393939393939    0.39393939393939    0.15151515151515             8
    0.42424242424242    0.39393939393939    0.15151515151515            16
    0.45454545454545    0.39393939393939    0.15151515151515            16
    0.48484848484849    0.39393939393939    0.15151515151515            16
    0.42424242424242    0.42424242424242    0.15151515151515             8
    0.45454545454545    0.42424242424242    0.15151515151515            16
    0.48484848484849    0.42424242424242    0.15151515151515            16
    0.45454545454545    0.45454545454545    0.15151515151515             8
    0.48484848484849    0.45454545454545    0.15151515151515            16
    0.48484848484849    0.48484848484849    0.15151515151515             8
    0.00000000000000    0.00000000000000    0.18181818181818             2
    0.03030303030303    0.00000000000000    0.18181818181818             8
    0.06060606060606    0.00000000000000    0.18181818181818             8
    0.09090909090909    0.00000000000000    0.18181818181818             8
    0.12121212121213    0.00000000000000    0.18181818181818             8
    0.15151515151515    0.00000000000000    0.18181818181818             8
    0.18181818181818    0.00000000000000    0.18181818181818             8
    0.21212121212121    0.00000000000000    0.18181818181818             8
    0.24242424242424    0.00000000000000    0.18181818181818             8
    0.27272727272727    0.00000000000000    0.18181818181818             8
    0.30303030303031    0.00000000000000    0.18181818181818             8
    0.33333333333334    0.00000000000000    0.18181818181818             8
    0.36363636363637    0.00000000000000    0.18181818181818             8
    0.39393939393939    0.00000000000000    0.18181818181818             8
    0.42424242424242    0.00000000000000    0.18181818181818             8
    0.45454545454545    0.00000000000000    0.18181818181818             8
    0.48484848484849    0.00000000000000    0.18181818181818             8
    0.03030303030303    0.03030303030303    0.18181818181818             8
    0.06060606060606    0.03030303030303    0.18181818181818            16
    0.09090909090909    0.03030303030303    0.18181818181818            16
    0.12121212121213    0.03030303030303    0.18181818181818            16
    0.15151515151515    0.03030303030303    0.18181818181818            16
    0.18181818181818    0.03030303030303    0.18181818181818            16
    0.21212121212121    0.03030303030303    0.18181818181818            16
    0.24242424242424    0.03030303030303    0.18181818181818            16
    0.27272727272727    0.03030303030303    0.18181818181818            16
    0.30303030303031    0.03030303030303    0.18181818181818            16
    0.33333333333334    0.03030303030303    0.18181818181818            16
    0.36363636363637    0.03030303030303    0.18181818181818            16
    0.39393939393939    0.03030303030303    0.18181818181818            16
    0.42424242424242    0.03030303030303    0.18181818181818            16
    0.45454545454545    0.03030303030303    0.18181818181818            16
    0.48484848484849    0.03030303030303    0.18181818181818            16
    0.06060606060606    0.06060606060606    0.18181818181818             8
    0.09090909090909    0.06060606060606    0.18181818181818            16
    0.12121212121213    0.06060606060606    0.18181818181818            16
    0.15151515151515    0.06060606060606    0.18181818181818            16
    0.18181818181818    0.06060606060606    0.18181818181818            16
    0.21212121212121    0.06060606060606    0.18181818181818            16
    0.24242424242424    0.06060606060606    0.18181818181818            16
    0.27272727272727    0.06060606060606    0.18181818181818            16
    0.30303030303031    0.06060606060606    0.18181818181818            16
    0.33333333333334    0.06060606060606    0.18181818181818            16
    0.36363636363637    0.06060606060606    0.18181818181818            16
    0.39393939393939    0.06060606060606    0.18181818181818            16
    0.42424242424242    0.06060606060606    0.18181818181818            16
    0.45454545454545    0.06060606060606    0.18181818181818            16
    0.48484848484849    0.06060606060606    0.18181818181818            16
    0.09090909090909    0.09090909090909    0.18181818181818             8
    0.12121212121213    0.09090909090909    0.18181818181818            16
    0.15151515151515    0.09090909090909    0.18181818181818            16
    0.18181818181818    0.09090909090909    0.18181818181818            16
    0.21212121212121    0.09090909090909    0.18181818181818            16
    0.24242424242424    0.09090909090909    0.18181818181818            16
    0.27272727272727    0.09090909090909    0.18181818181818            16
    0.30303030303031    0.09090909090909    0.18181818181818            16
    0.33333333333334    0.09090909090909    0.18181818181818            16
    0.36363636363637    0.09090909090909    0.18181818181818            16
    0.39393939393939    0.09090909090909    0.18181818181818            16
    0.42424242424242    0.09090909090909    0.18181818181818            16
    0.45454545454545    0.09090909090909    0.18181818181818            16
    0.48484848484849    0.09090909090909    0.18181818181818            16
    0.12121212121213    0.12121212121213    0.18181818181818             8
    0.15151515151515    0.12121212121213    0.18181818181818            16
    0.18181818181818    0.12121212121213    0.18181818181818            16
    0.21212121212121    0.12121212121213    0.18181818181818            16
    0.24242424242424    0.12121212121213    0.18181818181818            16
    0.27272727272727    0.12121212121213    0.18181818181818            16
    0.30303030303031    0.12121212121213    0.18181818181818            16
    0.33333333333334    0.12121212121213    0.18181818181818            16
    0.36363636363637    0.12121212121213    0.18181818181818            16
    0.39393939393939    0.12121212121213    0.18181818181818            16
    0.42424242424242    0.12121212121213    0.18181818181818            16
    0.45454545454545    0.12121212121213    0.18181818181818            16
    0.48484848484849    0.12121212121213    0.18181818181818            16
    0.15151515151515    0.15151515151515    0.18181818181818             8
    0.18181818181818    0.15151515151515    0.18181818181818            16
    0.21212121212121    0.15151515151515    0.18181818181818            16
    0.24242424242424    0.15151515151515    0.18181818181818            16
    0.27272727272727    0.15151515151515    0.18181818181818            16
    0.30303030303031    0.15151515151515    0.18181818181818            16
    0.33333333333334    0.15151515151515    0.18181818181818            16
    0.36363636363637    0.15151515151515    0.18181818181818            16
    0.39393939393939    0.15151515151515    0.18181818181818            16
    0.42424242424242    0.15151515151515    0.18181818181818            16
    0.45454545454545    0.15151515151515    0.18181818181818            16
    0.48484848484849    0.15151515151515    0.18181818181818            16
    0.18181818181818    0.18181818181818    0.18181818181818             8
    0.21212121212121    0.18181818181818    0.18181818181818            16
    0.24242424242424    0.18181818181818    0.18181818181818            16
    0.27272727272727    0.18181818181818    0.18181818181818            16
    0.30303030303031    0.18181818181818    0.18181818181818            16
    0.33333333333334    0.18181818181818    0.18181818181818            16
    0.36363636363637    0.18181818181818    0.18181818181818            16
    0.39393939393939    0.18181818181818    0.18181818181818            16
    0.42424242424242    0.18181818181818    0.18181818181818            16
    0.45454545454545    0.18181818181818    0.18181818181818            16
    0.48484848484849    0.18181818181818    0.18181818181818            16
    0.21212121212121    0.21212121212121    0.18181818181818             8
    0.24242424242424    0.21212121212121    0.18181818181818            16
    0.27272727272727    0.21212121212121    0.18181818181818            16
    0.30303030303031    0.21212121212121    0.18181818181818            16
    0.33333333333334    0.21212121212121    0.18181818181818            16
    0.36363636363637    0.21212121212121    0.18181818181818            16
    0.39393939393939    0.21212121212121    0.18181818181818            16
    0.42424242424242    0.21212121212121    0.18181818181818            16
    0.45454545454545    0.21212121212121    0.18181818181818            16
    0.48484848484849    0.21212121212121    0.18181818181818            16
    0.24242424242424    0.24242424242424    0.18181818181818             8
    0.27272727272727    0.24242424242424    0.18181818181818            16
    0.30303030303031    0.24242424242424    0.18181818181818            16
    0.33333333333334    0.24242424242424    0.18181818181818            16
    0.36363636363637    0.24242424242424    0.18181818181818            16
    0.39393939393939    0.24242424242424    0.18181818181818            16
    0.42424242424242    0.24242424242424    0.18181818181818            16
    0.45454545454545    0.24242424242424    0.18181818181818            16
    0.48484848484849    0.24242424242424    0.18181818181818            16
    0.27272727272727    0.27272727272727    0.18181818181818             8
    0.30303030303031    0.27272727272727    0.18181818181818            16
    0.33333333333334    0.27272727272727    0.18181818181818            16
    0.36363636363637    0.27272727272727    0.18181818181818            16
    0.39393939393939    0.27272727272727    0.18181818181818            16
    0.42424242424242    0.27272727272727    0.18181818181818            16
    0.45454545454545    0.27272727272727    0.18181818181818            16
    0.48484848484849    0.27272727272727    0.18181818181818            16
    0.30303030303031    0.30303030303031    0.18181818181818             8
    0.33333333333334    0.30303030303031    0.18181818181818            16
    0.36363636363637    0.30303030303031    0.18181818181818            16
    0.39393939393939    0.30303030303031    0.18181818181818            16
    0.42424242424242    0.30303030303031    0.18181818181818            16
    0.45454545454545    0.30303030303031    0.18181818181818            16
    0.48484848484849    0.30303030303031    0.18181818181818            16
    0.33333333333334    0.33333333333334    0.18181818181818             8
    0.36363636363637    0.33333333333334    0.18181818181818            16
    0.39393939393939    0.33333333333334    0.18181818181818            16
    0.42424242424242    0.33333333333334    0.18181818181818            16
    0.45454545454545    0.33333333333334    0.18181818181818            16
    0.48484848484849    0.33333333333334    0.18181818181818            16
    0.36363636363637    0.36363636363637    0.18181818181818             8
    0.39393939393939    0.36363636363637    0.18181818181818            16
    0.42424242424242    0.36363636363637    0.18181818181818            16
    0.45454545454545    0.36363636363637    0.18181818181818            16
    0.48484848484849    0.36363636363637    0.18181818181818            16
    0.39393939393939    0.39393939393939    0.18181818181818             8
    0.42424242424242    0.39393939393939    0.18181818181818            16
    0.45454545454545    0.39393939393939    0.18181818181818            16
    0.48484848484849    0.39393939393939    0.18181818181818            16
    0.42424242424242    0.42424242424242    0.18181818181818             8
    0.45454545454545    0.42424242424242    0.18181818181818            16
    0.48484848484849    0.42424242424242    0.18181818181818            16
    0.45454545454545    0.45454545454545    0.18181818181818             8
    0.48484848484849    0.45454545454545    0.18181818181818            16
    0.48484848484849    0.48484848484849    0.18181818181818             8
    0.00000000000000    0.00000000000000    0.21212121212121             2
    0.03030303030303    0.00000000000000    0.21212121212121             8
    0.06060606060606    0.00000000000000    0.21212121212121             8
    0.09090909090909    0.00000000000000    0.21212121212121             8
    0.12121212121213    0.00000000000000    0.21212121212121             8
    0.15151515151515    0.00000000000000    0.21212121212121             8
    0.18181818181818    0.00000000000000    0.21212121212121             8
    0.21212121212121    0.00000000000000    0.21212121212121             8
    0.24242424242424    0.00000000000000    0.21212121212121             8
    0.27272727272727    0.00000000000000    0.21212121212121             8
    0.30303030303031    0.00000000000000    0.21212121212121             8
    0.33333333333334    0.00000000000000    0.21212121212121             8
    0.36363636363637    0.00000000000000    0.21212121212121             8
    0.39393939393939    0.00000000000000    0.21212121212121             8
    0.42424242424242    0.00000000000000    0.21212121212121             8
    0.45454545454545    0.00000000000000    0.21212121212121             8
    0.48484848484849    0.00000000000000    0.21212121212121             8
    0.03030303030303    0.03030303030303    0.21212121212121             8
    0.06060606060606    0.03030303030303    0.21212121212121            16
    0.09090909090909    0.03030303030303    0.21212121212121            16
    0.12121212121213    0.03030303030303    0.21212121212121            16
    0.15151515151515    0.03030303030303    0.21212121212121            16
    0.18181818181818    0.03030303030303    0.21212121212121            16
    0.21212121212121    0.03030303030303    0.21212121212121            16
    0.24242424242424    0.03030303030303    0.21212121212121            16
    0.27272727272727    0.03030303030303    0.21212121212121            16
    0.30303030303031    0.03030303030303    0.21212121212121            16
    0.33333333333334    0.03030303030303    0.21212121212121            16
    0.36363636363637    0.03030303030303    0.21212121212121            16
    0.39393939393939    0.03030303030303    0.21212121212121            16
    0.42424242424242    0.03030303030303    0.21212121212121            16
    0.45454545454545    0.03030303030303    0.21212121212121            16
    0.48484848484849    0.03030303030303    0.21212121212121            16
    0.06060606060606    0.06060606060606    0.21212121212121             8
    0.09090909090909    0.06060606060606    0.21212121212121            16
    0.12121212121213    0.06060606060606    0.21212121212121            16
    0.15151515151515    0.06060606060606    0.21212121212121            16
    0.18181818181818    0.06060606060606    0.21212121212121            16
    0.21212121212121    0.06060606060606    0.21212121212121            16
    0.24242424242424    0.06060606060606    0.21212121212121            16
    0.27272727272727    0.06060606060606    0.21212121212121            16
    0.30303030303031    0.06060606060606    0.21212121212121            16
    0.33333333333334    0.06060606060606    0.21212121212121            16
    0.36363636363637    0.06060606060606    0.21212121212121            16
    0.39393939393939    0.06060606060606    0.21212121212121            16
    0.42424242424242    0.06060606060606    0.21212121212121            16
    0.45454545454545    0.06060606060606    0.21212121212121            16
    0.48484848484849    0.06060606060606    0.21212121212121            16
    0.09090909090909    0.09090909090909    0.21212121212121             8
    0.12121212121213    0.09090909090909    0.21212121212121            16
    0.15151515151515    0.09090909090909    0.21212121212121            16
    0.18181818181818    0.09090909090909    0.21212121212121            16
    0.21212121212121    0.09090909090909    0.21212121212121            16
    0.24242424242424    0.09090909090909    0.21212121212121            16
    0.27272727272727    0.09090909090909    0.21212121212121            16
    0.30303030303031    0.09090909090909    0.21212121212121            16
    0.33333333333334    0.09090909090909    0.21212121212121            16
    0.36363636363637    0.09090909090909    0.21212121212121            16
    0.39393939393939    0.09090909090909    0.21212121212121            16
    0.42424242424242    0.09090909090909    0.21212121212121            16
    0.45454545454545    0.09090909090909    0.21212121212121            16
    0.48484848484849    0.09090909090909    0.21212121212121            16
    0.12121212121213    0.12121212121213    0.21212121212121             8
    0.15151515151515    0.12121212121213    0.21212121212121            16
    0.18181818181818    0.12121212121213    0.21212121212121            16
    0.21212121212121    0.12121212121213    0.21212121212121            16
    0.24242424242424    0.12121212121213    0.21212121212121            16
    0.27272727272727    0.12121212121213    0.21212121212121            16
    0.30303030303031    0.12121212121213    0.21212121212121            16
    0.33333333333334    0.12121212121213    0.21212121212121            16
    0.36363636363637    0.12121212121213    0.21212121212121            16
    0.39393939393939    0.12121212121213    0.21212121212121            16
    0.42424242424242    0.12121212121213    0.21212121212121            16
    0.45454545454545    0.12121212121213    0.21212121212121            16
    0.48484848484849    0.12121212121213    0.21212121212121            16
    0.15151515151515    0.15151515151515    0.21212121212121             8
    0.18181818181818    0.15151515151515    0.21212121212121            16
    0.21212121212121    0.15151515151515    0.21212121212121            16
    0.24242424242424    0.15151515151515    0.21212121212121            16
    0.27272727272727    0.15151515151515    0.21212121212121            16
    0.30303030303031    0.15151515151515    0.21212121212121            16
    0.33333333333334    0.15151515151515    0.21212121212121            16
    0.36363636363637    0.15151515151515    0.21212121212121            16
    0.39393939393939    0.15151515151515    0.21212121212121            16
    0.42424242424242    0.15151515151515    0.21212121212121            16
    0.45454545454545    0.15151515151515    0.21212121212121            16
    0.48484848484849    0.15151515151515    0.21212121212121            16
    0.18181818181818    0.18181818181818    0.21212121212121             8
    0.21212121212121    0.18181818181818    0.21212121212121            16
    0.24242424242424    0.18181818181818    0.21212121212121            16
    0.27272727272727    0.18181818181818    0.21212121212121            16
    0.30303030303031    0.18181818181818    0.21212121212121            16
    0.33333333333334    0.18181818181818    0.21212121212121            16
    0.36363636363637    0.18181818181818    0.21212121212121            16
    0.39393939393939    0.18181818181818    0.21212121212121            16
    0.42424242424242    0.18181818181818    0.21212121212121            16
    0.45454545454545    0.18181818181818    0.21212121212121            16
    0.48484848484849    0.18181818181818    0.21212121212121            16
    0.21212121212121    0.21212121212121    0.21212121212121             8
    0.24242424242424    0.21212121212121    0.21212121212121            16
    0.27272727272727    0.21212121212121    0.21212121212121            16
    0.30303030303031    0.21212121212121    0.21212121212121            16
    0.33333333333334    0.21212121212121    0.21212121212121            16
    0.36363636363637    0.21212121212121    0.21212121212121            16
    0.39393939393939    0.21212121212121    0.21212121212121            16
    0.42424242424242    0.21212121212121    0.21212121212121            16
    0.45454545454545    0.21212121212121    0.21212121212121            16
    0.48484848484849    0.21212121212121    0.21212121212121            16
    0.24242424242424    0.24242424242424    0.21212121212121             8
    0.27272727272727    0.24242424242424    0.21212121212121            16
    0.30303030303031    0.24242424242424    0.21212121212121            16
    0.33333333333334    0.24242424242424    0.21212121212121            16
    0.36363636363637    0.24242424242424    0.21212121212121            16
    0.39393939393939    0.24242424242424    0.21212121212121            16
    0.42424242424242    0.24242424242424    0.21212121212121            16
    0.45454545454545    0.24242424242424    0.21212121212121            16
    0.48484848484849    0.24242424242424    0.21212121212121            16
    0.27272727272727    0.27272727272727    0.21212121212121             8
    0.30303030303031    0.27272727272727    0.21212121212121            16
    0.33333333333334    0.27272727272727    0.21212121212121            16
    0.36363636363637    0.27272727272727    0.21212121212121            16
    0.39393939393939    0.27272727272727    0.21212121212121            16
    0.42424242424242    0.27272727272727    0.21212121212121            16
    0.45454545454545    0.27272727272727    0.21212121212121            16
    0.48484848484849    0.27272727272727    0.21212121212121            16
    0.30303030303031    0.30303030303031    0.21212121212121             8
    0.33333333333334    0.30303030303031    0.21212121212121            16
    0.36363636363637    0.30303030303031    0.21212121212121            16
    0.39393939393939    0.30303030303031    0.21212121212121            16
    0.42424242424242    0.30303030303031    0.21212121212121            16
    0.45454545454545    0.30303030303031    0.21212121212121            16
    0.48484848484849    0.30303030303031    0.21212121212121            16
    0.33333333333334    0.33333333333334    0.21212121212121             8
    0.36363636363637    0.33333333333334    0.21212121212121            16
    0.39393939393939    0.33333333333334    0.21212121212121            16
    0.42424242424242    0.33333333333334    0.21212121212121            16
    0.45454545454545    0.33333333333334    0.21212121212121            16
    0.48484848484849    0.33333333333334    0.21212121212121            16
    0.36363636363637    0.36363636363637    0.21212121212121             8
    0.39393939393939    0.36363636363637    0.21212121212121            16
    0.42424242424242    0.36363636363637    0.21212121212121            16
    0.45454545454545    0.36363636363637    0.21212121212121            16
    0.48484848484849    0.36363636363637    0.21212121212121            16
    0.39393939393939    0.39393939393939    0.21212121212121             8
    0.42424242424242    0.39393939393939    0.21212121212121            16
    0.45454545454545    0.39393939393939    0.21212121212121            16
    0.48484848484849    0.39393939393939    0.21212121212121            16
    0.42424242424242    0.42424242424242    0.21212121212121             8
    0.45454545454545    0.42424242424242    0.21212121212121            16
    0.48484848484849    0.42424242424242    0.21212121212121            16
    0.45454545454545    0.45454545454545    0.21212121212121             8
    0.48484848484849    0.45454545454545    0.21212121212121            16
    0.48484848484849    0.48484848484849    0.21212121212121             8
    0.00000000000000    0.00000000000000    0.24242424242424             2
    0.03030303030303    0.00000000000000    0.24242424242424             8
    0.06060606060606    0.00000000000000    0.24242424242424             8
    0.09090909090909    0.00000000000000    0.24242424242424             8
    0.12121212121213    0.00000000000000    0.24242424242424             8
    0.15151515151515    0.00000000000000    0.24242424242424             8
    0.18181818181818    0.00000000000000    0.24242424242424             8
    0.21212121212121    0.00000000000000    0.24242424242424             8
    0.24242424242424    0.00000000000000    0.24242424242424             8
    0.27272727272727    0.00000000000000    0.24242424242424             8
    0.30303030303031    0.00000000000000    0.24242424242424             8
    0.33333333333334    0.00000000000000    0.24242424242424             8
    0.36363636363637    0.00000000000000    0.24242424242424             8
    0.39393939393939    0.00000000000000    0.24242424242424             8
    0.42424242424242    0.00000000000000    0.24242424242424             8
    0.45454545454545    0.00000000000000    0.24242424242424             8
    0.48484848484849    0.00000000000000    0.24242424242424             8
    0.03030303030303    0.03030303030303    0.24242424242424             8
    0.06060606060606    0.03030303030303    0.24242424242424            16
    0.09090909090909    0.03030303030303    0.24242424242424            16
    0.12121212121213    0.03030303030303    0.24242424242424            16
    0.15151515151515    0.03030303030303    0.24242424242424            16
    0.18181818181818    0.03030303030303    0.24242424242424            16
    0.21212121212121    0.03030303030303    0.24242424242424            16
    0.24242424242424    0.03030303030303    0.24242424242424            16
    0.27272727272727    0.03030303030303    0.24242424242424            16
    0.30303030303031    0.03030303030303    0.24242424242424            16
    0.33333333333334    0.03030303030303    0.24242424242424            16
    0.36363636363637    0.03030303030303    0.24242424242424            16
    0.39393939393939    0.03030303030303    0.24242424242424            16
    0.42424242424242    0.03030303030303    0.24242424242424            16
    0.45454545454545    0.03030303030303    0.24242424242424            16
    0.48484848484849    0.03030303030303    0.24242424242424            16
    0.06060606060606    0.06060606060606    0.24242424242424             8
    0.09090909090909    0.06060606060606    0.24242424242424            16
    0.12121212121213    0.06060606060606    0.24242424242424            16
    0.15151515151515    0.06060606060606    0.24242424242424            16
    0.18181818181818    0.06060606060606    0.24242424242424            16
    0.21212121212121    0.06060606060606    0.24242424242424            16
    0.24242424242424    0.06060606060606    0.24242424242424            16
    0.27272727272727    0.06060606060606    0.24242424242424            16
    0.30303030303031    0.06060606060606    0.24242424242424            16
    0.33333333333334    0.06060606060606    0.24242424242424            16
    0.36363636363637    0.06060606060606    0.24242424242424            16
    0.39393939393939    0.06060606060606    0.24242424242424            16
    0.42424242424242    0.06060606060606    0.24242424242424            16
    0.45454545454545    0.06060606060606    0.24242424242424            16
    0.48484848484849    0.06060606060606    0.24242424242424            16
    0.09090909090909    0.09090909090909    0.24242424242424             8
    0.12121212121213    0.09090909090909    0.24242424242424            16
    0.15151515151515    0.09090909090909    0.24242424242424            16
    0.18181818181818    0.09090909090909    0.24242424242424            16
    0.21212121212121    0.09090909090909    0.24242424242424            16
    0.24242424242424    0.09090909090909    0.24242424242424            16
    0.27272727272727    0.09090909090909    0.24242424242424            16
    0.30303030303031    0.09090909090909    0.24242424242424            16
    0.33333333333334    0.09090909090909    0.24242424242424            16
    0.36363636363637    0.09090909090909    0.24242424242424            16
    0.39393939393939    0.09090909090909    0.24242424242424            16
    0.42424242424242    0.09090909090909    0.24242424242424            16
    0.45454545454545    0.09090909090909    0.24242424242424            16
    0.48484848484849    0.09090909090909    0.24242424242424            16
    0.12121212121213    0.12121212121213    0.24242424242424             8
    0.15151515151515    0.12121212121213    0.24242424242424            16
    0.18181818181818    0.12121212121213    0.24242424242424            16
    0.21212121212121    0.12121212121213    0.24242424242424            16
    0.24242424242424    0.12121212121213    0.24242424242424            16
    0.27272727272727    0.12121212121213    0.24242424242424            16
    0.30303030303031    0.12121212121213    0.24242424242424            16
    0.33333333333334    0.12121212121213    0.24242424242424            16
    0.36363636363637    0.12121212121213    0.24242424242424            16
    0.39393939393939    0.12121212121213    0.24242424242424            16
    0.42424242424242    0.12121212121213    0.24242424242424            16
    0.45454545454545    0.12121212121213    0.24242424242424            16
    0.48484848484849    0.12121212121213    0.24242424242424            16
    0.15151515151515    0.15151515151515    0.24242424242424             8
    0.18181818181818    0.15151515151515    0.24242424242424            16
    0.21212121212121    0.15151515151515    0.24242424242424            16
    0.24242424242424    0.15151515151515    0.24242424242424            16
    0.27272727272727    0.15151515151515    0.24242424242424            16
    0.30303030303031    0.15151515151515    0.24242424242424            16
    0.33333333333334    0.15151515151515    0.24242424242424            16
    0.36363636363637    0.15151515151515    0.24242424242424            16
    0.39393939393939    0.15151515151515    0.24242424242424            16
    0.42424242424242    0.15151515151515    0.24242424242424            16
    0.45454545454545    0.15151515151515    0.24242424242424            16
    0.48484848484849    0.15151515151515    0.24242424242424            16
    0.18181818181818    0.18181818181818    0.24242424242424             8
    0.21212121212121    0.18181818181818    0.24242424242424            16
    0.24242424242424    0.18181818181818    0.24242424242424            16
    0.27272727272727    0.18181818181818    0.24242424242424            16
    0.30303030303031    0.18181818181818    0.24242424242424            16
    0.33333333333334    0.18181818181818    0.24242424242424            16
    0.36363636363637    0.18181818181818    0.24242424242424            16
    0.39393939393939    0.18181818181818    0.24242424242424            16
    0.42424242424242    0.18181818181818    0.24242424242424            16
    0.45454545454545    0.18181818181818    0.24242424242424            16
    0.48484848484849    0.18181818181818    0.24242424242424            16
    0.21212121212121    0.21212121212121    0.24242424242424             8
    0.24242424242424    0.21212121212121    0.24242424242424            16
    0.27272727272727    0.21212121212121    0.24242424242424            16
    0.30303030303031    0.21212121212121    0.24242424242424            16
    0.33333333333334    0.21212121212121    0.24242424242424            16
    0.36363636363637    0.21212121212121    0.24242424242424            16
    0.39393939393939    0.21212121212121    0.24242424242424            16
    0.42424242424242    0.21212121212121    0.24242424242424            16
    0.45454545454545    0.21212121212121    0.24242424242424            16
    0.48484848484849    0.21212121212121    0.24242424242424            16
    0.24242424242424    0.24242424242424    0.24242424242424             8
    0.27272727272727    0.24242424242424    0.24242424242424            16
    0.30303030303031    0.24242424242424    0.24242424242424            16
    0.33333333333334    0.24242424242424    0.24242424242424            16
    0.36363636363637    0.24242424242424    0.24242424242424            16
    0.39393939393939    0.24242424242424    0.24242424242424            16
    0.42424242424242    0.24242424242424    0.24242424242424            16
    0.45454545454545    0.24242424242424    0.24242424242424            16
    0.48484848484849    0.24242424242424    0.24242424242424            16
    0.27272727272727    0.27272727272727    0.24242424242424             8
    0.30303030303031    0.27272727272727    0.24242424242424            16
    0.33333333333334    0.27272727272727    0.24242424242424            16
    0.36363636363637    0.27272727272727    0.24242424242424            16
    0.39393939393939    0.27272727272727    0.24242424242424            16
    0.42424242424242    0.27272727272727    0.24242424242424            16
    0.45454545454545    0.27272727272727    0.24242424242424            16
    0.48484848484849    0.27272727272727    0.24242424242424            16
    0.30303030303031    0.30303030303031    0.24242424242424             8
    0.33333333333334    0.30303030303031    0.24242424242424            16
    0.36363636363637    0.30303030303031    0.24242424242424            16
    0.39393939393939    0.30303030303031    0.24242424242424            16
    0.42424242424242    0.30303030303031    0.24242424242424            16
    0.45454545454545    0.30303030303031    0.24242424242424            16
    0.48484848484849    0.30303030303031    0.24242424242424            16
    0.33333333333334    0.33333333333334    0.24242424242424             8
    0.36363636363637    0.33333333333334    0.24242424242424            16
    0.39393939393939    0.33333333333334    0.24242424242424            16
    0.42424242424242    0.33333333333334    0.24242424242424            16
    0.45454545454545    0.33333333333334    0.24242424242424            16
    0.48484848484849    0.33333333333334    0.24242424242424            16
    0.36363636363637    0.36363636363637    0.24242424242424             8
    0.39393939393939    0.36363636363637    0.24242424242424            16
    0.42424242424242    0.36363636363637    0.24242424242424            16
    0.45454545454545    0.36363636363637    0.24242424242424            16
    0.48484848484849    0.36363636363637    0.24242424242424            16
    0.39393939393939    0.39393939393939    0.24242424242424             8
    0.42424242424242    0.39393939393939    0.24242424242424            16
    0.45454545454545    0.39393939393939    0.24242424242424            16
    0.48484848484849    0.39393939393939    0.24242424242424            16
    0.42424242424242    0.42424242424242    0.24242424242424             8
    0.45454545454545    0.42424242424242    0.24242424242424            16
    0.48484848484849    0.42424242424242    0.24242424242424            16
    0.45454545454545    0.45454545454545    0.24242424242424             8
    0.48484848484849    0.45454545454545    0.24242424242424            16
    0.48484848484849    0.48484848484849    0.24242424242424             8
    0.00000000000000    0.00000000000000    0.27272727272727             2
    0.03030303030303    0.00000000000000    0.27272727272727             8
    0.06060606060606    0.00000000000000    0.27272727272727             8
    0.09090909090909    0.00000000000000    0.27272727272727             8
    0.12121212121213    0.00000000000000    0.27272727272727             8
    0.15151515151515    0.00000000000000    0.27272727272727             8
    0.18181818181818    0.00000000000000    0.27272727272727             8
    0.21212121212121    0.00000000000000    0.27272727272727             8
    0.24242424242424    0.00000000000000    0.27272727272727             8
    0.27272727272727    0.00000000000000    0.27272727272727             8
    0.30303030303031    0.00000000000000    0.27272727272727             8
    0.33333333333334    0.00000000000000    0.27272727272727             8
    0.36363636363637    0.00000000000000    0.27272727272727             8
    0.39393939393939    0.00000000000000    0.27272727272727             8
    0.42424242424242    0.00000000000000    0.27272727272727             8
    0.45454545454545    0.00000000000000    0.27272727272727             8
    0.48484848484849    0.00000000000000    0.27272727272727             8
    0.03030303030303    0.03030303030303    0.27272727272727             8
    0.06060606060606    0.03030303030303    0.27272727272727            16
    0.09090909090909    0.03030303030303    0.27272727272727            16
    0.12121212121213    0.03030303030303    0.27272727272727            16
    0.15151515151515    0.03030303030303    0.27272727272727            16
    0.18181818181818    0.03030303030303    0.27272727272727            16
    0.21212121212121    0.03030303030303    0.27272727272727            16
    0.24242424242424    0.03030303030303    0.27272727272727            16
    0.27272727272727    0.03030303030303    0.27272727272727            16
    0.30303030303031    0.03030303030303    0.27272727272727            16
    0.33333333333334    0.03030303030303    0.27272727272727            16
    0.36363636363637    0.03030303030303    0.27272727272727            16
    0.39393939393939    0.03030303030303    0.27272727272727            16
    0.42424242424242    0.03030303030303    0.27272727272727            16
    0.45454545454545    0.03030303030303    0.27272727272727            16
    0.48484848484849    0.03030303030303    0.27272727272727            16
    0.06060606060606    0.06060606060606    0.27272727272727             8
    0.09090909090909    0.06060606060606    0.27272727272727            16
    0.12121212121213    0.06060606060606    0.27272727272727            16
    0.15151515151515    0.06060606060606    0.27272727272727            16
    0.18181818181818    0.06060606060606    0.27272727272727            16
    0.21212121212121    0.06060606060606    0.27272727272727            16
    0.24242424242424    0.06060606060606    0.27272727272727            16
    0.27272727272727    0.06060606060606    0.27272727272727            16
    0.30303030303031    0.06060606060606    0.27272727272727            16
    0.33333333333334    0.06060606060606    0.27272727272727            16
    0.36363636363637    0.06060606060606    0.27272727272727            16
    0.39393939393939    0.06060606060606    0.27272727272727            16
    0.42424242424242    0.06060606060606    0.27272727272727            16
    0.45454545454545    0.06060606060606    0.27272727272727            16
    0.48484848484849    0.06060606060606    0.27272727272727            16
    0.09090909090909    0.09090909090909    0.27272727272727             8
    0.12121212121213    0.09090909090909    0.27272727272727            16
    0.15151515151515    0.09090909090909    0.27272727272727            16
    0.18181818181818    0.09090909090909    0.27272727272727            16
    0.21212121212121    0.09090909090909    0.27272727272727            16
    0.24242424242424    0.09090909090909    0.27272727272727            16
    0.27272727272727    0.09090909090909    0.27272727272727            16
    0.30303030303031    0.09090909090909    0.27272727272727            16
    0.33333333333334    0.09090909090909    0.27272727272727            16
    0.36363636363637    0.09090909090909    0.27272727272727            16
    0.39393939393939    0.09090909090909    0.27272727272727            16
    0.42424242424242    0.09090909090909    0.27272727272727            16
    0.45454545454545    0.09090909090909    0.27272727272727            16
    0.48484848484849    0.09090909090909    0.27272727272727            16
    0.12121212121213    0.12121212121213    0.27272727272727             8
    0.15151515151515    0.12121212121213    0.27272727272727            16
    0.18181818181818    0.12121212121213    0.27272727272727            16
    0.21212121212121    0.12121212121213    0.27272727272727            16
    0.24242424242424    0.12121212121213    0.27272727272727            16
    0.27272727272727    0.12121212121213    0.27272727272727            16
    0.30303030303031    0.12121212121213    0.27272727272727            16
    0.33333333333334    0.12121212121213    0.27272727272727            16
    0.36363636363637    0.12121212121213    0.27272727272727            16
    0.39393939393939    0.12121212121213    0.27272727272727            16
    0.42424242424242    0.12121212121213    0.27272727272727            16
    0.45454545454545    0.12121212121213    0.27272727272727            16
    0.48484848484849    0.12121212121213    0.27272727272727            16
    0.15151515151515    0.15151515151515    0.27272727272727             8
    0.18181818181818    0.15151515151515    0.27272727272727            16
    0.21212121212121    0.15151515151515    0.27272727272727            16
    0.24242424242424    0.15151515151515    0.27272727272727            16
    0.27272727272727    0.15151515151515    0.27272727272727            16
    0.30303030303031    0.15151515151515    0.27272727272727            16
    0.33333333333334    0.15151515151515    0.27272727272727            16
    0.36363636363637    0.15151515151515    0.27272727272727            16
    0.39393939393939    0.15151515151515    0.27272727272727            16
    0.42424242424242    0.15151515151515    0.27272727272727            16
    0.45454545454545    0.15151515151515    0.27272727272727            16
    0.48484848484849    0.15151515151515    0.27272727272727            16
    0.18181818181818    0.18181818181818    0.27272727272727             8
    0.21212121212121    0.18181818181818    0.27272727272727            16
    0.24242424242424    0.18181818181818    0.27272727272727            16
    0.27272727272727    0.18181818181818    0.27272727272727            16
    0.30303030303031    0.18181818181818    0.27272727272727            16
    0.33333333333334    0.18181818181818    0.27272727272727            16
    0.36363636363637    0.18181818181818    0.27272727272727            16
    0.39393939393939    0.18181818181818    0.27272727272727            16
    0.42424242424242    0.18181818181818    0.27272727272727            16
    0.45454545454545    0.18181818181818    0.27272727272727            16
    0.48484848484849    0.18181818181818    0.27272727272727            16
    0.21212121212121    0.21212121212121    0.27272727272727             8
    0.24242424242424    0.21212121212121    0.27272727272727            16
    0.27272727272727    0.21212121212121    0.27272727272727            16
    0.30303030303031    0.21212121212121    0.27272727272727            16
    0.33333333333334    0.21212121212121    0.27272727272727            16
    0.36363636363637    0.21212121212121    0.27272727272727            16
    0.39393939393939    0.21212121212121    0.27272727272727            16
    0.42424242424242    0.21212121212121    0.27272727272727            16
    0.45454545454545    0.21212121212121    0.27272727272727            16
    0.48484848484849    0.21212121212121    0.27272727272727            16
    0.24242424242424    0.24242424242424    0.27272727272727             8
    0.27272727272727    0.24242424242424    0.27272727272727            16
    0.30303030303031    0.24242424242424    0.27272727272727            16
    0.33333333333334    0.24242424242424    0.27272727272727            16
    0.36363636363637    0.24242424242424    0.27272727272727            16
    0.39393939393939    0.24242424242424    0.27272727272727            16
    0.42424242424242    0.24242424242424    0.27272727272727            16
    0.45454545454545    0.24242424242424    0.27272727272727            16
    0.48484848484849    0.24242424242424    0.27272727272727            16
    0.27272727272727    0.27272727272727    0.27272727272727             8
    0.30303030303031    0.27272727272727    0.27272727272727            16
    0.33333333333334    0.27272727272727    0.27272727272727            16
    0.36363636363637    0.27272727272727    0.27272727272727            16
    0.39393939393939    0.27272727272727    0.27272727272727            16
    0.42424242424242    0.27272727272727    0.27272727272727            16
    0.45454545454545    0.27272727272727    0.27272727272727            16
    0.48484848484849    0.27272727272727    0.27272727272727            16
    0.30303030303031    0.30303030303031    0.27272727272727             8
    0.33333333333334    0.30303030303031    0.27272727272727            16
    0.36363636363637    0.30303030303031    0.27272727272727            16
    0.39393939393939    0.30303030303031    0.27272727272727            16
    0.42424242424242    0.30303030303031    0.27272727272727            16
    0.45454545454545    0.30303030303031    0.27272727272727            16
    0.48484848484849    0.30303030303031    0.27272727272727            16
    0.33333333333334    0.33333333333334    0.27272727272727             8
    0.36363636363637    0.33333333333334    0.27272727272727            16
    0.39393939393939    0.33333333333334    0.27272727272727            16
    0.42424242424242    0.33333333333334    0.27272727272727            16
    0.45454545454545    0.33333333333334    0.27272727272727            16
    0.48484848484849    0.33333333333334    0.27272727272727            16
    0.36363636363637    0.36363636363637    0.27272727272727             8
    0.39393939393939    0.36363636363637    0.27272727272727            16
    0.42424242424242    0.36363636363637    0.27272727272727            16
    0.45454545454545    0.36363636363637    0.27272727272727            16
    0.48484848484849    0.36363636363637    0.27272727272727            16
    0.39393939393939    0.39393939393939    0.27272727272727             8
    0.42424242424242    0.39393939393939    0.27272727272727            16
    0.45454545454545    0.39393939393939    0.27272727272727            16
    0.48484848484849    0.39393939393939    0.27272727272727            16
    0.42424242424242    0.42424242424242    0.27272727272727             8
    0.45454545454545    0.42424242424242    0.27272727272727            16
    0.48484848484849    0.42424242424242    0.27272727272727            16
    0.45454545454545    0.45454545454545    0.27272727272727             8
    0.48484848484849    0.45454545454545    0.27272727272727            16
    0.48484848484849    0.48484848484849    0.27272727272727             8
    0.00000000000000    0.00000000000000    0.30303030303031             2
    0.03030303030303    0.00000000000000    0.30303030303031             8
    0.06060606060606    0.00000000000000    0.30303030303031             8
    0.09090909090909    0.00000000000000    0.30303030303031             8
    0.12121212121213    0.00000000000000    0.30303030303031             8
    0.15151515151515    0.00000000000000    0.30303030303031             8
    0.18181818181818    0.00000000000000    0.30303030303031             8
    0.21212121212121    0.00000000000000    0.30303030303031             8
    0.24242424242424    0.00000000000000    0.30303030303031             8
    0.27272727272727    0.00000000000000    0.30303030303031             8
    0.30303030303031    0.00000000000000    0.30303030303031             8
    0.33333333333334    0.00000000000000    0.30303030303031             8
    0.36363636363637    0.00000000000000    0.30303030303031             8
    0.39393939393939    0.00000000000000    0.30303030303031             8
    0.42424242424242    0.00000000000000    0.30303030303031             8
    0.45454545454545    0.00000000000000    0.30303030303031             8
    0.48484848484849    0.00000000000000    0.30303030303031             8
    0.03030303030303    0.03030303030303    0.30303030303031             8
    0.06060606060606    0.03030303030303    0.30303030303031            16
    0.09090909090909    0.03030303030303    0.30303030303031            16
    0.12121212121213    0.03030303030303    0.30303030303031            16
    0.15151515151515    0.03030303030303    0.30303030303031            16
    0.18181818181818    0.03030303030303    0.30303030303031            16
    0.21212121212121    0.03030303030303    0.30303030303031            16
    0.24242424242424    0.03030303030303    0.30303030303031            16
    0.27272727272727    0.03030303030303    0.30303030303031            16
    0.30303030303031    0.03030303030303    0.30303030303031            16
    0.33333333333334    0.03030303030303    0.30303030303031            16
    0.36363636363637    0.03030303030303    0.30303030303031            16
    0.39393939393939    0.03030303030303    0.30303030303031            16
    0.42424242424242    0.03030303030303    0.30303030303031            16
    0.45454545454545    0.03030303030303    0.30303030303031            16
    0.48484848484849    0.03030303030303    0.30303030303031            16
    0.06060606060606    0.06060606060606    0.30303030303031             8
    0.09090909090909    0.06060606060606    0.30303030303031            16
    0.12121212121213    0.06060606060606    0.30303030303031            16
    0.15151515151515    0.06060606060606    0.30303030303031            16
    0.18181818181818    0.06060606060606    0.30303030303031            16
    0.21212121212121    0.06060606060606    0.30303030303031            16
    0.24242424242424    0.06060606060606    0.30303030303031            16
    0.27272727272727    0.06060606060606    0.30303030303031            16
    0.30303030303031    0.06060606060606    0.30303030303031            16
    0.33333333333334    0.06060606060606    0.30303030303031            16
    0.36363636363637    0.06060606060606    0.30303030303031            16
    0.39393939393939    0.06060606060606    0.30303030303031            16
    0.42424242424242    0.06060606060606    0.30303030303031            16
    0.45454545454545    0.06060606060606    0.30303030303031            16
    0.48484848484849    0.06060606060606    0.30303030303031            16
    0.09090909090909    0.09090909090909    0.30303030303031             8
    0.12121212121213    0.09090909090909    0.30303030303031            16
    0.15151515151515    0.09090909090909    0.30303030303031            16
    0.18181818181818    0.09090909090909    0.30303030303031            16
    0.21212121212121    0.09090909090909    0.30303030303031            16
    0.24242424242424    0.09090909090909    0.30303030303031            16
    0.27272727272727    0.09090909090909    0.30303030303031            16
    0.30303030303031    0.09090909090909    0.30303030303031            16
    0.33333333333334    0.09090909090909    0.30303030303031            16
    0.36363636363637    0.09090909090909    0.30303030303031            16
    0.39393939393939    0.09090909090909    0.30303030303031            16
    0.42424242424242    0.09090909090909    0.30303030303031            16
    0.45454545454545    0.09090909090909    0.30303030303031            16
    0.48484848484849    0.09090909090909    0.30303030303031            16
    0.12121212121213    0.12121212121213    0.30303030303031             8
    0.15151515151515    0.12121212121213    0.30303030303031            16
    0.18181818181818    0.12121212121213    0.30303030303031            16
    0.21212121212121    0.12121212121213    0.30303030303031            16
    0.24242424242424    0.12121212121213    0.30303030303031            16
    0.27272727272727    0.12121212121213    0.30303030303031            16
    0.30303030303031    0.12121212121213    0.30303030303031            16
    0.33333333333334    0.12121212121213    0.30303030303031            16
    0.36363636363637    0.12121212121213    0.30303030303031            16
    0.39393939393939    0.12121212121213    0.30303030303031            16
    0.42424242424242    0.12121212121213    0.30303030303031            16
    0.45454545454545    0.12121212121213    0.30303030303031            16
    0.48484848484849    0.12121212121213    0.30303030303031            16
    0.15151515151515    0.15151515151515    0.30303030303031             8
    0.18181818181818    0.15151515151515    0.30303030303031            16
    0.21212121212121    0.15151515151515    0.30303030303031            16
    0.24242424242424    0.15151515151515    0.30303030303031            16
    0.27272727272727    0.15151515151515    0.30303030303031            16
    0.30303030303031    0.15151515151515    0.30303030303031            16
    0.33333333333334    0.15151515151515    0.30303030303031            16
    0.36363636363637    0.15151515151515    0.30303030303031            16
    0.39393939393939    0.15151515151515    0.30303030303031            16
    0.42424242424242    0.15151515151515    0.30303030303031            16
    0.45454545454545    0.15151515151515    0.30303030303031            16
    0.48484848484849    0.15151515151515    0.30303030303031            16
    0.18181818181818    0.18181818181818    0.30303030303031             8
    0.21212121212121    0.18181818181818    0.30303030303031            16
    0.24242424242424    0.18181818181818    0.30303030303031            16
    0.27272727272727    0.18181818181818    0.30303030303031            16
    0.30303030303031    0.18181818181818    0.30303030303031            16
    0.33333333333334    0.18181818181818    0.30303030303031            16
    0.36363636363637    0.18181818181818    0.30303030303031            16
    0.39393939393939    0.18181818181818    0.30303030303031            16
    0.42424242424242    0.18181818181818    0.30303030303031            16
    0.45454545454545    0.18181818181818    0.30303030303031            16
    0.48484848484849    0.18181818181818    0.30303030303031            16
    0.21212121212121    0.21212121212121    0.30303030303031             8
    0.24242424242424    0.21212121212121    0.30303030303031            16
    0.27272727272727    0.21212121212121    0.30303030303031            16
    0.30303030303031    0.21212121212121    0.30303030303031            16
    0.33333333333334    0.21212121212121    0.30303030303031            16
    0.36363636363637    0.21212121212121    0.30303030303031            16
    0.39393939393939    0.21212121212121    0.30303030303031            16
    0.42424242424242    0.21212121212121    0.30303030303031            16
    0.45454545454545    0.21212121212121    0.30303030303031            16
    0.48484848484849    0.21212121212121    0.30303030303031            16
    0.24242424242424    0.24242424242424    0.30303030303031             8
    0.27272727272727    0.24242424242424    0.30303030303031            16
    0.30303030303031    0.24242424242424    0.30303030303031            16
    0.33333333333334    0.24242424242424    0.30303030303031            16
    0.36363636363637    0.24242424242424    0.30303030303031            16
    0.39393939393939    0.24242424242424    0.30303030303031            16
    0.42424242424242    0.24242424242424    0.30303030303031            16
    0.45454545454545    0.24242424242424    0.30303030303031            16
    0.48484848484849    0.24242424242424    0.30303030303031            16
    0.27272727272727    0.27272727272727    0.30303030303031             8
    0.30303030303031    0.27272727272727    0.30303030303031            16
    0.33333333333334    0.27272727272727    0.30303030303031            16
    0.36363636363637    0.27272727272727    0.30303030303031            16
    0.39393939393939    0.27272727272727    0.30303030303031            16
    0.42424242424242    0.27272727272727    0.30303030303031            16
    0.45454545454545    0.27272727272727    0.30303030303031            16
    0.48484848484849    0.27272727272727    0.30303030303031            16
    0.30303030303031    0.30303030303031    0.30303030303031             8
    0.33333333333334    0.30303030303031    0.30303030303031            16
    0.36363636363637    0.30303030303031    0.30303030303031            16
    0.39393939393939    0.30303030303031    0.30303030303031            16
    0.42424242424242    0.30303030303031    0.30303030303031            16
    0.45454545454545    0.30303030303031    0.30303030303031            16
    0.48484848484849    0.30303030303031    0.30303030303031            16
    0.33333333333334    0.33333333333334    0.30303030303031             8
    0.36363636363637    0.33333333333334    0.30303030303031            16
    0.39393939393939    0.33333333333334    0.30303030303031            16
    0.42424242424242    0.33333333333334    0.30303030303031            16
    0.45454545454545    0.33333333333334    0.30303030303031            16
    0.48484848484849    0.33333333333334    0.30303030303031            16
    0.36363636363637    0.36363636363637    0.30303030303031             8
    0.39393939393939    0.36363636363637    0.30303030303031            16
    0.42424242424242    0.36363636363637    0.30303030303031            16
    0.45454545454545    0.36363636363637    0.30303030303031            16
    0.48484848484849    0.36363636363637    0.30303030303031            16
    0.39393939393939    0.39393939393939    0.30303030303031             8
    0.42424242424242    0.39393939393939    0.30303030303031            16
    0.45454545454545    0.39393939393939    0.30303030303031            16
    0.48484848484849    0.39393939393939    0.30303030303031            16
    0.42424242424242    0.42424242424242    0.30303030303031             8
    0.45454545454545    0.42424242424242    0.30303030303031            16
    0.48484848484849    0.42424242424242    0.30303030303031            16
    0.45454545454545    0.45454545454545    0.30303030303031             8
    0.48484848484849    0.45454545454545    0.30303030303031            16
    0.48484848484849    0.48484848484849    0.30303030303031             8
    0.00000000000000    0.00000000000000    0.33333333333334             2
    0.03030303030303    0.00000000000000    0.33333333333334             8
    0.06060606060606    0.00000000000000    0.33333333333334             8
    0.09090909090909    0.00000000000000    0.33333333333334             8
    0.12121212121213    0.00000000000000    0.33333333333334             8
    0.15151515151515    0.00000000000000    0.33333333333334             8
    0.18181818181818    0.00000000000000    0.33333333333334             8
    0.21212121212121    0.00000000000000    0.33333333333334             8
    0.24242424242424    0.00000000000000    0.33333333333334             8
    0.27272727272727    0.00000000000000    0.33333333333334             8
    0.30303030303031    0.00000000000000    0.33333333333334             8
    0.33333333333334    0.00000000000000    0.33333333333334             8
    0.36363636363637    0.00000000000000    0.33333333333334             8
    0.39393939393939    0.00000000000000    0.33333333333334             8
    0.42424242424242    0.00000000000000    0.33333333333334             8
    0.45454545454545    0.00000000000000    0.33333333333334             8
    0.48484848484849    0.00000000000000    0.33333333333334             8
    0.03030303030303    0.03030303030303    0.33333333333334             8
    0.06060606060606    0.03030303030303    0.33333333333334            16
    0.09090909090909    0.03030303030303    0.33333333333334            16
    0.12121212121213    0.03030303030303    0.33333333333334            16
    0.15151515151515    0.03030303030303    0.33333333333334            16
    0.18181818181818    0.03030303030303    0.33333333333334            16
    0.21212121212121    0.03030303030303    0.33333333333334            16
    0.24242424242424    0.03030303030303    0.33333333333334            16
    0.27272727272727    0.03030303030303    0.33333333333334            16
    0.30303030303031    0.03030303030303    0.33333333333334            16
    0.33333333333334    0.03030303030303    0.33333333333334            16
    0.36363636363637    0.03030303030303    0.33333333333334            16
    0.39393939393939    0.03030303030303    0.33333333333334            16
    0.42424242424242    0.03030303030303    0.33333333333334            16
    0.45454545454545    0.03030303030303    0.33333333333334            16
    0.48484848484849    0.03030303030303    0.33333333333334            16
    0.06060606060606    0.06060606060606    0.33333333333334             8
    0.09090909090909    0.06060606060606    0.33333333333334            16
    0.12121212121213    0.06060606060606    0.33333333333334            16
    0.15151515151515    0.06060606060606    0.33333333333334            16
    0.18181818181818    0.06060606060606    0.33333333333334            16
    0.21212121212121    0.06060606060606    0.33333333333334            16
    0.24242424242424    0.06060606060606    0.33333333333334            16
    0.27272727272727    0.06060606060606    0.33333333333334            16
    0.30303030303031    0.06060606060606    0.33333333333334            16
    0.33333333333334    0.06060606060606    0.33333333333334            16
    0.36363636363637    0.06060606060606    0.33333333333334            16
    0.39393939393939    0.06060606060606    0.33333333333334            16
    0.42424242424242    0.06060606060606    0.33333333333334            16
    0.45454545454545    0.06060606060606    0.33333333333334            16
    0.48484848484849    0.06060606060606    0.33333333333334            16
    0.09090909090909    0.09090909090909    0.33333333333334             8
    0.12121212121213    0.09090909090909    0.33333333333334            16
    0.15151515151515    0.09090909090909    0.33333333333334            16
    0.18181818181818    0.09090909090909    0.33333333333334            16
    0.21212121212121    0.09090909090909    0.33333333333334            16
    0.24242424242424    0.09090909090909    0.33333333333334            16
    0.27272727272727    0.09090909090909    0.33333333333334            16
    0.30303030303031    0.09090909090909    0.33333333333334            16
    0.33333333333334    0.09090909090909    0.33333333333334            16
    0.36363636363637    0.09090909090909    0.33333333333334            16
    0.39393939393939    0.09090909090909    0.33333333333334            16
    0.42424242424242    0.09090909090909    0.33333333333334            16
    0.45454545454545    0.09090909090909    0.33333333333334            16
    0.48484848484849    0.09090909090909    0.33333333333334            16
    0.12121212121213    0.12121212121213    0.33333333333334             8
    0.15151515151515    0.12121212121213    0.33333333333334            16
    0.18181818181818    0.12121212121213    0.33333333333334            16
    0.21212121212121    0.12121212121213    0.33333333333334            16
    0.24242424242424    0.12121212121213    0.33333333333334            16
    0.27272727272727    0.12121212121213    0.33333333333334            16
    0.30303030303031    0.12121212121213    0.33333333333334            16
    0.33333333333334    0.12121212121213    0.33333333333334            16
    0.36363636363637    0.12121212121213    0.33333333333334            16
    0.39393939393939    0.12121212121213    0.33333333333334            16
    0.42424242424242    0.12121212121213    0.33333333333334            16
    0.45454545454545    0.12121212121213    0.33333333333334            16
    0.48484848484849    0.12121212121213    0.33333333333334            16
    0.15151515151515    0.15151515151515    0.33333333333334             8
    0.18181818181818    0.15151515151515    0.33333333333334            16
    0.21212121212121    0.15151515151515    0.33333333333334            16
    0.24242424242424    0.15151515151515    0.33333333333334            16
    0.27272727272727    0.15151515151515    0.33333333333334            16
    0.30303030303031    0.15151515151515    0.33333333333334            16
    0.33333333333334    0.15151515151515    0.33333333333334            16
    0.36363636363637    0.15151515151515    0.33333333333334            16
    0.39393939393939    0.15151515151515    0.33333333333334            16
    0.42424242424242    0.15151515151515    0.33333333333334            16
    0.45454545454545    0.15151515151515    0.33333333333334            16
    0.48484848484849    0.15151515151515    0.33333333333334            16
    0.18181818181818    0.18181818181818    0.33333333333334             8
    0.21212121212121    0.18181818181818    0.33333333333334            16
    0.24242424242424    0.18181818181818    0.33333333333334            16
    0.27272727272727    0.18181818181818    0.33333333333334            16
    0.30303030303031    0.18181818181818    0.33333333333334            16
    0.33333333333334    0.18181818181818    0.33333333333334            16
    0.36363636363637    0.18181818181818    0.33333333333334            16
    0.39393939393939    0.18181818181818    0.33333333333334            16
    0.42424242424242    0.18181818181818    0.33333333333334            16
    0.45454545454545    0.18181818181818    0.33333333333334            16
    0.48484848484849    0.18181818181818    0.33333333333334            16
    0.21212121212121    0.21212121212121    0.33333333333334             8
    0.24242424242424    0.21212121212121    0.33333333333334            16
    0.27272727272727    0.21212121212121    0.33333333333334            16
    0.30303030303031    0.21212121212121    0.33333333333334            16
    0.33333333333334    0.21212121212121    0.33333333333334            16
    0.36363636363637    0.21212121212121    0.33333333333334            16
    0.39393939393939    0.21212121212121    0.33333333333334            16
    0.42424242424242    0.21212121212121    0.33333333333334            16
    0.45454545454545    0.21212121212121    0.33333333333334            16
    0.48484848484849    0.21212121212121    0.33333333333334            16
    0.24242424242424    0.24242424242424    0.33333333333334             8
    0.27272727272727    0.24242424242424    0.33333333333334            16
    0.30303030303031    0.24242424242424    0.33333333333334            16
    0.33333333333334    0.24242424242424    0.33333333333334            16
    0.36363636363637    0.24242424242424    0.33333333333334            16
    0.39393939393939    0.24242424242424    0.33333333333334            16
    0.42424242424242    0.24242424242424    0.33333333333334            16
    0.45454545454545    0.24242424242424    0.33333333333334            16
    0.48484848484849    0.24242424242424    0.33333333333334            16
    0.27272727272727    0.27272727272727    0.33333333333334             8
    0.30303030303031    0.27272727272727    0.33333333333334            16
    0.33333333333334    0.27272727272727    0.33333333333334            16
    0.36363636363637    0.27272727272727    0.33333333333334            16
    0.39393939393939    0.27272727272727    0.33333333333334            16
    0.42424242424242    0.27272727272727    0.33333333333334            16
    0.45454545454545    0.27272727272727    0.33333333333334            16
    0.48484848484849    0.27272727272727    0.33333333333334            16
    0.30303030303031    0.30303030303031    0.33333333333334             8
    0.33333333333334    0.30303030303031    0.33333333333334            16
    0.36363636363637    0.30303030303031    0.33333333333334            16
    0.39393939393939    0.30303030303031    0.33333333333334            16
    0.42424242424242    0.30303030303031    0.33333333333334            16
    0.45454545454545    0.30303030303031    0.33333333333334            16
    0.48484848484849    0.30303030303031    0.33333333333334            16
    0.33333333333334    0.33333333333334    0.33333333333334             8
    0.36363636363637    0.33333333333334    0.33333333333334            16
    0.39393939393939    0.33333333333334    0.33333333333334            16
    0.42424242424242    0.33333333333334    0.33333333333334            16
    0.45454545454545    0.33333333333334    0.33333333333334            16
    0.48484848484849    0.33333333333334    0.33333333333334            16
    0.36363636363637    0.36363636363637    0.33333333333334             8
    0.39393939393939    0.36363636363637    0.33333333333334            16
    0.42424242424242    0.36363636363637    0.33333333333334            16
    0.45454545454545    0.36363636363637    0.33333333333334            16
    0.48484848484849    0.36363636363637    0.33333333333334            16
    0.39393939393939    0.39393939393939    0.33333333333334             8
    0.42424242424242    0.39393939393939    0.33333333333334            16
    0.45454545454545    0.39393939393939    0.33333333333334            16
    0.48484848484849    0.39393939393939    0.33333333333334            16
    0.42424242424242    0.42424242424242    0.33333333333334             8
    0.45454545454545    0.42424242424242    0.33333333333334            16
    0.48484848484849    0.42424242424242    0.33333333333334            16
    0.45454545454545    0.45454545454545    0.33333333333334             8
    0.48484848484849    0.45454545454545    0.33333333333334            16
    0.48484848484849    0.48484848484849    0.33333333333334             8
    0.00000000000000    0.00000000000000    0.36363636363637             2
    0.03030303030303    0.00000000000000    0.36363636363637             8
    0.06060606060606    0.00000000000000    0.36363636363637             8
    0.09090909090909    0.00000000000000    0.36363636363637             8
    0.12121212121213    0.00000000000000    0.36363636363637             8
    0.15151515151515    0.00000000000000    0.36363636363637             8
    0.18181818181818    0.00000000000000    0.36363636363637             8
    0.21212121212121    0.00000000000000    0.36363636363637             8
    0.24242424242424    0.00000000000000    0.36363636363637             8
    0.27272727272727    0.00000000000000    0.36363636363637             8
    0.30303030303031    0.00000000000000    0.36363636363637             8
    0.33333333333334    0.00000000000000    0.36363636363637             8
    0.36363636363637    0.00000000000000    0.36363636363637             8
    0.39393939393939    0.00000000000000    0.36363636363637             8
    0.42424242424242    0.00000000000000    0.36363636363637             8
    0.45454545454545    0.00000000000000    0.36363636363637             8
    0.48484848484849    0.00000000000000    0.36363636363637             8
    0.03030303030303    0.03030303030303    0.36363636363637             8
    0.06060606060606    0.03030303030303    0.36363636363637            16
    0.09090909090909    0.03030303030303    0.36363636363637            16
    0.12121212121213    0.03030303030303    0.36363636363637            16
    0.15151515151515    0.03030303030303    0.36363636363637            16
    0.18181818181818    0.03030303030303    0.36363636363637            16
    0.21212121212121    0.03030303030303    0.36363636363637            16
    0.24242424242424    0.03030303030303    0.36363636363637            16
    0.27272727272727    0.03030303030303    0.36363636363637            16
    0.30303030303031    0.03030303030303    0.36363636363637            16
    0.33333333333334    0.03030303030303    0.36363636363637            16
    0.36363636363637    0.03030303030303    0.36363636363637            16
    0.39393939393939    0.03030303030303    0.36363636363637            16
    0.42424242424242    0.03030303030303    0.36363636363637            16
    0.45454545454545    0.03030303030303    0.36363636363637            16
    0.48484848484849    0.03030303030303    0.36363636363637            16
    0.06060606060606    0.06060606060606    0.36363636363637             8
    0.09090909090909    0.06060606060606    0.36363636363637            16
    0.12121212121213    0.06060606060606    0.36363636363637            16
    0.15151515151515    0.06060606060606    0.36363636363637            16
    0.18181818181818    0.06060606060606    0.36363636363637            16
    0.21212121212121    0.06060606060606    0.36363636363637            16
    0.24242424242424    0.06060606060606    0.36363636363637            16
    0.27272727272727    0.06060606060606    0.36363636363637            16
    0.30303030303031    0.06060606060606    0.36363636363637            16
    0.33333333333334    0.06060606060606    0.36363636363637            16
    0.36363636363637    0.06060606060606    0.36363636363637            16
    0.39393939393939    0.06060606060606    0.36363636363637            16
    0.42424242424242    0.06060606060606    0.36363636363637            16
    0.45454545454545    0.06060606060606    0.36363636363637            16
    0.48484848484849    0.06060606060606    0.36363636363637            16
    0.09090909090909    0.09090909090909    0.36363636363637             8
    0.12121212121213    0.09090909090909    0.36363636363637            16
    0.15151515151515    0.09090909090909    0.36363636363637            16
    0.18181818181818    0.09090909090909    0.36363636363637            16
    0.21212121212121    0.09090909090909    0.36363636363637            16
    0.24242424242424    0.09090909090909    0.36363636363637            16
    0.27272727272727    0.09090909090909    0.36363636363637            16
    0.30303030303031    0.09090909090909    0.36363636363637            16
    0.33333333333334    0.09090909090909    0.36363636363637            16
    0.36363636363637    0.09090909090909    0.36363636363637            16
    0.39393939393939    0.09090909090909    0.36363636363637            16
    0.42424242424242    0.09090909090909    0.36363636363637            16
    0.45454545454545    0.09090909090909    0.36363636363637            16
    0.48484848484849    0.09090909090909    0.36363636363637            16
    0.12121212121213    0.12121212121213    0.36363636363637             8
    0.15151515151515    0.12121212121213    0.36363636363637            16
    0.18181818181818    0.12121212121213    0.36363636363637            16
    0.21212121212121    0.12121212121213    0.36363636363637            16
    0.24242424242424    0.12121212121213    0.36363636363637            16
    0.27272727272727    0.12121212121213    0.36363636363637            16
    0.30303030303031    0.12121212121213    0.36363636363637            16
    0.33333333333334    0.12121212121213    0.36363636363637            16
    0.36363636363637    0.12121212121213    0.36363636363637            16
    0.39393939393939    0.12121212121213    0.36363636363637            16
    0.42424242424242    0.12121212121213    0.36363636363637            16
    0.45454545454545    0.12121212121213    0.36363636363637            16
    0.48484848484849    0.12121212121213    0.36363636363637            16
    0.15151515151515    0.15151515151515    0.36363636363637             8
    0.18181818181818    0.15151515151515    0.36363636363637            16
    0.21212121212121    0.15151515151515    0.36363636363637            16
    0.24242424242424    0.15151515151515    0.36363636363637            16
    0.27272727272727    0.15151515151515    0.36363636363637            16
    0.30303030303031    0.15151515151515    0.36363636363637            16
    0.33333333333334    0.15151515151515    0.36363636363637            16
    0.36363636363637    0.15151515151515    0.36363636363637            16
    0.39393939393939    0.15151515151515    0.36363636363637            16
    0.42424242424242    0.15151515151515    0.36363636363637            16
    0.45454545454545    0.15151515151515    0.36363636363637            16
    0.48484848484849    0.15151515151515    0.36363636363637            16
    0.18181818181818    0.18181818181818    0.36363636363637             8
    0.21212121212121    0.18181818181818    0.36363636363637            16
    0.24242424242424    0.18181818181818    0.36363636363637            16
    0.27272727272727    0.18181818181818    0.36363636363637            16
    0.30303030303031    0.18181818181818    0.36363636363637            16
    0.33333333333334    0.18181818181818    0.36363636363637            16
    0.36363636363637    0.18181818181818    0.36363636363637            16
    0.39393939393939    0.18181818181818    0.36363636363637            16
    0.42424242424242    0.18181818181818    0.36363636363637            16
    0.45454545454545    0.18181818181818    0.36363636363637            16
    0.48484848484849    0.18181818181818    0.36363636363637            16
    0.21212121212121    0.21212121212121    0.36363636363637             8
    0.24242424242424    0.21212121212121    0.36363636363637            16
    0.27272727272727    0.21212121212121    0.36363636363637            16
    0.30303030303031    0.21212121212121    0.36363636363637            16
    0.33333333333334    0.21212121212121    0.36363636363637            16
    0.36363636363637    0.21212121212121    0.36363636363637            16
    0.39393939393939    0.21212121212121    0.36363636363637            16
    0.42424242424242    0.21212121212121    0.36363636363637            16
    0.45454545454545    0.21212121212121    0.36363636363637            16
    0.48484848484849    0.21212121212121    0.36363636363637            16
    0.24242424242424    0.24242424242424    0.36363636363637             8
    0.27272727272727    0.24242424242424    0.36363636363637            16
    0.30303030303031    0.24242424242424    0.36363636363637            16
    0.33333333333334    0.24242424242424    0.36363636363637            16
    0.36363636363637    0.24242424242424    0.36363636363637            16
    0.39393939393939    0.24242424242424    0.36363636363637            16
    0.42424242424242    0.24242424242424    0.36363636363637            16
    0.45454545454545    0.24242424242424    0.36363636363637            16
    0.48484848484849    0.24242424242424    0.36363636363637            16
    0.27272727272727    0.27272727272727    0.36363636363637             8
    0.30303030303031    0.27272727272727    0.36363636363637            16
    0.33333333333334    0.27272727272727    0.36363636363637            16
    0.36363636363637    0.27272727272727    0.36363636363637            16
    0.39393939393939    0.27272727272727    0.36363636363637            16
    0.42424242424242    0.27272727272727    0.36363636363637            16
    0.45454545454545    0.27272727272727    0.36363636363637            16
    0.48484848484849    0.27272727272727    0.36363636363637            16
    0.30303030303031    0.30303030303031    0.36363636363637             8
    0.33333333333334    0.30303030303031    0.36363636363637            16
    0.36363636363637    0.30303030303031    0.36363636363637            16
    0.39393939393939    0.30303030303031    0.36363636363637            16
    0.42424242424242    0.30303030303031    0.36363636363637            16
    0.45454545454545    0.30303030303031    0.36363636363637            16
    0.48484848484849    0.30303030303031    0.36363636363637            16
    0.33333333333334    0.33333333333334    0.36363636363637             8
    0.36363636363637    0.33333333333334    0.36363636363637            16
    0.39393939393939    0.33333333333334    0.36363636363637            16
    0.42424242424242    0.33333333333334    0.36363636363637            16
    0.45454545454545    0.33333333333334    0.36363636363637            16
    0.48484848484849    0.33333333333334    0.36363636363637            16
    0.36363636363637    0.36363636363637    0.36363636363637             8
    0.39393939393939    0.36363636363637    0.36363636363637            16
    0.42424242424242    0.36363636363637    0.36363636363637            16
    0.45454545454545    0.36363636363637    0.36363636363637            16
    0.48484848484849    0.36363636363637    0.36363636363637            16
    0.39393939393939    0.39393939393939    0.36363636363637             8
    0.42424242424242    0.39393939393939    0.36363636363637            16
    0.45454545454545    0.39393939393939    0.36363636363637            16
    0.48484848484849    0.39393939393939    0.36363636363637            16
    0.42424242424242    0.42424242424242    0.36363636363637             8
    0.45454545454545    0.42424242424242    0.36363636363637            16
    0.48484848484849    0.42424242424242    0.36363636363637            16
    0.45454545454545    0.45454545454545    0.36363636363637             8
    0.48484848484849    0.45454545454545    0.36363636363637            16
    0.48484848484849    0.48484848484849    0.36363636363637             8
    0.00000000000000    0.00000000000000    0.39393939393939             2
    0.03030303030303    0.00000000000000    0.39393939393939             8
    0.06060606060606    0.00000000000000    0.39393939393939             8
    0.09090909090909    0.00000000000000    0.39393939393939             8
    0.12121212121213    0.00000000000000    0.39393939393939             8
    0.15151515151515    0.00000000000000    0.39393939393939             8
    0.18181818181818    0.00000000000000    0.39393939393939             8
    0.21212121212121    0.00000000000000    0.39393939393939             8
    0.24242424242424    0.00000000000000    0.39393939393939             8
    0.27272727272727    0.00000000000000    0.39393939393939             8
    0.30303030303031    0.00000000000000    0.39393939393939             8
    0.33333333333334    0.00000000000000    0.39393939393939             8
    0.36363636363637    0.00000000000000    0.39393939393939             8
    0.39393939393939    0.00000000000000    0.39393939393939             8
    0.42424242424242    0.00000000000000    0.39393939393939             8
    0.45454545454545    0.00000000000000    0.39393939393939             8
    0.48484848484849    0.00000000000000    0.39393939393939             8
    0.03030303030303    0.03030303030303    0.39393939393939             8
    0.06060606060606    0.03030303030303    0.39393939393939            16
    0.09090909090909    0.03030303030303    0.39393939393939            16
    0.12121212121213    0.03030303030303    0.39393939393939            16
    0.15151515151515    0.03030303030303    0.39393939393939            16
    0.18181818181818    0.03030303030303    0.39393939393939            16
    0.21212121212121    0.03030303030303    0.39393939393939            16
    0.24242424242424    0.03030303030303    0.39393939393939            16
    0.27272727272727    0.03030303030303    0.39393939393939            16
    0.30303030303031    0.03030303030303    0.39393939393939            16
    0.33333333333334    0.03030303030303    0.39393939393939            16
    0.36363636363637    0.03030303030303    0.39393939393939            16
    0.39393939393939    0.03030303030303    0.39393939393939            16
    0.42424242424242    0.03030303030303    0.39393939393939            16
    0.45454545454545    0.03030303030303    0.39393939393939            16
    0.48484848484849    0.03030303030303    0.39393939393939            16
    0.06060606060606    0.06060606060606    0.39393939393939             8
    0.09090909090909    0.06060606060606    0.39393939393939            16
    0.12121212121213    0.06060606060606    0.39393939393939            16
    0.15151515151515    0.06060606060606    0.39393939393939            16
    0.18181818181818    0.06060606060606    0.39393939393939            16
    0.21212121212121    0.06060606060606    0.39393939393939            16
    0.24242424242424    0.06060606060606    0.39393939393939            16
    0.27272727272727    0.06060606060606    0.39393939393939            16
    0.30303030303031    0.06060606060606    0.39393939393939            16
    0.33333333333334    0.06060606060606    0.39393939393939            16
    0.36363636363637    0.06060606060606    0.39393939393939            16
    0.39393939393939    0.06060606060606    0.39393939393939            16
    0.42424242424242    0.06060606060606    0.39393939393939            16
    0.45454545454545    0.06060606060606    0.39393939393939            16
    0.48484848484849    0.06060606060606    0.39393939393939            16
    0.09090909090909    0.09090909090909    0.39393939393939             8
    0.12121212121213    0.09090909090909    0.39393939393939            16
    0.15151515151515    0.09090909090909    0.39393939393939            16
    0.18181818181818    0.09090909090909    0.39393939393939            16
    0.21212121212121    0.09090909090909    0.39393939393939            16
    0.24242424242424    0.09090909090909    0.39393939393939            16
    0.27272727272727    0.09090909090909    0.39393939393939            16
    0.30303030303031    0.09090909090909    0.39393939393939            16
    0.33333333333334    0.09090909090909    0.39393939393939            16
    0.36363636363637    0.09090909090909    0.39393939393939            16
    0.39393939393939    0.09090909090909    0.39393939393939            16
    0.42424242424242    0.09090909090909    0.39393939393939            16
    0.45454545454545    0.09090909090909    0.39393939393939            16
    0.48484848484849    0.09090909090909    0.39393939393939            16
    0.12121212121213    0.12121212121213    0.39393939393939             8
    0.15151515151515    0.12121212121213    0.39393939393939            16
    0.18181818181818    0.12121212121213    0.39393939393939            16
    0.21212121212121    0.12121212121213    0.39393939393939            16
    0.24242424242424    0.12121212121213    0.39393939393939            16
    0.27272727272727    0.12121212121213    0.39393939393939            16
    0.30303030303031    0.12121212121213    0.39393939393939            16
    0.33333333333334    0.12121212121213    0.39393939393939            16
    0.36363636363637    0.12121212121213    0.39393939393939            16
    0.39393939393939    0.12121212121213    0.39393939393939            16
    0.42424242424242    0.12121212121213    0.39393939393939            16
    0.45454545454545    0.12121212121213    0.39393939393939            16
    0.48484848484849    0.12121212121213    0.39393939393939            16
    0.15151515151515    0.15151515151515    0.39393939393939             8
    0.18181818181818    0.15151515151515    0.39393939393939            16
    0.21212121212121    0.15151515151515    0.39393939393939            16
    0.24242424242424    0.15151515151515    0.39393939393939            16
    0.27272727272727    0.15151515151515    0.39393939393939            16
    0.30303030303031    0.15151515151515    0.39393939393939            16
    0.33333333333334    0.15151515151515    0.39393939393939            16
    0.36363636363637    0.15151515151515    0.39393939393939            16
    0.39393939393939    0.15151515151515    0.39393939393939            16
    0.42424242424242    0.15151515151515    0.39393939393939            16
    0.45454545454545    0.15151515151515    0.39393939393939            16
    0.48484848484849    0.15151515151515    0.39393939393939            16
    0.18181818181818    0.18181818181818    0.39393939393939             8
    0.21212121212121    0.18181818181818    0.39393939393939            16
    0.24242424242424    0.18181818181818    0.39393939393939            16
    0.27272727272727    0.18181818181818    0.39393939393939            16
    0.30303030303031    0.18181818181818    0.39393939393939            16
    0.33333333333334    0.18181818181818    0.39393939393939            16
    0.36363636363637    0.18181818181818    0.39393939393939            16
    0.39393939393939    0.18181818181818    0.39393939393939            16
    0.42424242424242    0.18181818181818    0.39393939393939            16
    0.45454545454545    0.18181818181818    0.39393939393939            16
    0.48484848484849    0.18181818181818    0.39393939393939            16
    0.21212121212121    0.21212121212121    0.39393939393939             8
    0.24242424242424    0.21212121212121    0.39393939393939            16
    0.27272727272727    0.21212121212121    0.39393939393939            16
    0.30303030303031    0.21212121212121    0.39393939393939            16
    0.33333333333334    0.21212121212121    0.39393939393939            16
    0.36363636363637    0.21212121212121    0.39393939393939            16
    0.39393939393939    0.21212121212121    0.39393939393939            16
    0.42424242424242    0.21212121212121    0.39393939393939            16
    0.45454545454545    0.21212121212121    0.39393939393939            16
    0.48484848484849    0.21212121212121    0.39393939393939            16
    0.24242424242424    0.24242424242424    0.39393939393939             8
    0.27272727272727    0.24242424242424    0.39393939393939            16
    0.30303030303031    0.24242424242424    0.39393939393939            16
    0.33333333333334    0.24242424242424    0.39393939393939            16
    0.36363636363637    0.24242424242424    0.39393939393939            16
    0.39393939393939    0.24242424242424    0.39393939393939            16
    0.42424242424242    0.24242424242424    0.39393939393939            16
    0.45454545454545    0.24242424242424    0.39393939393939            16
    0.48484848484849    0.24242424242424    0.39393939393939            16
    0.27272727272727    0.27272727272727    0.39393939393939             8
    0.30303030303031    0.27272727272727    0.39393939393939            16
    0.33333333333334    0.27272727272727    0.39393939393939            16
    0.36363636363637    0.27272727272727    0.39393939393939            16
    0.39393939393939    0.27272727272727    0.39393939393939            16
    0.42424242424242    0.27272727272727    0.39393939393939            16
    0.45454545454545    0.27272727272727    0.39393939393939            16
    0.48484848484849    0.27272727272727    0.39393939393939            16
    0.30303030303031    0.30303030303031    0.39393939393939             8
    0.33333333333334    0.30303030303031    0.39393939393939            16
    0.36363636363637    0.30303030303031    0.39393939393939            16
    0.39393939393939    0.30303030303031    0.39393939393939            16
    0.42424242424242    0.30303030303031    0.39393939393939            16
    0.45454545454545    0.30303030303031    0.39393939393939            16
    0.48484848484849    0.30303030303031    0.39393939393939            16
    0.33333333333334    0.33333333333334    0.39393939393939             8
    0.36363636363637    0.33333333333334    0.39393939393939            16
    0.39393939393939    0.33333333333334    0.39393939393939            16
    0.42424242424242    0.33333333333334    0.39393939393939            16
    0.45454545454545    0.33333333333334    0.39393939393939            16
    0.48484848484849    0.33333333333334    0.39393939393939            16
    0.36363636363637    0.36363636363637    0.39393939393939             8
    0.39393939393939    0.36363636363637    0.39393939393939            16
    0.42424242424242    0.36363636363637    0.39393939393939            16
    0.45454545454545    0.36363636363637    0.39393939393939            16
    0.48484848484849    0.36363636363637    0.39393939393939            16
    0.39393939393939    0.39393939393939    0.39393939393939             8
    0.42424242424242    0.39393939393939    0.39393939393939            16
    0.45454545454545    0.39393939393939    0.39393939393939            16
    0.48484848484849    0.39393939393939    0.39393939393939            16
    0.42424242424242    0.42424242424242    0.39393939393939             8
    0.45454545454545    0.42424242424242    0.39393939393939            16
    0.48484848484849    0.42424242424242    0.39393939393939            16
    0.45454545454545    0.45454545454545    0.39393939393939             8
    0.48484848484849    0.45454545454545    0.39393939393939            16
    0.48484848484849    0.48484848484849    0.39393939393939             8
    0.00000000000000    0.00000000000000    0.42424242424242             2
    0.03030303030303    0.00000000000000    0.42424242424242             8
    0.06060606060606    0.00000000000000    0.42424242424242             8
    0.09090909090909    0.00000000000000    0.42424242424242             8
    0.12121212121213    0.00000000000000    0.42424242424242             8
    0.15151515151515    0.00000000000000    0.42424242424242             8
    0.18181818181818    0.00000000000000    0.42424242424242             8
    0.21212121212121    0.00000000000000    0.42424242424242             8
    0.24242424242424    0.00000000000000    0.42424242424242             8
    0.27272727272727    0.00000000000000    0.42424242424242             8
    0.30303030303031    0.00000000000000    0.42424242424242             8
    0.33333333333334    0.00000000000000    0.42424242424242             8
    0.36363636363637    0.00000000000000    0.42424242424242             8
    0.39393939393939    0.00000000000000    0.42424242424242             8
    0.42424242424242    0.00000000000000    0.42424242424242             8
    0.45454545454545    0.00000000000000    0.42424242424242             8
    0.48484848484849    0.00000000000000    0.42424242424242             8
    0.03030303030303    0.03030303030303    0.42424242424242             8
    0.06060606060606    0.03030303030303    0.42424242424242            16
    0.09090909090909    0.03030303030303    0.42424242424242            16
    0.12121212121213    0.03030303030303    0.42424242424242            16
    0.15151515151515    0.03030303030303    0.42424242424242            16
    0.18181818181818    0.03030303030303    0.42424242424242            16
    0.21212121212121    0.03030303030303    0.42424242424242            16
    0.24242424242424    0.03030303030303    0.42424242424242            16
    0.27272727272727    0.03030303030303    0.42424242424242            16
    0.30303030303031    0.03030303030303    0.42424242424242            16
    0.33333333333334    0.03030303030303    0.42424242424242            16
    0.36363636363637    0.03030303030303    0.42424242424242            16
    0.39393939393939    0.03030303030303    0.42424242424242            16
    0.42424242424242    0.03030303030303    0.42424242424242            16
    0.45454545454545    0.03030303030303    0.42424242424242            16
    0.48484848484849    0.03030303030303    0.42424242424242            16
    0.06060606060606    0.06060606060606    0.42424242424242             8
    0.09090909090909    0.06060606060606    0.42424242424242            16
    0.12121212121213    0.06060606060606    0.42424242424242            16
    0.15151515151515    0.06060606060606    0.42424242424242            16
    0.18181818181818    0.06060606060606    0.42424242424242            16
    0.21212121212121    0.06060606060606    0.42424242424242            16
    0.24242424242424    0.06060606060606    0.42424242424242            16
    0.27272727272727    0.06060606060606    0.42424242424242            16
    0.30303030303031    0.06060606060606    0.42424242424242            16
    0.33333333333334    0.06060606060606    0.42424242424242            16
    0.36363636363637    0.06060606060606    0.42424242424242            16
    0.39393939393939    0.06060606060606    0.42424242424242            16
    0.42424242424242    0.06060606060606    0.42424242424242            16
    0.45454545454545    0.06060606060606    0.42424242424242            16
    0.48484848484849    0.06060606060606    0.42424242424242            16
    0.09090909090909    0.09090909090909    0.42424242424242             8
    0.12121212121213    0.09090909090909    0.42424242424242            16
    0.15151515151515    0.09090909090909    0.42424242424242            16
    0.18181818181818    0.09090909090909    0.42424242424242            16
    0.21212121212121    0.09090909090909    0.42424242424242            16
    0.24242424242424    0.09090909090909    0.42424242424242            16
    0.27272727272727    0.09090909090909    0.42424242424242            16
    0.30303030303031    0.09090909090909    0.42424242424242            16
    0.33333333333334    0.09090909090909    0.42424242424242            16
    0.36363636363637    0.09090909090909    0.42424242424242            16
    0.39393939393939    0.09090909090909    0.42424242424242            16
    0.42424242424242    0.09090909090909    0.42424242424242            16
    0.45454545454545    0.09090909090909    0.42424242424242            16
    0.48484848484849    0.09090909090909    0.42424242424242            16
    0.12121212121213    0.12121212121213    0.42424242424242             8
    0.15151515151515    0.12121212121213    0.42424242424242            16
    0.18181818181818    0.12121212121213    0.42424242424242            16
    0.21212121212121    0.12121212121213    0.42424242424242            16
    0.24242424242424    0.12121212121213    0.42424242424242            16
    0.27272727272727    0.12121212121213    0.42424242424242            16
    0.30303030303031    0.12121212121213    0.42424242424242            16
    0.33333333333334    0.12121212121213    0.42424242424242            16
    0.36363636363637    0.12121212121213    0.42424242424242            16
    0.39393939393939    0.12121212121213    0.42424242424242            16
    0.42424242424242    0.12121212121213    0.42424242424242            16
    0.45454545454545    0.12121212121213    0.42424242424242            16
    0.48484848484849    0.12121212121213    0.42424242424242            16
    0.15151515151515    0.15151515151515    0.42424242424242             8
    0.18181818181818    0.15151515151515    0.42424242424242            16
    0.21212121212121    0.15151515151515    0.42424242424242            16
    0.24242424242424    0.15151515151515    0.42424242424242            16
    0.27272727272727    0.15151515151515    0.42424242424242            16
    0.30303030303031    0.15151515151515    0.42424242424242            16
    0.33333333333334    0.15151515151515    0.42424242424242            16
    0.36363636363637    0.15151515151515    0.42424242424242            16
    0.39393939393939    0.15151515151515    0.42424242424242            16
    0.42424242424242    0.15151515151515    0.42424242424242            16
    0.45454545454545    0.15151515151515    0.42424242424242            16
    0.48484848484849    0.15151515151515    0.42424242424242            16
    0.18181818181818    0.18181818181818    0.42424242424242             8
    0.21212121212121    0.18181818181818    0.42424242424242            16
    0.24242424242424    0.18181818181818    0.42424242424242            16
    0.27272727272727    0.18181818181818    0.42424242424242            16
    0.30303030303031    0.18181818181818    0.42424242424242            16
    0.33333333333334    0.18181818181818    0.42424242424242            16
    0.36363636363637    0.18181818181818    0.42424242424242            16
    0.39393939393939    0.18181818181818    0.42424242424242            16
    0.42424242424242    0.18181818181818    0.42424242424242            16
    0.45454545454545    0.18181818181818    0.42424242424242            16
    0.48484848484849    0.18181818181818    0.42424242424242            16
    0.21212121212121    0.21212121212121    0.42424242424242             8
    0.24242424242424    0.21212121212121    0.42424242424242            16
    0.27272727272727    0.21212121212121    0.42424242424242            16
    0.30303030303031    0.21212121212121    0.42424242424242            16
    0.33333333333334    0.21212121212121    0.42424242424242            16
    0.36363636363637    0.21212121212121    0.42424242424242            16
    0.39393939393939    0.21212121212121    0.42424242424242            16
    0.42424242424242    0.21212121212121    0.42424242424242            16
    0.45454545454545    0.21212121212121    0.42424242424242            16
    0.48484848484849    0.21212121212121    0.42424242424242            16
    0.24242424242424    0.24242424242424    0.42424242424242             8
    0.27272727272727    0.24242424242424    0.42424242424242            16
    0.30303030303031    0.24242424242424    0.42424242424242            16
    0.33333333333334    0.24242424242424    0.42424242424242            16
    0.36363636363637    0.24242424242424    0.42424242424242            16
    0.39393939393939    0.24242424242424    0.42424242424242            16
    0.42424242424242    0.24242424242424    0.42424242424242            16
    0.45454545454545    0.24242424242424    0.42424242424242            16
    0.48484848484849    0.24242424242424    0.42424242424242            16
    0.27272727272727    0.27272727272727    0.42424242424242             8
    0.30303030303031    0.27272727272727    0.42424242424242            16
    0.33333333333334    0.27272727272727    0.42424242424242            16
    0.36363636363637    0.27272727272727    0.42424242424242            16
    0.39393939393939    0.27272727272727    0.42424242424242            16
    0.42424242424242    0.27272727272727    0.42424242424242            16
    0.45454545454545    0.27272727272727    0.42424242424242            16
    0.48484848484849    0.27272727272727    0.42424242424242            16
    0.30303030303031    0.30303030303031    0.42424242424242             8
    0.33333333333334    0.30303030303031    0.42424242424242            16
    0.36363636363637    0.30303030303031    0.42424242424242            16
    0.39393939393939    0.30303030303031    0.42424242424242            16
    0.42424242424242    0.30303030303031    0.42424242424242            16
    0.45454545454545    0.30303030303031    0.42424242424242            16
    0.48484848484849    0.30303030303031    0.42424242424242            16
    0.33333333333334    0.33333333333334    0.42424242424242             8
    0.36363636363637    0.33333333333334    0.42424242424242            16
    0.39393939393939    0.33333333333334    0.42424242424242            16
    0.42424242424242    0.33333333333334    0.42424242424242            16
    0.45454545454545    0.33333333333334    0.42424242424242            16
    0.48484848484849    0.33333333333334    0.42424242424242            16
    0.36363636363637    0.36363636363637    0.42424242424242             8
    0.39393939393939    0.36363636363637    0.42424242424242            16
    0.42424242424242    0.36363636363637    0.42424242424242            16
    0.45454545454545    0.36363636363637    0.42424242424242            16
    0.48484848484849    0.36363636363637    0.42424242424242            16
    0.39393939393939    0.39393939393939    0.42424242424242             8
    0.42424242424242    0.39393939393939    0.42424242424242            16
    0.45454545454545    0.39393939393939    0.42424242424242            16
    0.48484848484849    0.39393939393939    0.42424242424242            16
    0.42424242424242    0.42424242424242    0.42424242424242             8
    0.45454545454545    0.42424242424242    0.42424242424242            16
    0.48484848484849    0.42424242424242    0.42424242424242            16
    0.45454545454545    0.45454545454545    0.42424242424242             8
    0.48484848484849    0.45454545454545    0.42424242424242            16
    0.48484848484849    0.48484848484849    0.42424242424242             8
    0.00000000000000    0.00000000000000    0.45454545454545             2
    0.03030303030303    0.00000000000000    0.45454545454545             8
    0.06060606060606    0.00000000000000    0.45454545454545             8
    0.09090909090909    0.00000000000000    0.45454545454545             8
    0.12121212121213    0.00000000000000    0.45454545454545             8
    0.15151515151515    0.00000000000000    0.45454545454545             8
    0.18181818181818    0.00000000000000    0.45454545454545             8
    0.21212121212121    0.00000000000000    0.45454545454545             8
    0.24242424242424    0.00000000000000    0.45454545454545             8
    0.27272727272727    0.00000000000000    0.45454545454545             8
    0.30303030303031    0.00000000000000    0.45454545454545             8
    0.33333333333334    0.00000000000000    0.45454545454545             8
    0.36363636363637    0.00000000000000    0.45454545454545             8
    0.39393939393939    0.00000000000000    0.45454545454545             8
    0.42424242424242    0.00000000000000    0.45454545454545             8
    0.45454545454545    0.00000000000000    0.45454545454545             8
    0.48484848484849    0.00000000000000    0.45454545454545             8
    0.03030303030303    0.03030303030303    0.45454545454545             8
    0.06060606060606    0.03030303030303    0.45454545454545            16
    0.09090909090909    0.03030303030303    0.45454545454545            16
    0.12121212121213    0.03030303030303    0.45454545454545            16
    0.15151515151515    0.03030303030303    0.45454545454545            16
    0.18181818181818    0.03030303030303    0.45454545454545            16
    0.21212121212121    0.03030303030303    0.45454545454545            16
    0.24242424242424    0.03030303030303    0.45454545454545            16
    0.27272727272727    0.03030303030303    0.45454545454545            16
    0.30303030303031    0.03030303030303    0.45454545454545            16
    0.33333333333334    0.03030303030303    0.45454545454545            16
    0.36363636363637    0.03030303030303    0.45454545454545            16
    0.39393939393939    0.03030303030303    0.45454545454545            16
    0.42424242424242    0.03030303030303    0.45454545454545            16
    0.45454545454545    0.03030303030303    0.45454545454545            16
    0.48484848484849    0.03030303030303    0.45454545454545            16
    0.06060606060606    0.06060606060606    0.45454545454545             8
    0.09090909090909    0.06060606060606    0.45454545454545            16
    0.12121212121213    0.06060606060606    0.45454545454545            16
    0.15151515151515    0.06060606060606    0.45454545454545            16
    0.18181818181818    0.06060606060606    0.45454545454545            16
    0.21212121212121    0.06060606060606    0.45454545454545            16
    0.24242424242424    0.06060606060606    0.45454545454545            16
    0.27272727272727    0.06060606060606    0.45454545454545            16
    0.30303030303031    0.06060606060606    0.45454545454545            16
    0.33333333333334    0.06060606060606    0.45454545454545            16
    0.36363636363637    0.06060606060606    0.45454545454545            16
    0.39393939393939    0.06060606060606    0.45454545454545            16
    0.42424242424242    0.06060606060606    0.45454545454545            16
    0.45454545454545    0.06060606060606    0.45454545454545            16
    0.48484848484849    0.06060606060606    0.45454545454545            16
    0.09090909090909    0.09090909090909    0.45454545454545             8
    0.12121212121213    0.09090909090909    0.45454545454545            16
    0.15151515151515    0.09090909090909    0.45454545454545            16
    0.18181818181818    0.09090909090909    0.45454545454545            16
    0.21212121212121    0.09090909090909    0.45454545454545            16
    0.24242424242424    0.09090909090909    0.45454545454545            16
    0.27272727272727    0.09090909090909    0.45454545454545            16
    0.30303030303031    0.09090909090909    0.45454545454545            16
    0.33333333333334    0.09090909090909    0.45454545454545            16
    0.36363636363637    0.09090909090909    0.45454545454545            16
    0.39393939393939    0.09090909090909    0.45454545454545            16
    0.42424242424242    0.09090909090909    0.45454545454545            16
    0.45454545454545    0.09090909090909    0.45454545454545            16
    0.48484848484849    0.09090909090909    0.45454545454545            16
    0.12121212121213    0.12121212121213    0.45454545454545             8
    0.15151515151515    0.12121212121213    0.45454545454545            16
    0.18181818181818    0.12121212121213    0.45454545454545            16
    0.21212121212121    0.12121212121213    0.45454545454545            16
    0.24242424242424    0.12121212121213    0.45454545454545            16
    0.27272727272727    0.12121212121213    0.45454545454545            16
    0.30303030303031    0.12121212121213    0.45454545454545            16
    0.33333333333334    0.12121212121213    0.45454545454545            16
    0.36363636363637    0.12121212121213    0.45454545454545            16
    0.39393939393939    0.12121212121213    0.45454545454545            16
    0.42424242424242    0.12121212121213    0.45454545454545            16
    0.45454545454545    0.12121212121213    0.45454545454545            16
    0.48484848484849    0.12121212121213    0.45454545454545            16
    0.15151515151515    0.15151515151515    0.45454545454545             8
    0.18181818181818    0.15151515151515    0.45454545454545            16
    0.21212121212121    0.15151515151515    0.45454545454545            16
    0.24242424242424    0.15151515151515    0.45454545454545            16
    0.27272727272727    0.15151515151515    0.45454545454545            16
    0.30303030303031    0.15151515151515    0.45454545454545            16
    0.33333333333334    0.15151515151515    0.45454545454545            16
    0.36363636363637    0.15151515151515    0.45454545454545            16
    0.39393939393939    0.15151515151515    0.45454545454545            16
    0.42424242424242    0.15151515151515    0.45454545454545            16
    0.45454545454545    0.15151515151515    0.45454545454545            16
    0.48484848484849    0.15151515151515    0.45454545454545            16
    0.18181818181818    0.18181818181818    0.45454545454545             8
    0.21212121212121    0.18181818181818    0.45454545454545            16
    0.24242424242424    0.18181818181818    0.45454545454545            16
    0.27272727272727    0.18181818181818    0.45454545454545            16
    0.30303030303031    0.18181818181818    0.45454545454545            16
    0.33333333333334    0.18181818181818    0.45454545454545            16
    0.36363636363637    0.18181818181818    0.45454545454545            16
    0.39393939393939    0.18181818181818    0.45454545454545            16
    0.42424242424242    0.18181818181818    0.45454545454545            16
    0.45454545454545    0.18181818181818    0.45454545454545            16
    0.48484848484849    0.18181818181818    0.45454545454545            16
    0.21212121212121    0.21212121212121    0.45454545454545             8
    0.24242424242424    0.21212121212121    0.45454545454545            16
    0.27272727272727    0.21212121212121    0.45454545454545            16
    0.30303030303031    0.21212121212121    0.45454545454545            16
    0.33333333333334    0.21212121212121    0.45454545454545            16
    0.36363636363637    0.21212121212121    0.45454545454545            16
    0.39393939393939    0.21212121212121    0.45454545454545            16
    0.42424242424242    0.21212121212121    0.45454545454545            16
    0.45454545454545    0.21212121212121    0.45454545454545            16
    0.48484848484849    0.21212121212121    0.45454545454545            16
    0.24242424242424    0.24242424242424    0.45454545454545             8
    0.27272727272727    0.24242424242424    0.45454545454545            16
    0.30303030303031    0.24242424242424    0.45454545454545            16
    0.33333333333334    0.24242424242424    0.45454545454545            16
    0.36363636363637    0.24242424242424    0.45454545454545            16
    0.39393939393939    0.24242424242424    0.45454545454545            16
    0.42424242424242    0.24242424242424    0.45454545454545            16
    0.45454545454545    0.24242424242424    0.45454545454545            16
    0.48484848484849    0.24242424242424    0.45454545454545            16
    0.27272727272727    0.27272727272727    0.45454545454545             8
    0.30303030303031    0.27272727272727    0.45454545454545            16
    0.33333333333334    0.27272727272727    0.45454545454545            16
    0.36363636363637    0.27272727272727    0.45454545454545            16
    0.39393939393939    0.27272727272727    0.45454545454545            16
    0.42424242424242    0.27272727272727    0.45454545454545            16
    0.45454545454545    0.27272727272727    0.45454545454545            16
    0.48484848484849    0.27272727272727    0.45454545454545            16
    0.30303030303031    0.30303030303031    0.45454545454545             8
    0.33333333333334    0.30303030303031    0.45454545454545            16
    0.36363636363637    0.30303030303031    0.45454545454545            16
    0.39393939393939    0.30303030303031    0.45454545454545            16
    0.42424242424242    0.30303030303031    0.45454545454545            16
    0.45454545454545    0.30303030303031    0.45454545454545            16
    0.48484848484849    0.30303030303031    0.45454545454545            16
    0.33333333333334    0.33333333333334    0.45454545454545             8
    0.36363636363637    0.33333333333334    0.45454545454545            16
    0.39393939393939    0.33333333333334    0.45454545454545            16
    0.42424242424242    0.33333333333334    0.45454545454545            16
    0.45454545454545    0.33333333333334    0.45454545454545            16
    0.48484848484849    0.33333333333334    0.45454545454545            16
    0.36363636363637    0.36363636363637    0.45454545454545             8
    0.39393939393939    0.36363636363637    0.45454545454545            16
    0.42424242424242    0.36363636363637    0.45454545454545            16
    0.45454545454545    0.36363636363637    0.45454545454545            16
    0.48484848484849    0.36363636363637    0.45454545454545            16
    0.39393939393939    0.39393939393939    0.45454545454545             8
    0.42424242424242    0.39393939393939    0.45454545454545            16
    0.45454545454545    0.39393939393939    0.45454545454545            16
    0.48484848484849    0.39393939393939    0.45454545454545            16
    0.42424242424242    0.42424242424242    0.45454545454545             8
    0.45454545454545    0.42424242424242    0.45454545454545            16
    0.48484848484849    0.42424242424242    0.45454545454545            16
    0.45454545454545    0.45454545454545    0.45454545454545             8
    0.48484848484849    0.45454545454545    0.45454545454545            16
    0.48484848484849    0.48484848484849    0.45454545454545             8
    0.00000000000000    0.00000000000000    0.48484848484849             2
    0.03030303030303    0.00000000000000    0.48484848484849             8
    0.06060606060606    0.00000000000000    0.48484848484849             8
    0.09090909090909    0.00000000000000    0.48484848484849             8
    0.12121212121213    0.00000000000000    0.48484848484849             8
    0.15151515151515    0.00000000000000    0.48484848484849             8
    0.18181818181818    0.00000000000000    0.48484848484849             8
    0.21212121212121    0.00000000000000    0.48484848484849             8
    0.24242424242424    0.00000000000000    0.48484848484849             8
    0.27272727272727    0.00000000000000    0.48484848484849             8
    0.30303030303031    0.00000000000000    0.48484848484849             8
    0.33333333333334    0.00000000000000    0.48484848484849             8
    0.36363636363637    0.00000000000000    0.48484848484849             8
    0.39393939393939    0.00000000000000    0.48484848484849             8
    0.42424242424242    0.00000000000000    0.48484848484849             8
    0.45454545454545    0.00000000000000    0.48484848484849             8
    0.48484848484849    0.00000000000000    0.48484848484849             8
    0.03030303030303    0.03030303030303    0.48484848484849             8
    0.06060606060606    0.03030303030303    0.48484848484849            16
    0.09090909090909    0.03030303030303    0.48484848484849            16
    0.12121212121213    0.03030303030303    0.48484848484849            16
    0.15151515151515    0.03030303030303    0.48484848484849            16
    0.18181818181818    0.03030303030303    0.48484848484849            16
    0.21212121212121    0.03030303030303    0.48484848484849            16
    0.24242424242424    0.03030303030303    0.48484848484849            16
    0.27272727272727    0.03030303030303    0.48484848484849            16
    0.30303030303031    0.03030303030303    0.48484848484849            16
    0.33333333333334    0.03030303030303    0.48484848484849            16
    0.36363636363637    0.03030303030303    0.48484848484849            16
    0.39393939393939    0.03030303030303    0.48484848484849            16
    0.42424242424242    0.03030303030303    0.48484848484849            16
    0.45454545454545    0.03030303030303    0.48484848484849            16
    0.48484848484849    0.03030303030303    0.48484848484849            16
    0.06060606060606    0.06060606060606    0.48484848484849             8
    0.09090909090909    0.06060606060606    0.48484848484849            16
    0.12121212121213    0.06060606060606    0.48484848484849            16
    0.15151515151515    0.06060606060606    0.48484848484849            16
    0.18181818181818    0.06060606060606    0.48484848484849            16
    0.21212121212121    0.06060606060606    0.48484848484849            16
    0.24242424242424    0.06060606060606    0.48484848484849            16
    0.27272727272727    0.06060606060606    0.48484848484849            16
    0.30303030303031    0.06060606060606    0.48484848484849            16
    0.33333333333334    0.06060606060606    0.48484848484849            16
    0.36363636363637    0.06060606060606    0.48484848484849            16
    0.39393939393939    0.06060606060606    0.48484848484849            16
    0.42424242424242    0.06060606060606    0.48484848484849            16
    0.45454545454545    0.06060606060606    0.48484848484849            16
    0.48484848484849    0.06060606060606    0.48484848484849            16
    0.09090909090909    0.09090909090909    0.48484848484849             8
    0.12121212121213    0.09090909090909    0.48484848484849            16
    0.15151515151515    0.09090909090909    0.48484848484849            16
    0.18181818181818    0.09090909090909    0.48484848484849            16
    0.21212121212121    0.09090909090909    0.48484848484849            16
    0.24242424242424    0.09090909090909    0.48484848484849            16
    0.27272727272727    0.09090909090909    0.48484848484849            16
    0.30303030303031    0.09090909090909    0.48484848484849            16
    0.33333333333334    0.09090909090909    0.48484848484849            16
    0.36363636363637    0.09090909090909    0.48484848484849            16
    0.39393939393939    0.09090909090909    0.48484848484849            16
    0.42424242424242    0.09090909090909    0.48484848484849            16
    0.45454545454545    0.09090909090909    0.48484848484849            16
    0.48484848484849    0.09090909090909    0.48484848484849            16
    0.12121212121213    0.12121212121213    0.48484848484849             8
    0.15151515151515    0.12121212121213    0.48484848484849            16
    0.18181818181818    0.12121212121213    0.48484848484849            16
    0.21212121212121    0.12121212121213    0.48484848484849            16
    0.24242424242424    0.12121212121213    0.48484848484849            16
    0.27272727272727    0.12121212121213    0.48484848484849            16
    0.30303030303031    0.12121212121213    0.48484848484849            16
    0.33333333333334    0.12121212121213    0.48484848484849            16
    0.36363636363637    0.12121212121213    0.48484848484849            16
    0.39393939393939    0.12121212121213    0.48484848484849            16
    0.42424242424242    0.12121212121213    0.48484848484849            16
    0.45454545454545    0.12121212121213    0.48484848484849            16
    0.48484848484849    0.12121212121213    0.48484848484849            16
    0.15151515151515    0.15151515151515    0.48484848484849             8
    0.18181818181818    0.15151515151515    0.48484848484849            16
    0.21212121212121    0.15151515151515    0.48484848484849            16
    0.24242424242424    0.15151515151515    0.48484848484849            16
    0.27272727272727    0.15151515151515    0.48484848484849            16
    0.30303030303031    0.15151515151515    0.48484848484849            16
    0.33333333333334    0.15151515151515    0.48484848484849            16
    0.36363636363637    0.15151515151515    0.48484848484849            16
    0.39393939393939    0.15151515151515    0.48484848484849            16
    0.42424242424242    0.15151515151515    0.48484848484849            16
    0.45454545454545    0.15151515151515    0.48484848484849            16
    0.48484848484849    0.15151515151515    0.48484848484849            16
    0.18181818181818    0.18181818181818    0.48484848484849             8
    0.21212121212121    0.18181818181818    0.48484848484849            16
    0.24242424242424    0.18181818181818    0.48484848484849            16
    0.27272727272727    0.18181818181818    0.48484848484849            16
    0.30303030303031    0.18181818181818    0.48484848484849            16
    0.33333333333334    0.18181818181818    0.48484848484849            16
    0.36363636363637    0.18181818181818    0.48484848484849            16
    0.39393939393939    0.18181818181818    0.48484848484849            16
    0.42424242424242    0.18181818181818    0.48484848484849            16
    0.45454545454545    0.18181818181818    0.48484848484849            16
    0.48484848484849    0.18181818181818    0.48484848484849            16
    0.21212121212121    0.21212121212121    0.48484848484849             8
    0.24242424242424    0.21212121212121    0.48484848484849            16
    0.27272727272727    0.21212121212121    0.48484848484849            16
    0.30303030303031    0.21212121212121    0.48484848484849            16
    0.33333333333334    0.21212121212121    0.48484848484849            16
    0.36363636363637    0.21212121212121    0.48484848484849            16
    0.39393939393939    0.21212121212121    0.48484848484849            16
    0.42424242424242    0.21212121212121    0.48484848484849            16
    0.45454545454545    0.21212121212121    0.48484848484849            16
    0.48484848484849    0.21212121212121    0.48484848484849            16
    0.24242424242424    0.24242424242424    0.48484848484849             8
    0.27272727272727    0.24242424242424    0.48484848484849            16
    0.30303030303031    0.24242424242424    0.48484848484849            16
    0.33333333333334    0.24242424242424    0.48484848484849            16
    0.36363636363637    0.24242424242424    0.48484848484849            16
    0.39393939393939    0.24242424242424    0.48484848484849            16
    0.42424242424242    0.24242424242424    0.48484848484849            16
    0.45454545454545    0.24242424242424    0.48484848484849            16
    0.48484848484849    0.24242424242424    0.48484848484849            16
    0.27272727272727    0.27272727272727    0.48484848484849             8
    0.30303030303031    0.27272727272727    0.48484848484849            16
    0.33333333333334    0.27272727272727    0.48484848484849            16
    0.36363636363637    0.27272727272727    0.48484848484849            16
    0.39393939393939    0.27272727272727    0.48484848484849            16
    0.42424242424242    0.27272727272727    0.48484848484849            16
    0.45454545454545    0.27272727272727    0.48484848484849            16
    0.48484848484849    0.27272727272727    0.48484848484849            16
    0.30303030303031    0.30303030303031    0.48484848484849             8
    0.33333333333334    0.30303030303031    0.48484848484849            16
    0.36363636363637    0.30303030303031    0.48484848484849            16
    0.39393939393939    0.30303030303031    0.48484848484849            16
    0.42424242424242    0.30303030303031    0.48484848484849            16
    0.45454545454545    0.30303030303031    0.48484848484849            16
    0.48484848484849    0.30303030303031    0.48484848484849            16
    0.33333333333334    0.33333333333334    0.48484848484849             8
    0.36363636363637    0.33333333333334    0.48484848484849            16
    0.39393939393939    0.33333333333334    0.48484848484849            16
    0.42424242424242    0.33333333333334    0.48484848484849            16
    0.45454545454545    0.33333333333334    0.48484848484849            16
    0.48484848484849    0.33333333333334    0.48484848484849            16
    0.36363636363637    0.36363636363637    0.48484848484849             8
    0.39393939393939    0.36363636363637    0.48484848484849            16
    0.42424242424242    0.36363636363637    0.48484848484849            16
    0.45454545454545    0.36363636363637    0.48484848484849            16
    0.48484848484849    0.36363636363637    0.48484848484849            16
    0.39393939393939    0.39393939393939    0.48484848484849             8
    0.42424242424242    0.39393939393939    0.48484848484849            16
    0.45454545454545    0.39393939393939    0.48484848484849            16
    0.48484848484849    0.39393939393939    0.48484848484849            16
    0.42424242424242    0.42424242424242    0.48484848484849             8
    0.45454545454545    0.42424242424242    0.48484848484849            16
    0.48484848484849    0.42424242424242    0.48484848484849            16
    0.45454545454545    0.45454545454545    0.48484848484849             8
    0.48484848484849    0.45454545454545    0.48484848484849            16
    0.48484848484849    0.48484848484849    0.48484848484849             8
