Automatically generated mesh
    1470
Reciprocal lattice
    0.00000000000000    0.00000000000000    0.00000000000000             1
    0.03846153846154    0.00000000000000    0.00000000000000             4
    0.07692307692308    0.00000000000000    0.00000000000000             4
    0.11538461538461    0.00000000000000    0.00000000000000             4
    0.15384615384615    0.00000000000000    0.00000000000000             4
    0.19230769230769    0.00000000000000    0.00000000000000             4
    0.23076923076923    0.00000000000000    0.00000000000000             4
    0.26923076923077    0.00000000000000    0.00000000000000             4
    0.30769230769231    0.00000000000000    0.00000000000000             4
    0.34615384615385    0.00000000000000    0.00000000000000             4
    0.38461538461539    0.00000000000000    0.00000000000000             4
    0.42307692307692    0.00000000000000    0.00000000000000             4
    0.46153846153846    0.00000000000000    0.00000000000000             4
    0.50000000000000    0.00000000000000    0.00000000000000             2
    0.03846153846154    0.03846153846154    0.00000000000000             4
    0.07692307692308    0.03846153846154    0.00000000000000             8
    0.11538461538461    0.03846153846154    0.00000000000000             8
    0.15384615384615    0.03846153846154    0.00000000000000             8
    0.19230769230769    0.03846153846154    0.00000000000000             8
    0.23076923076923    0.03846153846154    0.00000000000000             8
    0.26923076923077    0.03846153846154    0.00000000000000             8
    0.30769230769231    0.03846153846154    0.00000000000000             8
    0.34615384615385    0.03846153846154    0.00000000000000             8
    0.38461538461539    0.03846153846154    0.00000000000000             8
    0.42307692307692    0.03846153846154    0.00000000000000             8
    0.46153846153846    0.03846153846154    0.00000000000000             8
    0.50000000000000    0.03846153846154    0.00000000000000             4
    0.07692307692308    0.07692307692308    0.00000000000000             4
    0.11538461538461    0.07692307692308    0.00000000000000             8
    0.15384615384615    0.07692307692308    0.00000000000000             8
    0.19230769230769    0.07692307692308    0.00000000000000             8
    0.23076923076923    0.07692307692308    0.00000000000000             8
    0.26923076923077    0.07692307692308    0.00000000000000             8
    0.30769230769231    0.07692307692308    0.00000000000000             8
    0.34615384615385    0.07692307692308    0.00000000000000             8
    0.38461538461539    0.07692307692308    0.00000000000000             8
    0.42307692307692    0.07692307692308    0.00000000000000             8
    0.46153846153846    0.07692307692308    0.00000000000000             8
    0.50000000000000    0.07692307692308    0.00000000000000             4
    0.11538461538461    0.11538461538461    0.00000000000000             4
    0.15384615384615    0.11538461538461    0.00000000000000             8
    0.19230769230769    0.11538461538461    0.00000000000000             8
    0.23076923076923    0.11538461538461    0.00000000000000             8
    0.26923076923077    0.11538461538461    0.00000000000000             8
    0.30769230769231    0.11538461538461    0.00000000000000             8
    0.34615384615385    0.11538461538461    0.00000000000000             8
    0.38461538461539    0.11538461538461    0.00000000000000             8
    0.42307692307692    0.11538461538461    0.00000000000000             8
    0.46153846153846    0.11538461538461    0.00000000000000             8
    0.50000000000000    0.11538461538461    0.00000000000000             4
    0.15384615384615    0.15384615384615    0.00000000000000             4
    0.19230769230769    0.15384615384615    0.00000000000000             8
    0.23076923076923    0.15384615384615    0.00000000000000             8
    0.26923076923077    0.15384615384615    0.00000000000000             8
    0.30769230769231    0.15384615384615    0.00000000000000             8
    0.34615384615385    0.15384615384615    0.00000000000000             8
    0.38461538461539    0.15384615384615    0.00000000000000             8
    0.42307692307692    0.15384615384615    0.00000000000000             8
    0.46153846153846    0.15384615384615    0.00000000000000             8
    0.50000000000000    0.15384615384615    0.00000000000000             4
    0.19230769230769    0.19230769230769    0.00000000000000             4
    0.23076923076923    0.19230769230769    0.00000000000000             8
    0.26923076923077    0.19230769230769    0.00000000000000             8
    0.30769230769231    0.19230769230769    0.00000000000000             8
    0.34615384615385    0.19230769230769    0.00000000000000             8
    0.38461538461539    0.19230769230769    0.00000000000000             8
    0.42307692307692    0.19230769230769    0.00000000000000             8
    0.46153846153846    0.19230769230769    0.00000000000000             8
    0.50000000000000    0.19230769230769    0.00000000000000             4
    0.23076923076923    0.23076923076923    0.00000000000000             4
    0.26923076923077    0.23076923076923    0.00000000000000             8
    0.30769230769231    0.23076923076923    0.00000000000000             8
    0.34615384615385    0.23076923076923    0.00000000000000             8
    0.38461538461539    0.23076923076923    0.00000000000000             8
    0.42307692307692    0.23076923076923    0.00000000000000             8
    0.46153846153846    0.23076923076923    0.00000000000000             8
    0.50000000000000    0.23076923076923    0.00000000000000             4
    0.26923076923077    0.26923076923077    0.00000000000000             4
    0.30769230769231    0.26923076923077    0.00000000000000             8
    0.34615384615385    0.26923076923077    0.00000000000000             8
    0.38461538461539    0.26923076923077    0.00000000000000             8
    0.42307692307692    0.26923076923077    0.00000000000000             8
    0.46153846153846    0.26923076923077    0.00000000000000             8
    0.50000000000000    0.26923076923077    0.00000000000000             4
    0.30769230769231    0.30769230769231    0.00000000000000             4
    0.34615384615385    0.30769230769231    0.00000000000000             8
    0.38461538461539    0.30769230769231    0.00000000000000             8
    0.42307692307692    0.30769230769231    0.00000000000000             8
    0.46153846153846    0.30769230769231    0.00000000000000             8
    0.50000000000000    0.30769230769231    0.00000000000000             4
    0.34615384615385    0.34615384615385    0.00000000000000             4
    0.38461538461539    0.34615384615385    0.00000000000000             8
    0.42307692307692    0.34615384615385    0.00000000000000             8
    0.46153846153846    0.34615384615385    0.00000000000000             8
    0.50000000000000    0.34615384615385    0.00000000000000             4
    0.38461538461539    0.38461538461539    0.00000000000000             4
    0.42307692307692    0.38461538461539    0.00000000000000             8
    0.46153846153846    0.38461538461539    0.00000000000000             8
    0.50000000000000    0.38461538461539    0.00000000000000             4
    0.42307692307692    0.42307692307692    0.00000000000000             4
    0.46153846153846    0.42307692307692    0.00000000000000             8
    0.50000000000000    0.42307692307692    0.00000000000000             4
    0.46153846153846    0.46153846153846    0.00000000000000             4
    0.50000000000000    0.46153846153846    0.00000000000000             4
    0.50000000000000    0.50000000000000    0.00000000000000             1
    0.00000000000000    0.00000000000000    0.03846153846154             2
    0.03846153846154    0.00000000000000    0.03846153846154             8
    0.07692307692308    0.00000000000000    0.03846153846154             8
    0.11538461538461    0.00000000000000    0.03846153846154             8
    0.15384615384615    0.00000000000000    0.03846153846154             8
    0.19230769230769    0.00000000000000    0.03846153846154             8
    0.23076923076923    0.00000000000000    0.03846153846154             8
    0.26923076923077    0.00000000000000    0.03846153846154             8
    0.30769230769231    0.00000000000000    0.03846153846154             8
    0.34615384615385    0.00000000000000    0.03846153846154             8
    0.38461538461539    0.00000000000000    0.03846153846154             8
    0.42307692307692    0.00000000000000    0.03846153846154             8
    0.46153846153846    0.00000000000000    0.03846153846154             8
    0.50000000000000    0.00000000000000    0.03846153846154             4
    0.03846153846154    0.03846153846154    0.03846153846154             8
    0.07692307692308    0.03846153846154    0.03846153846154            16
    0.11538461538461    0.03846153846154    0.03846153846154            16
    0.15384615384615    0.03846153846154    0.03846153846154            16
    0.19230769230769    0.03846153846154    0.03846153846154            16
    0.23076923076923    0.03846153846154    0.03846153846154            16
    0.26923076923077    0.03846153846154    0.03846153846154            16
    0.30769230769231    0.03846153846154    0.03846153846154            16
    0.34615384615385    0.03846153846154    0.03846153846154            16
    0.38461538461539    0.03846153846154    0.03846153846154            16
    0.42307692307692    0.03846153846154    0.03846153846154            16
    0.46153846153846    0.03846153846154    0.03846153846154            16
    0.50000000000000    0.03846153846154    0.03846153846154             8
    0.07692307692308    0.07692307692308    0.03846153846154             8
    0.11538461538461    0.07692307692308    0.03846153846154            16
    0.15384615384615    0.07692307692308    0.03846153846154            16
    0.19230769230769    0.07692307692308    0.03846153846154            16
    0.23076923076923    0.07692307692308    0.03846153846154            16
    0.26923076923077    0.07692307692308    0.03846153846154            16
    0.30769230769231    0.07692307692308    0.03846153846154            16
    0.34615384615385    0.07692307692308    0.03846153846154            16
    0.38461538461539    0.07692307692308    0.03846153846154            16
    0.42307692307692    0.07692307692308    0.03846153846154            16
    0.46153846153846    0.07692307692308    0.03846153846154            16
    0.50000000000000    0.07692307692308    0.03846153846154             8
    0.11538461538461    0.11538461538461    0.03846153846154             8
    0.15384615384615    0.11538461538461    0.03846153846154            16
    0.19230769230769    0.11538461538461    0.03846153846154            16
    0.23076923076923    0.11538461538461    0.03846153846154            16
    0.26923076923077    0.11538461538461    0.03846153846154            16
    0.30769230769231    0.11538461538461    0.03846153846154            16
    0.34615384615385    0.11538461538461    0.03846153846154            16
    0.38461538461539    0.11538461538461    0.03846153846154            16
    0.42307692307692    0.11538461538461    0.03846153846154            16
    0.46153846153846    0.11538461538461    0.03846153846154            16
    0.50000000000000    0.11538461538461    0.03846153846154             8
    0.15384615384615    0.15384615384615    0.03846153846154             8
    0.19230769230769    0.15384615384615    0.03846153846154            16
    0.23076923076923    0.15384615384615    0.03846153846154            16
    0.26923076923077    0.15384615384615    0.03846153846154            16
    0.30769230769231    0.15384615384615    0.03846153846154            16
    0.34615384615385    0.15384615384615    0.03846153846154            16
    0.38461538461539    0.15384615384615    0.03846153846154            16
    0.42307692307692    0.15384615384615    0.03846153846154            16
    0.46153846153846    0.15384615384615    0.03846153846154            16
    0.50000000000000    0.15384615384615    0.03846153846154             8
    0.19230769230769    0.19230769230769    0.03846153846154             8
    0.23076923076923    0.19230769230769    0.03846153846154            16
    0.26923076923077    0.19230769230769    0.03846153846154            16
    0.30769230769231    0.19230769230769    0.03846153846154            16
    0.34615384615385    0.19230769230769    0.03846153846154            16
    0.38461538461539    0.19230769230769    0.03846153846154            16
    0.42307692307692    0.19230769230769    0.03846153846154            16
    0.46153846153846    0.19230769230769    0.03846153846154            16
    0.50000000000000    0.19230769230769    0.03846153846154             8
    0.23076923076923    0.23076923076923    0.03846153846154             8
    0.26923076923077    0.23076923076923    0.03846153846154            16
    0.30769230769231    0.23076923076923    0.03846153846154            16
    0.34615384615385    0.23076923076923    0.03846153846154            16
    0.38461538461539    0.23076923076923    0.03846153846154            16
    0.42307692307692    0.23076923076923    0.03846153846154            16
    0.46153846153846    0.23076923076923    0.03846153846154            16
    0.50000000000000    0.23076923076923    0.03846153846154             8
    0.26923076923077    0.26923076923077    0.03846153846154             8
    0.30769230769231    0.26923076923077    0.03846153846154            16
    0.34615384615385    0.26923076923077    0.03846153846154            16
    0.38461538461539    0.26923076923077    0.03846153846154            16
    0.42307692307692    0.26923076923077    0.03846153846154            16
    0.46153846153846    0.26923076923077    0.03846153846154            16
    0.50000000000000    0.26923076923077    0.03846153846154             8
    0.30769230769231    0.30769230769231    0.03846153846154             8
    0.34615384615385    0.30769230769231    0.03846153846154            16
    0.38461538461539    0.30769230769231    0.03846153846154            16
    0.42307692307692    0.30769230769231    0.03846153846154            16
    0.46153846153846    0.30769230769231    0.03846153846154            16
    0.50000000000000    0.30769230769231    0.03846153846154             8
    0.34615384615385    0.34615384615385    0.03846153846154             8
    0.38461538461539    0.34615384615385    0.03846153846154            16
    0.42307692307692    0.34615384615385    0.03846153846154            16
    0.46153846153846    0.34615384615385    0.03846153846154            16
    0.50000000000000    0.34615384615385    0.03846153846154             8
    0.38461538461539    0.38461538461539    0.03846153846154             8
    0.42307692307692    0.38461538461539    0.03846153846154            16
    0.46153846153846    0.38461538461539    0.03846153846154            16
    0.50000000000000    0.38461538461539    0.03846153846154             8
    0.42307692307692    0.42307692307692    0.03846153846154             8
    0.46153846153846    0.42307692307692    0.03846153846154            16
    0.50000000000000    0.42307692307692    0.03846153846154             8
    0.46153846153846    0.46153846153846    0.03846153846154             8
    0.50000000000000    0.46153846153846    0.03846153846154             8
    0.50000000000000    0.50000000000000    0.03846153846154             2
    0.00000000000000    0.00000000000000    0.07692307692308             2
    0.03846153846154    0.00000000000000    0.07692307692308             8
    0.07692307692308    0.00000000000000    0.07692307692308             8
    0.11538461538461    0.00000000000000    0.07692307692308             8
    0.15384615384615    0.00000000000000    0.07692307692308             8
    0.19230769230769    0.00000000000000    0.07692307692308             8
    0.23076923076923    0.00000000000000    0.07692307692308             8
    0.26923076923077    0.00000000000000    0.07692307692308             8
    0.30769230769231    0.00000000000000    0.07692307692308             8
    0.34615384615385    0.00000000000000    0.07692307692308             8
    0.38461538461539    0.00000000000000    0.07692307692308             8
    0.42307692307692    0.00000000000000    0.07692307692308             8
    0.46153846153846    0.00000000000000    0.07692307692308             8
    0.50000000000000    0.00000000000000    0.07692307692308             4
    0.03846153846154    0.03846153846154    0.07692307692308             8
    0.07692307692308    0.03846153846154    0.07692307692308            16
    0.11538461538461    0.03846153846154    0.07692307692308            16
    0.15384615384615    0.03846153846154    0.07692307692308            16
    0.19230769230769    0.03846153846154    0.07692307692308            16
    0.23076923076923    0.03846153846154    0.07692307692308            16
    0.26923076923077    0.03846153846154    0.07692307692308            16
    0.30769230769231    0.03846153846154    0.07692307692308            16
    0.34615384615385    0.03846153846154    0.07692307692308            16
    0.38461538461539    0.03846153846154    0.07692307692308            16
    0.42307692307692    0.03846153846154    0.07692307692308            16
    0.46153846153846    0.03846153846154    0.07692307692308            16
    0.50000000000000    0.03846153846154    0.07692307692308             8
    0.07692307692308    0.07692307692308    0.07692307692308             8
    0.11538461538461    0.07692307692308    0.07692307692308            16
    0.15384615384615    0.07692307692308    0.07692307692308            16
    0.19230769230769    0.07692307692308    0.07692307692308            16
    0.23076923076923    0.07692307692308    0.07692307692308            16
    0.26923076923077    0.07692307692308    0.07692307692308            16
    0.30769230769231    0.07692307692308    0.07692307692308            16
    0.34615384615385    0.07692307692308    0.07692307692308            16
    0.38461538461539    0.07692307692308    0.07692307692308            16
    0.42307692307692    0.07692307692308    0.07692307692308            16
    0.46153846153846    0.07692307692308    0.07692307692308            16
    0.50000000000000    0.07692307692308    0.07692307692308             8
    0.11538461538461    0.11538461538461    0.07692307692308             8
    0.15384615384615    0.11538461538461    0.07692307692308            16
    0.19230769230769    0.11538461538461    0.07692307692308            16
    0.23076923076923    0.11538461538461    0.07692307692308            16
    0.26923076923077    0.11538461538461    0.07692307692308            16
    0.30769230769231    0.11538461538461    0.07692307692308            16
    0.34615384615385    0.11538461538461    0.07692307692308            16
    0.38461538461539    0.11538461538461    0.07692307692308            16
    0.42307692307692    0.11538461538461    0.07692307692308            16
    0.46153846153846    0.11538461538461    0.07692307692308            16
    0.50000000000000    0.11538461538461    0.07692307692308             8
    0.15384615384615    0.15384615384615    0.07692307692308             8
    0.19230769230769    0.15384615384615    0.07692307692308            16
    0.23076923076923    0.15384615384615    0.07692307692308            16
    0.26923076923077    0.15384615384615    0.07692307692308            16
    0.30769230769231    0.15384615384615    0.07692307692308            16
    0.34615384615385    0.15384615384615    0.07692307692308            16
    0.38461538461539    0.15384615384615    0.07692307692308            16
    0.42307692307692    0.15384615384615    0.07692307692308            16
    0.46153846153846    0.15384615384615    0.07692307692308            16
    0.50000000000000    0.15384615384615    0.07692307692308             8
    0.19230769230769    0.19230769230769    0.07692307692308             8
    0.23076923076923    0.19230769230769    0.07692307692308            16
    0.26923076923077    0.19230769230769    0.07692307692308            16
    0.30769230769231    0.19230769230769    0.07692307692308            16
    0.34615384615385    0.19230769230769    0.07692307692308            16
    0.38461538461539    0.19230769230769    0.07692307692308            16
    0.42307692307692    0.19230769230769    0.07692307692308            16
    0.46153846153846    0.19230769230769    0.07692307692308            16
    0.50000000000000    0.19230769230769    0.07692307692308             8
    0.23076923076923    0.23076923076923    0.07692307692308             8
    0.26923076923077    0.23076923076923    0.07692307692308            16
    0.30769230769231    0.23076923076923    0.07692307692308            16
    0.34615384615385    0.23076923076923    0.07692307692308            16
    0.38461538461539    0.23076923076923    0.07692307692308            16
    0.42307692307692    0.23076923076923    0.07692307692308            16
    0.46153846153846    0.23076923076923    0.07692307692308            16
    0.50000000000000    0.23076923076923    0.07692307692308             8
    0.26923076923077    0.26923076923077    0.07692307692308             8
    0.30769230769231    0.26923076923077    0.07692307692308            16
    0.34615384615385    0.26923076923077    0.07692307692308            16
    0.38461538461539    0.26923076923077    0.07692307692308            16
    0.42307692307692    0.26923076923077    0.07692307692308            16
    0.46153846153846    0.26923076923077    0.07692307692308            16
    0.50000000000000    0.26923076923077    0.07692307692308             8
    0.30769230769231    0.30769230769231    0.07692307692308             8
    0.34615384615385    0.30769230769231    0.07692307692308            16
    0.38461538461539    0.30769230769231    0.07692307692308            16
    0.42307692307692    0.30769230769231    0.07692307692308            16
    0.46153846153846    0.30769230769231    0.07692307692308            16
    0.50000000000000    0.30769230769231    0.07692307692308             8
    0.34615384615385    0.34615384615385    0.07692307692308             8
    0.38461538461539    0.34615384615385    0.07692307692308            16
    0.42307692307692    0.34615384615385    0.07692307692308            16
    0.46153846153846    0.34615384615385    0.07692307692308            16
    0.50000000000000    0.34615384615385    0.07692307692308             8
    0.38461538461539    0.38461538461539    0.07692307692308             8
    0.42307692307692    0.38461538461539    0.07692307692308            16
    0.46153846153846    0.38461538461539    0.07692307692308            16
    0.50000000000000    0.38461538461539    0.07692307692308             8
    0.42307692307692    0.42307692307692    0.07692307692308             8
    0.46153846153846    0.42307692307692    0.07692307692308            16
    0.50000000000000    0.42307692307692    0.07692307692308             8
    0.46153846153846    0.46153846153846    0.07692307692308             8
    0.50000000000000    0.46153846153846    0.07692307692308             8
    0.50000000000000    0.50000000000000    0.07692307692308             2
    0.00000000000000    0.00000000000000    0.11538461538461             2
    0.03846153846154    0.00000000000000    0.11538461538461             8
    0.07692307692308    0.00000000000000    0.11538461538461             8
    0.11538461538461    0.00000000000000    0.11538461538461             8
    0.15384615384615    0.00000000000000    0.11538461538461             8
    0.19230769230769    0.00000000000000    0.11538461538461             8
    0.23076923076923    0.00000000000000    0.11538461538461             8
    0.26923076923077    0.00000000000000    0.11538461538461             8
    0.30769230769231    0.00000000000000    0.11538461538461             8
    0.34615384615385    0.00000000000000    0.11538461538461             8
    0.38461538461539    0.00000000000000    0.11538461538461             8
    0.42307692307692    0.00000000000000    0.11538461538461             8
    0.46153846153846    0.00000000000000    0.11538461538461             8
    0.50000000000000    0.00000000000000    0.11538461538461             4
    0.03846153846154    0.03846153846154    0.11538461538461             8
    0.07692307692308    0.03846153846154    0.11538461538461            16
    0.11538461538461    0.03846153846154    0.11538461538461            16
    0.15384615384615    0.03846153846154    0.11538461538461            16
    0.19230769230769    0.03846153846154    0.11538461538461            16
    0.23076923076923    0.03846153846154    0.11538461538461            16
    0.26923076923077    0.03846153846154    0.11538461538461            16
    0.30769230769231    0.03846153846154    0.11538461538461            16
    0.34615384615385    0.03846153846154    0.11538461538461            16
    0.38461538461539    0.03846153846154    0.11538461538461            16
    0.42307692307692    0.03846153846154    0.11538461538461            16
    0.46153846153846    0.03846153846154    0.11538461538461            16
    0.50000000000000    0.03846153846154    0.11538461538461             8
    0.07692307692308    0.07692307692308    0.11538461538461             8
    0.11538461538461    0.07692307692308    0.11538461538461            16
    0.15384615384615    0.07692307692308    0.11538461538461            16
    0.19230769230769    0.07692307692308    0.11538461538461            16
    0.23076923076923    0.07692307692308    0.11538461538461            16
    0.26923076923077    0.07692307692308    0.11538461538461            16
    0.30769230769231    0.07692307692308    0.11538461538461            16
    0.34615384615385    0.07692307692308    0.11538461538461            16
    0.38461538461539    0.07692307692308    0.11538461538461            16
    0.42307692307692    0.07692307692308    0.11538461538461            16
    0.46153846153846    0.07692307692308    0.11538461538461            16
    0.50000000000000    0.07692307692308    0.11538461538461             8
    0.11538461538461    0.11538461538461    0.11538461538461             8
    0.15384615384615    0.11538461538461    0.11538461538461            16
    0.19230769230769    0.11538461538461    0.11538461538461            16
    0.23076923076923    0.11538461538461    0.11538461538461            16
    0.26923076923077    0.11538461538461    0.11538461538461            16
    0.30769230769231    0.11538461538461    0.11538461538461            16
    0.34615384615385    0.11538461538461    0.11538461538461            16
    0.38461538461539    0.11538461538461    0.11538461538461            16
    0.42307692307692    0.11538461538461    0.11538461538461            16
    0.46153846153846    0.11538461538461    0.11538461538461            16
    0.50000000000000    0.11538461538461    0.11538461538461             8
    0.15384615384615    0.15384615384615    0.11538461538461             8
    0.19230769230769    0.15384615384615    0.11538461538461            16
    0.23076923076923    0.15384615384615    0.11538461538461            16
    0.26923076923077    0.15384615384615    0.11538461538461            16
    0.30769230769231    0.15384615384615    0.11538461538461            16
    0.34615384615385    0.15384615384615    0.11538461538461            16
    0.38461538461539    0.15384615384615    0.11538461538461            16
    0.42307692307692    0.15384615384615    0.11538461538461            16
    0.46153846153846    0.15384615384615    0.11538461538461            16
    0.50000000000000    0.15384615384615    0.11538461538461             8
    0.19230769230769    0.19230769230769    0.11538461538461             8
    0.23076923076923    0.19230769230769    0.11538461538461            16
    0.26923076923077    0.19230769230769    0.11538461538461            16
    0.30769230769231    0.19230769230769    0.11538461538461            16
    0.34615384615385    0.19230769230769    0.11538461538461            16
    0.38461538461539    0.19230769230769    0.11538461538461            16
    0.42307692307692    0.19230769230769    0.11538461538461            16
    0.46153846153846    0.19230769230769    0.11538461538461            16
    0.50000000000000    0.19230769230769    0.11538461538461             8
    0.23076923076923    0.23076923076923    0.11538461538461             8
    0.26923076923077    0.23076923076923    0.11538461538461            16
    0.30769230769231    0.23076923076923    0.11538461538461            16
    0.34615384615385    0.23076923076923    0.11538461538461            16
    0.38461538461539    0.23076923076923    0.11538461538461            16
    0.42307692307692    0.23076923076923    0.11538461538461            16
    0.46153846153846    0.23076923076923    0.11538461538461            16
    0.50000000000000    0.23076923076923    0.11538461538461             8
    0.26923076923077    0.26923076923077    0.11538461538461             8
    0.30769230769231    0.26923076923077    0.11538461538461            16
    0.34615384615385    0.26923076923077    0.11538461538461            16
    0.38461538461539    0.26923076923077    0.11538461538461            16
    0.42307692307692    0.26923076923077    0.11538461538461            16
    0.46153846153846    0.26923076923077    0.11538461538461            16
    0.50000000000000    0.26923076923077    0.11538461538461             8
    0.30769230769231    0.30769230769231    0.11538461538461             8
    0.34615384615385    0.30769230769231    0.11538461538461            16
    0.38461538461539    0.30769230769231    0.11538461538461            16
    0.42307692307692    0.30769230769231    0.11538461538461            16
    0.46153846153846    0.30769230769231    0.11538461538461            16
    0.50000000000000    0.30769230769231    0.11538461538461             8
    0.34615384615385    0.34615384615385    0.11538461538461             8
    0.38461538461539    0.34615384615385    0.11538461538461            16
    0.42307692307692    0.34615384615385    0.11538461538461            16
    0.46153846153846    0.34615384615385    0.11538461538461            16
    0.50000000000000    0.34615384615385    0.11538461538461             8
    0.38461538461539    0.38461538461539    0.11538461538461             8
    0.42307692307692    0.38461538461539    0.11538461538461            16
    0.46153846153846    0.38461538461539    0.11538461538461            16
    0.50000000000000    0.38461538461539    0.11538461538461             8
    0.42307692307692    0.42307692307692    0.11538461538461             8
    0.46153846153846    0.42307692307692    0.11538461538461            16
    0.50000000000000    0.42307692307692    0.11538461538461             8
    0.46153846153846    0.46153846153846    0.11538461538461             8
    0.50000000000000    0.46153846153846    0.11538461538461             8
    0.50000000000000    0.50000000000000    0.11538461538461             2
    0.00000000000000    0.00000000000000    0.15384615384615             2
    0.03846153846154    0.00000000000000    0.15384615384615             8
    0.07692307692308    0.00000000000000    0.15384615384615             8
    0.11538461538461    0.00000000000000    0.15384615384615             8
    0.15384615384615    0.00000000000000    0.15384615384615             8
    0.19230769230769    0.00000000000000    0.15384615384615             8
    0.23076923076923    0.00000000000000    0.15384615384615             8
    0.26923076923077    0.00000000000000    0.15384615384615             8
    0.30769230769231    0.00000000000000    0.15384615384615             8
    0.34615384615385    0.00000000000000    0.15384615384615             8
    0.38461538461539    0.00000000000000    0.15384615384615             8
    0.42307692307692    0.00000000000000    0.15384615384615             8
    0.46153846153846    0.00000000000000    0.15384615384615             8
    0.50000000000000    0.00000000000000    0.15384615384615             4
    0.03846153846154    0.03846153846154    0.15384615384615             8
    0.07692307692308    0.03846153846154    0.15384615384615            16
    0.11538461538461    0.03846153846154    0.15384615384615            16
    0.15384615384615    0.03846153846154    0.15384615384615            16
    0.19230769230769    0.03846153846154    0.15384615384615            16
    0.23076923076923    0.03846153846154    0.15384615384615            16
    0.26923076923077    0.03846153846154    0.15384615384615            16
    0.30769230769231    0.03846153846154    0.15384615384615            16
    0.34615384615385    0.03846153846154    0.15384615384615            16
    0.38461538461539    0.03846153846154    0.15384615384615            16
    0.42307692307692    0.03846153846154    0.15384615384615            16
    0.46153846153846    0.03846153846154    0.15384615384615            16
    0.50000000000000    0.03846153846154    0.15384615384615             8
    0.07692307692308    0.07692307692308    0.15384615384615             8
    0.11538461538461    0.07692307692308    0.15384615384615            16
    0.15384615384615    0.07692307692308    0.15384615384615            16
    0.19230769230769    0.07692307692308    0.15384615384615            16
    0.23076923076923    0.07692307692308    0.15384615384615            16
    0.26923076923077    0.07692307692308    0.15384615384615            16
    0.30769230769231    0.07692307692308    0.15384615384615            16
    0.34615384615385    0.07692307692308    0.15384615384615            16
    0.38461538461539    0.07692307692308    0.15384615384615            16
    0.42307692307692    0.07692307692308    0.15384615384615            16
    0.46153846153846    0.07692307692308    0.15384615384615            16
    0.50000000000000    0.07692307692308    0.15384615384615             8
    0.11538461538461    0.11538461538461    0.15384615384615             8
    0.15384615384615    0.11538461538461    0.15384615384615            16
    0.19230769230769    0.11538461538461    0.15384615384615            16
    0.23076923076923    0.11538461538461    0.15384615384615            16
    0.26923076923077    0.11538461538461    0.15384615384615            16
    0.30769230769231    0.11538461538461    0.15384615384615            16
    0.34615384615385    0.11538461538461    0.15384615384615            16
    0.38461538461539    0.11538461538461    0.15384615384615            16
    0.42307692307692    0.11538461538461    0.15384615384615            16
    0.46153846153846    0.11538461538461    0.15384615384615            16
    0.50000000000000    0.11538461538461    0.15384615384615             8
    0.15384615384615    0.15384615384615    0.15384615384615             8
    0.19230769230769    0.15384615384615    0.15384615384615            16
    0.23076923076923    0.15384615384615    0.15384615384615            16
    0.26923076923077    0.15384615384615    0.15384615384615            16
    0.30769230769231    0.15384615384615    0.15384615384615            16
    0.34615384615385    0.15384615384615    0.15384615384615            16
    0.38461538461539    0.15384615384615    0.15384615384615            16
    0.42307692307692    0.15384615384615    0.15384615384615            16
    0.46153846153846    0.15384615384615    0.15384615384615            16
    0.50000000000000    0.15384615384615    0.15384615384615             8
    0.19230769230769    0.19230769230769    0.15384615384615             8
    0.23076923076923    0.19230769230769    0.15384615384615            16
    0.26923076923077    0.19230769230769    0.15384615384615            16
    0.30769230769231    0.19230769230769    0.15384615384615            16
    0.34615384615385    0.19230769230769    0.15384615384615            16
    0.38461538461539    0.19230769230769    0.15384615384615            16
    0.42307692307692    0.19230769230769    0.15384615384615            16
    0.46153846153846    0.19230769230769    0.15384615384615            16
    0.50000000000000    0.19230769230769    0.15384615384615             8
    0.23076923076923    0.23076923076923    0.15384615384615             8
    0.26923076923077    0.23076923076923    0.15384615384615            16
    0.30769230769231    0.23076923076923    0.15384615384615            16
    0.34615384615385    0.23076923076923    0.15384615384615            16
    0.38461538461539    0.23076923076923    0.15384615384615            16
    0.42307692307692    0.23076923076923    0.15384615384615            16
    0.46153846153846    0.23076923076923    0.15384615384615            16
    0.50000000000000    0.23076923076923    0.15384615384615             8
    0.26923076923077    0.26923076923077    0.15384615384615             8
    0.30769230769231    0.26923076923077    0.15384615384615            16
    0.34615384615385    0.26923076923077    0.15384615384615            16
    0.38461538461539    0.26923076923077    0.15384615384615            16
    0.42307692307692    0.26923076923077    0.15384615384615            16
    0.46153846153846    0.26923076923077    0.15384615384615            16
    0.50000000000000    0.26923076923077    0.15384615384615             8
    0.30769230769231    0.30769230769231    0.15384615384615             8
    0.34615384615385    0.30769230769231    0.15384615384615            16
    0.38461538461539    0.30769230769231    0.15384615384615            16
    0.42307692307692    0.30769230769231    0.15384615384615            16
    0.46153846153846    0.30769230769231    0.15384615384615            16
    0.50000000000000    0.30769230769231    0.15384615384615             8
    0.34615384615385    0.34615384615385    0.15384615384615             8
    0.38461538461539    0.34615384615385    0.15384615384615            16
    0.42307692307692    0.34615384615385    0.15384615384615            16
    0.46153846153846    0.34615384615385    0.15384615384615            16
    0.50000000000000    0.34615384615385    0.15384615384615             8
    0.38461538461539    0.38461538461539    0.15384615384615             8
    0.42307692307692    0.38461538461539    0.15384615384615            16
    0.46153846153846    0.38461538461539    0.15384615384615            16
    0.50000000000000    0.38461538461539    0.15384615384615             8
    0.42307692307692    0.42307692307692    0.15384615384615             8
    0.46153846153846    0.42307692307692    0.15384615384615            16
    0.50000000000000    0.42307692307692    0.15384615384615             8
    0.46153846153846    0.46153846153846    0.15384615384615             8
    0.50000000000000    0.46153846153846    0.15384615384615             8
    0.50000000000000    0.50000000000000    0.15384615384615             2
    0.00000000000000    0.00000000000000    0.19230769230769             2
    0.03846153846154    0.00000000000000    0.19230769230769             8
    0.07692307692308    0.00000000000000    0.19230769230769             8
    0.11538461538461    0.00000000000000    0.19230769230769             8
    0.15384615384615    0.00000000000000    0.19230769230769             8
    0.19230769230769    0.00000000000000    0.19230769230769             8
    0.23076923076923    0.00000000000000    0.19230769230769             8
    0.26923076923077    0.00000000000000    0.19230769230769             8
    0.30769230769231    0.00000000000000    0.19230769230769             8
    0.34615384615385    0.00000000000000    0.19230769230769             8
    0.38461538461539    0.00000000000000    0.19230769230769             8
    0.42307692307692    0.00000000000000    0.19230769230769             8
    0.46153846153846    0.00000000000000    0.19230769230769             8
    0.50000000000000    0.00000000000000    0.19230769230769             4
    0.03846153846154    0.03846153846154    0.19230769230769             8
    0.07692307692308    0.03846153846154    0.19230769230769            16
    0.11538461538461    0.03846153846154    0.19230769230769            16
    0.15384615384615    0.03846153846154    0.19230769230769            16
    0.19230769230769    0.03846153846154    0.19230769230769            16
    0.23076923076923    0.03846153846154    0.19230769230769            16
    0.26923076923077    0.03846153846154    0.19230769230769            16
    0.30769230769231    0.03846153846154    0.19230769230769            16
    0.34615384615385    0.03846153846154    0.19230769230769            16
    0.38461538461539    0.03846153846154    0.19230769230769            16
    0.42307692307692    0.03846153846154    0.19230769230769            16
    0.46153846153846    0.03846153846154    0.19230769230769            16
    0.50000000000000    0.03846153846154    0.19230769230769             8
    0.07692307692308    0.07692307692308    0.19230769230769             8
    0.11538461538461    0.07692307692308    0.19230769230769            16
    0.15384615384615    0.07692307692308    0.19230769230769            16
    0.19230769230769    0.07692307692308    0.19230769230769            16
    0.23076923076923    0.07692307692308    0.19230769230769            16
    0.26923076923077    0.07692307692308    0.19230769230769            16
    0.30769230769231    0.07692307692308    0.19230769230769            16
    0.34615384615385    0.07692307692308    0.19230769230769            16
    0.38461538461539    0.07692307692308    0.19230769230769            16
    0.42307692307692    0.07692307692308    0.19230769230769            16
    0.46153846153846    0.07692307692308    0.19230769230769            16
    0.50000000000000    0.07692307692308    0.19230769230769             8
    0.11538461538461    0.11538461538461    0.19230769230769             8
    0.15384615384615    0.11538461538461    0.19230769230769            16
    0.19230769230769    0.11538461538461    0.19230769230769            16
    0.23076923076923    0.11538461538461    0.19230769230769            16
    0.26923076923077    0.11538461538461    0.19230769230769            16
    0.30769230769231    0.11538461538461    0.19230769230769            16
    0.34615384615385    0.11538461538461    0.19230769230769            16
    0.38461538461539    0.11538461538461    0.19230769230769            16
    0.42307692307692    0.11538461538461    0.19230769230769            16
    0.46153846153846    0.11538461538461    0.19230769230769            16
    0.50000000000000    0.11538461538461    0.19230769230769             8
    0.15384615384615    0.15384615384615    0.19230769230769             8
    0.19230769230769    0.15384615384615    0.19230769230769            16
    0.23076923076923    0.15384615384615    0.19230769230769            16
    0.26923076923077    0.15384615384615    0.19230769230769            16
    0.30769230769231    0.15384615384615    0.19230769230769            16
    0.34615384615385    0.15384615384615    0.19230769230769            16
    0.38461538461539    0.15384615384615    0.19230769230769            16
    0.42307692307692    0.15384615384615    0.19230769230769            16
    0.46153846153846    0.15384615384615    0.19230769230769            16
    0.50000000000000    0.15384615384615    0.19230769230769             8
    0.19230769230769    0.19230769230769    0.19230769230769             8
    0.23076923076923    0.19230769230769    0.19230769230769            16
    0.26923076923077    0.19230769230769    0.19230769230769            16
    0.30769230769231    0.19230769230769    0.19230769230769            16
    0.34615384615385    0.19230769230769    0.19230769230769            16
    0.38461538461539    0.19230769230769    0.19230769230769            16
    0.42307692307692    0.19230769230769    0.19230769230769            16
    0.46153846153846    0.19230769230769    0.19230769230769            16
    0.50000000000000    0.19230769230769    0.19230769230769             8
    0.23076923076923    0.23076923076923    0.19230769230769             8
    0.26923076923077    0.23076923076923    0.19230769230769            16
    0.30769230769231    0.23076923076923    0.19230769230769            16
    0.34615384615385    0.23076923076923    0.19230769230769            16
    0.38461538461539    0.23076923076923    0.19230769230769            16
    0.42307692307692    0.23076923076923    0.19230769230769            16
    0.46153846153846    0.23076923076923    0.19230769230769            16
    0.50000000000000    0.23076923076923    0.19230769230769             8
    0.26923076923077    0.26923076923077    0.19230769230769             8
    0.30769230769231    0.26923076923077    0.19230769230769            16
    0.34615384615385    0.26923076923077    0.19230769230769            16
    0.38461538461539    0.26923076923077    0.19230769230769            16
    0.42307692307692    0.26923076923077    0.19230769230769            16
    0.46153846153846    0.26923076923077    0.19230769230769            16
    0.50000000000000    0.26923076923077    0.19230769230769             8
    0.30769230769231    0.30769230769231    0.19230769230769             8
    0.34615384615385    0.30769230769231    0.19230769230769            16
    0.38461538461539    0.30769230769231    0.19230769230769            16
    0.42307692307692    0.30769230769231    0.19230769230769            16
    0.46153846153846    0.30769230769231    0.19230769230769            16
    0.50000000000000    0.30769230769231    0.19230769230769             8
    0.34615384615385    0.34615384615385    0.19230769230769             8
    0.38461538461539    0.34615384615385    0.19230769230769            16
    0.42307692307692    0.34615384615385    0.19230769230769            16
    0.46153846153846    0.34615384615385    0.19230769230769            16
    0.50000000000000    0.34615384615385    0.19230769230769             8
    0.38461538461539    0.38461538461539    0.19230769230769             8
    0.42307692307692    0.38461538461539    0.19230769230769            16
    0.46153846153846    0.38461538461539    0.19230769230769            16
    0.50000000000000    0.38461538461539    0.19230769230769             8
    0.42307692307692    0.42307692307692    0.19230769230769             8
    0.46153846153846    0.42307692307692    0.19230769230769            16
    0.50000000000000    0.42307692307692    0.19230769230769             8
    0.46153846153846    0.46153846153846    0.19230769230769             8
    0.50000000000000    0.46153846153846    0.19230769230769             8
    0.50000000000000    0.50000000000000    0.19230769230769             2
    0.00000000000000    0.00000000000000    0.23076923076923             2
    0.03846153846154    0.00000000000000    0.23076923076923             8
    0.07692307692308    0.00000000000000    0.23076923076923             8
    0.11538461538461    0.00000000000000    0.23076923076923             8
    0.15384615384615    0.00000000000000    0.23076923076923             8
    0.19230769230769    0.00000000000000    0.23076923076923             8
    0.23076923076923    0.00000000000000    0.23076923076923             8
    0.26923076923077    0.00000000000000    0.23076923076923             8
    0.30769230769231    0.00000000000000    0.23076923076923             8
    0.34615384615385    0.00000000000000    0.23076923076923             8
    0.38461538461539    0.00000000000000    0.23076923076923             8
    0.42307692307692    0.00000000000000    0.23076923076923             8
    0.46153846153846    0.00000000000000    0.23076923076923             8
    0.50000000000000    0.00000000000000    0.23076923076923             4
    0.03846153846154    0.03846153846154    0.23076923076923             8
    0.07692307692308    0.03846153846154    0.23076923076923            16
    0.11538461538461    0.03846153846154    0.23076923076923            16
    0.15384615384615    0.03846153846154    0.23076923076923            16
    0.19230769230769    0.03846153846154    0.23076923076923            16
    0.23076923076923    0.03846153846154    0.23076923076923            16
    0.26923076923077    0.03846153846154    0.23076923076923            16
    0.30769230769231    0.03846153846154    0.23076923076923            16
    0.34615384615385    0.03846153846154    0.23076923076923            16
    0.38461538461539    0.03846153846154    0.23076923076923            16
    0.42307692307692    0.03846153846154    0.23076923076923            16
    0.46153846153846    0.03846153846154    0.23076923076923            16
    0.50000000000000    0.03846153846154    0.23076923076923             8
    0.07692307692308    0.07692307692308    0.23076923076923             8
    0.11538461538461    0.07692307692308    0.23076923076923            16
    0.15384615384615    0.07692307692308    0.23076923076923            16
    0.19230769230769    0.07692307692308    0.23076923076923            16
    0.23076923076923    0.07692307692308    0.23076923076923            16
    0.26923076923077    0.07692307692308    0.23076923076923            16
    0.30769230769231    0.07692307692308    0.23076923076923            16
    0.34615384615385    0.07692307692308    0.23076923076923            16
    0.38461538461539    0.07692307692308    0.23076923076923            16
    0.42307692307692    0.07692307692308    0.23076923076923            16
    0.46153846153846    0.07692307692308    0.23076923076923            16
    0.50000000000000    0.07692307692308    0.23076923076923             8
    0.11538461538461    0.11538461538461    0.23076923076923             8
    0.15384615384615    0.11538461538461    0.23076923076923            16
    0.19230769230769    0.11538461538461    0.23076923076923            16
    0.23076923076923    0.11538461538461    0.23076923076923            16
    0.26923076923077    0.11538461538461    0.23076923076923            16
    0.30769230769231    0.11538461538461    0.23076923076923            16
    0.34615384615385    0.11538461538461    0.23076923076923            16
    0.38461538461539    0.11538461538461    0.23076923076923            16
    0.42307692307692    0.11538461538461    0.23076923076923            16
    0.46153846153846    0.11538461538461    0.23076923076923            16
    0.50000000000000    0.11538461538461    0.23076923076923             8
    0.15384615384615    0.15384615384615    0.23076923076923             8
    0.19230769230769    0.15384615384615    0.23076923076923            16
    0.23076923076923    0.15384615384615    0.23076923076923            16
    0.26923076923077    0.15384615384615    0.23076923076923            16
    0.30769230769231    0.15384615384615    0.23076923076923            16
    0.34615384615385    0.15384615384615    0.23076923076923            16
    0.38461538461539    0.15384615384615    0.23076923076923            16
    0.42307692307692    0.15384615384615    0.23076923076923            16
    0.46153846153846    0.15384615384615    0.23076923076923            16
    0.50000000000000    0.15384615384615    0.23076923076923             8
    0.19230769230769    0.19230769230769    0.23076923076923             8
    0.23076923076923    0.19230769230769    0.23076923076923            16
    0.26923076923077    0.19230769230769    0.23076923076923            16
    0.30769230769231    0.19230769230769    0.23076923076923            16
    0.34615384615385    0.19230769230769    0.23076923076923            16
    0.38461538461539    0.19230769230769    0.23076923076923            16
    0.42307692307692    0.19230769230769    0.23076923076923            16
    0.46153846153846    0.19230769230769    0.23076923076923            16
    0.50000000000000    0.19230769230769    0.23076923076923             8
    0.23076923076923    0.23076923076923    0.23076923076923             8
    0.26923076923077    0.23076923076923    0.23076923076923            16
    0.30769230769231    0.23076923076923    0.23076923076923            16
    0.34615384615385    0.23076923076923    0.23076923076923            16
    0.38461538461539    0.23076923076923    0.23076923076923            16
    0.42307692307692    0.23076923076923    0.23076923076923            16
    0.46153846153846    0.23076923076923    0.23076923076923            16
    0.50000000000000    0.23076923076923    0.23076923076923             8
    0.26923076923077    0.26923076923077    0.23076923076923             8
    0.30769230769231    0.26923076923077    0.23076923076923            16
    0.34615384615385    0.26923076923077    0.23076923076923            16
    0.38461538461539    0.26923076923077    0.23076923076923            16
    0.42307692307692    0.26923076923077    0.23076923076923            16
    0.46153846153846    0.26923076923077    0.23076923076923            16
    0.50000000000000    0.26923076923077    0.23076923076923             8
    0.30769230769231    0.30769230769231    0.23076923076923             8
    0.34615384615385    0.30769230769231    0.23076923076923            16
    0.38461538461539    0.30769230769231    0.23076923076923            16
    0.42307692307692    0.30769230769231    0.23076923076923            16
    0.46153846153846    0.30769230769231    0.23076923076923            16
    0.50000000000000    0.30769230769231    0.23076923076923             8
    0.34615384615385    0.34615384615385    0.23076923076923             8
    0.38461538461539    0.34615384615385    0.23076923076923            16
    0.42307692307692    0.34615384615385    0.23076923076923            16
    0.46153846153846    0.34615384615385    0.23076923076923            16
    0.50000000000000    0.34615384615385    0.23076923076923             8
    0.38461538461539    0.38461538461539    0.23076923076923             8
    0.42307692307692    0.38461538461539    0.23076923076923            16
    0.46153846153846    0.38461538461539    0.23076923076923            16
    0.50000000000000    0.38461538461539    0.23076923076923             8
    0.42307692307692    0.42307692307692    0.23076923076923             8
    0.46153846153846    0.42307692307692    0.23076923076923            16
    0.50000000000000    0.42307692307692    0.23076923076923             8
    0.46153846153846    0.46153846153846    0.23076923076923             8
    0.50000000000000    0.46153846153846    0.23076923076923             8
    0.50000000000000    0.50000000000000    0.23076923076923             2
    0.00000000000000    0.00000000000000    0.26923076923077             2
    0.03846153846154    0.00000000000000    0.26923076923077             8
    0.07692307692308    0.00000000000000    0.26923076923077             8
    0.11538461538461    0.00000000000000    0.26923076923077             8
    0.15384615384615    0.00000000000000    0.26923076923077             8
    0.19230769230769    0.00000000000000    0.26923076923077             8
    0.23076923076923    0.00000000000000    0.26923076923077             8
    0.26923076923077    0.00000000000000    0.26923076923077             8
    0.30769230769231    0.00000000000000    0.26923076923077             8
    0.34615384615385    0.00000000000000    0.26923076923077             8
    0.38461538461539    0.00000000000000    0.26923076923077             8
    0.42307692307692    0.00000000000000    0.26923076923077             8
    0.46153846153846    0.00000000000000    0.26923076923077             8
    0.50000000000000    0.00000000000000    0.26923076923077             4
    0.03846153846154    0.03846153846154    0.26923076923077             8
    0.07692307692308    0.03846153846154    0.26923076923077            16
    0.11538461538461    0.03846153846154    0.26923076923077            16
    0.15384615384615    0.03846153846154    0.26923076923077            16
    0.19230769230769    0.03846153846154    0.26923076923077            16
    0.23076923076923    0.03846153846154    0.26923076923077            16
    0.26923076923077    0.03846153846154    0.26923076923077            16
    0.30769230769231    0.03846153846154    0.26923076923077            16
    0.34615384615385    0.03846153846154    0.26923076923077            16
    0.38461538461539    0.03846153846154    0.26923076923077            16
    0.42307692307692    0.03846153846154    0.26923076923077            16
    0.46153846153846    0.03846153846154    0.26923076923077            16
    0.50000000000000    0.03846153846154    0.26923076923077             8
    0.07692307692308    0.07692307692308    0.26923076923077             8
    0.11538461538461    0.07692307692308    0.26923076923077            16
    0.15384615384615    0.07692307692308    0.26923076923077            16
    0.19230769230769    0.07692307692308    0.26923076923077            16
    0.23076923076923    0.07692307692308    0.26923076923077            16
    0.26923076923077    0.07692307692308    0.26923076923077            16
    0.30769230769231    0.07692307692308    0.26923076923077            16
    0.34615384615385    0.07692307692308    0.26923076923077            16
    0.38461538461539    0.07692307692308    0.26923076923077            16
    0.42307692307692    0.07692307692308    0.26923076923077            16
    0.46153846153846    0.07692307692308    0.26923076923077            16
    0.50000000000000    0.07692307692308    0.26923076923077             8
    0.11538461538461    0.11538461538461    0.26923076923077             8
    0.15384615384615    0.11538461538461    0.26923076923077            16
    0.19230769230769    0.11538461538461    0.26923076923077            16
    0.23076923076923    0.11538461538461    0.26923076923077            16
    0.26923076923077    0.11538461538461    0.26923076923077            16
    0.30769230769231    0.11538461538461    0.26923076923077            16
    0.34615384615385    0.11538461538461    0.26923076923077            16
    0.38461538461539    0.11538461538461    0.26923076923077            16
    0.42307692307692    0.11538461538461    0.26923076923077            16
    0.46153846153846    0.11538461538461    0.26923076923077            16
    0.50000000000000    0.11538461538461    0.26923076923077             8
    0.15384615384615    0.15384615384615    0.26923076923077             8
    0.19230769230769    0.15384615384615    0.26923076923077            16
    0.23076923076923    0.15384615384615    0.26923076923077            16
    0.26923076923077    0.15384615384615    0.26923076923077            16
    0.30769230769231    0.15384615384615    0.26923076923077            16
    0.34615384615385    0.15384615384615    0.26923076923077            16
    0.38461538461539    0.15384615384615    0.26923076923077            16
    0.42307692307692    0.15384615384615    0.26923076923077            16
    0.46153846153846    0.15384615384615    0.26923076923077            16
    0.50000000000000    0.15384615384615    0.26923076923077             8
    0.19230769230769    0.19230769230769    0.26923076923077             8
    0.23076923076923    0.19230769230769    0.26923076923077            16
    0.26923076923077    0.19230769230769    0.26923076923077            16
    0.30769230769231    0.19230769230769    0.26923076923077            16
    0.34615384615385    0.19230769230769    0.26923076923077            16
    0.38461538461539    0.19230769230769    0.26923076923077            16
    0.42307692307692    0.19230769230769    0.26923076923077            16
    0.46153846153846    0.19230769230769    0.26923076923077            16
    0.50000000000000    0.19230769230769    0.26923076923077             8
    0.23076923076923    0.23076923076923    0.26923076923077             8
    0.26923076923077    0.23076923076923    0.26923076923077            16
    0.30769230769231    0.23076923076923    0.26923076923077            16
    0.34615384615385    0.23076923076923    0.26923076923077            16
    0.38461538461539    0.23076923076923    0.26923076923077            16
    0.42307692307692    0.23076923076923    0.26923076923077            16
    0.46153846153846    0.23076923076923    0.26923076923077            16
    0.50000000000000    0.23076923076923    0.26923076923077             8
    0.26923076923077    0.26923076923077    0.26923076923077             8
    0.30769230769231    0.26923076923077    0.26923076923077            16
    0.34615384615385    0.26923076923077    0.26923076923077            16
    0.38461538461539    0.26923076923077    0.26923076923077            16
    0.42307692307692    0.26923076923077    0.26923076923077            16
    0.46153846153846    0.26923076923077    0.26923076923077            16
    0.50000000000000    0.26923076923077    0.26923076923077             8
    0.30769230769231    0.30769230769231    0.26923076923077             8
    0.34615384615385    0.30769230769231    0.26923076923077            16
    0.38461538461539    0.30769230769231    0.26923076923077            16
    0.42307692307692    0.30769230769231    0.26923076923077            16
    0.46153846153846    0.30769230769231    0.26923076923077            16
    0.50000000000000    0.30769230769231    0.26923076923077             8
    0.34615384615385    0.34615384615385    0.26923076923077             8
    0.38461538461539    0.34615384615385    0.26923076923077            16
    0.42307692307692    0.34615384615385    0.26923076923077            16
    0.46153846153846    0.34615384615385    0.26923076923077            16
    0.50000000000000    0.34615384615385    0.26923076923077             8
    0.38461538461539    0.38461538461539    0.26923076923077             8
    0.42307692307692    0.38461538461539    0.26923076923077            16
    0.46153846153846    0.38461538461539    0.26923076923077            16
    0.50000000000000    0.38461538461539    0.26923076923077             8
    0.42307692307692    0.42307692307692    0.26923076923077             8
    0.46153846153846    0.42307692307692    0.26923076923077            16
    0.50000000000000    0.42307692307692    0.26923076923077             8
    0.46153846153846    0.46153846153846    0.26923076923077             8
    0.50000000000000    0.46153846153846    0.26923076923077             8
    0.50000000000000    0.50000000000000    0.26923076923077             2
    0.00000000000000    0.00000000000000    0.30769230769231             2
    0.03846153846154    0.00000000000000    0.30769230769231             8
    0.07692307692308    0.00000000000000    0.30769230769231             8
    0.11538461538461    0.00000000000000    0.30769230769231             8
    0.15384615384615    0.00000000000000    0.30769230769231             8
    0.19230769230769    0.00000000000000    0.30769230769231             8
    0.23076923076923    0.00000000000000    0.30769230769231             8
    0.26923076923077    0.00000000000000    0.30769230769231             8
    0.30769230769231    0.00000000000000    0.30769230769231             8
    0.34615384615385    0.00000000000000    0.30769230769231             8
    0.38461538461539    0.00000000000000    0.30769230769231             8
    0.42307692307692    0.00000000000000    0.30769230769231             8
    0.46153846153846    0.00000000000000    0.30769230769231             8
    0.50000000000000    0.00000000000000    0.30769230769231             4
    0.03846153846154    0.03846153846154    0.30769230769231             8
    0.07692307692308    0.03846153846154    0.30769230769231            16
    0.11538461538461    0.03846153846154    0.30769230769231            16
    0.15384615384615    0.03846153846154    0.30769230769231            16
    0.19230769230769    0.03846153846154    0.30769230769231            16
    0.23076923076923    0.03846153846154    0.30769230769231            16
    0.26923076923077    0.03846153846154    0.30769230769231            16
    0.30769230769231    0.03846153846154    0.30769230769231            16
    0.34615384615385    0.03846153846154    0.30769230769231            16
    0.38461538461539    0.03846153846154    0.30769230769231            16
    0.42307692307692    0.03846153846154    0.30769230769231            16
    0.46153846153846    0.03846153846154    0.30769230769231            16
    0.50000000000000    0.03846153846154    0.30769230769231             8
    0.07692307692308    0.07692307692308    0.30769230769231             8
    0.11538461538461    0.07692307692308    0.30769230769231            16
    0.15384615384615    0.07692307692308    0.30769230769231            16
    0.19230769230769    0.07692307692308    0.30769230769231            16
    0.23076923076923    0.07692307692308    0.30769230769231            16
    0.26923076923077    0.07692307692308    0.30769230769231            16
    0.30769230769231    0.07692307692308    0.30769230769231            16
    0.34615384615385    0.07692307692308    0.30769230769231            16
    0.38461538461539    0.07692307692308    0.30769230769231            16
    0.42307692307692    0.07692307692308    0.30769230769231            16
    0.46153846153846    0.07692307692308    0.30769230769231            16
    0.50000000000000    0.07692307692308    0.30769230769231             8
    0.11538461538461    0.11538461538461    0.30769230769231             8
    0.15384615384615    0.11538461538461    0.30769230769231            16
    0.19230769230769    0.11538461538461    0.30769230769231            16
    0.23076923076923    0.11538461538461    0.30769230769231            16
    0.26923076923077    0.11538461538461    0.30769230769231            16
    0.30769230769231    0.11538461538461    0.30769230769231            16
    0.34615384615385    0.11538461538461    0.30769230769231            16
    0.38461538461539    0.11538461538461    0.30769230769231            16
    0.42307692307692    0.11538461538461    0.30769230769231            16
    0.46153846153846    0.11538461538461    0.30769230769231            16
    0.50000000000000    0.11538461538461    0.30769230769231             8
    0.15384615384615    0.15384615384615    0.30769230769231             8
    0.19230769230769    0.15384615384615    0.30769230769231            16
    0.23076923076923    0.15384615384615    0.30769230769231            16
    0.26923076923077    0.15384615384615    0.30769230769231            16
    0.30769230769231    0.15384615384615    0.30769230769231            16
    0.34615384615385    0.15384615384615    0.30769230769231            16
    0.38461538461539    0.15384615384615    0.30769230769231            16
    0.42307692307692    0.15384615384615    0.30769230769231            16
    0.46153846153846    0.15384615384615    0.30769230769231            16
    0.50000000000000    0.15384615384615    0.30769230769231             8
    0.19230769230769    0.19230769230769    0.30769230769231             8
    0.23076923076923    0.19230769230769    0.30769230769231            16
    0.26923076923077    0.19230769230769    0.30769230769231            16
    0.30769230769231    0.19230769230769    0.30769230769231            16
    0.34615384615385    0.19230769230769    0.30769230769231            16
    0.38461538461539    0.19230769230769    0.30769230769231            16
    0.42307692307692    0.19230769230769    0.30769230769231            16
    0.46153846153846    0.19230769230769    0.30769230769231            16
    0.50000000000000    0.19230769230769    0.30769230769231             8
    0.23076923076923    0.23076923076923    0.30769230769231             8
    0.26923076923077    0.23076923076923    0.30769230769231            16
    0.30769230769231    0.23076923076923    0.30769230769231            16
    0.34615384615385    0.23076923076923    0.30769230769231            16
    0.38461538461539    0.23076923076923    0.30769230769231            16
    0.42307692307692    0.23076923076923    0.30769230769231            16
    0.46153846153846    0.23076923076923    0.30769230769231            16
    0.50000000000000    0.23076923076923    0.30769230769231             8
    0.26923076923077    0.26923076923077    0.30769230769231             8
    0.30769230769231    0.26923076923077    0.30769230769231            16
    0.34615384615385    0.26923076923077    0.30769230769231            16
    0.38461538461539    0.26923076923077    0.30769230769231            16
    0.42307692307692    0.26923076923077    0.30769230769231            16
    0.46153846153846    0.26923076923077    0.30769230769231            16
    0.50000000000000    0.26923076923077    0.30769230769231             8
    0.30769230769231    0.30769230769231    0.30769230769231             8
    0.34615384615385    0.30769230769231    0.30769230769231            16
    0.38461538461539    0.30769230769231    0.30769230769231            16
    0.42307692307692    0.30769230769231    0.30769230769231            16
    0.46153846153846    0.30769230769231    0.30769230769231            16
    0.50000000000000    0.30769230769231    0.30769230769231             8
    0.34615384615385    0.34615384615385    0.30769230769231             8
    0.38461538461539    0.34615384615385    0.30769230769231            16
    0.42307692307692    0.34615384615385    0.30769230769231            16
    0.46153846153846    0.34615384615385    0.30769230769231            16
    0.50000000000000    0.34615384615385    0.30769230769231             8
    0.38461538461539    0.38461538461539    0.30769230769231             8
    0.42307692307692    0.38461538461539    0.30769230769231            16
    0.46153846153846    0.38461538461539    0.30769230769231            16
    0.50000000000000    0.38461538461539    0.30769230769231             8
    0.42307692307692    0.42307692307692    0.30769230769231             8
    0.46153846153846    0.42307692307692    0.30769230769231            16
    0.50000000000000    0.42307692307692    0.30769230769231             8
    0.46153846153846    0.46153846153846    0.30769230769231             8
    0.50000000000000    0.46153846153846    0.30769230769231             8
    0.50000000000000    0.50000000000000    0.30769230769231             2
    0.00000000000000    0.00000000000000    0.34615384615385             2
    0.03846153846154    0.00000000000000    0.34615384615385             8
    0.07692307692308    0.00000000000000    0.34615384615385             8
    0.11538461538461    0.00000000000000    0.34615384615385             8
    0.15384615384615    0.00000000000000    0.34615384615385             8
    0.19230769230769    0.00000000000000    0.34615384615385             8
    0.23076923076923    0.00000000000000    0.34615384615385             8
    0.26923076923077    0.00000000000000    0.34615384615385             8
    0.30769230769231    0.00000000000000    0.34615384615385             8
    0.34615384615385    0.00000000000000    0.34615384615385             8
    0.38461538461539    0.00000000000000    0.34615384615385             8
    0.42307692307692    0.00000000000000    0.34615384615385             8
    0.46153846153846    0.00000000000000    0.34615384615385             8
    0.50000000000000    0.00000000000000    0.34615384615385             4
    0.03846153846154    0.03846153846154    0.34615384615385             8
    0.07692307692308    0.03846153846154    0.34615384615385            16
    0.11538461538461    0.03846153846154    0.34615384615385            16
    0.15384615384615    0.03846153846154    0.34615384615385            16
    0.19230769230769    0.03846153846154    0.34615384615385            16
    0.23076923076923    0.03846153846154    0.34615384615385            16
    0.26923076923077    0.03846153846154    0.34615384615385            16
    0.30769230769231    0.03846153846154    0.34615384615385            16
    0.34615384615385    0.03846153846154    0.34615384615385            16
    0.38461538461539    0.03846153846154    0.34615384615385            16
    0.42307692307692    0.03846153846154    0.34615384615385            16
    0.46153846153846    0.03846153846154    0.34615384615385            16
    0.50000000000000    0.03846153846154    0.34615384615385             8
    0.07692307692308    0.07692307692308    0.34615384615385             8
    0.11538461538461    0.07692307692308    0.34615384615385            16
    0.15384615384615    0.07692307692308    0.34615384615385            16
    0.19230769230769    0.07692307692308    0.34615384615385            16
    0.23076923076923    0.07692307692308    0.34615384615385            16
    0.26923076923077    0.07692307692308    0.34615384615385            16
    0.30769230769231    0.07692307692308    0.34615384615385            16
    0.34615384615385    0.07692307692308    0.34615384615385            16
    0.38461538461539    0.07692307692308    0.34615384615385            16
    0.42307692307692    0.07692307692308    0.34615384615385            16
    0.46153846153846    0.07692307692308    0.34615384615385            16
    0.50000000000000    0.07692307692308    0.34615384615385             8
    0.11538461538461    0.11538461538461    0.34615384615385             8
    0.15384615384615    0.11538461538461    0.34615384615385            16
    0.19230769230769    0.11538461538461    0.34615384615385            16
    0.23076923076923    0.11538461538461    0.34615384615385            16
    0.26923076923077    0.11538461538461    0.34615384615385            16
    0.30769230769231    0.11538461538461    0.34615384615385            16
    0.34615384615385    0.11538461538461    0.34615384615385            16
    0.38461538461539    0.11538461538461    0.34615384615385            16
    0.42307692307692    0.11538461538461    0.34615384615385            16
    0.46153846153846    0.11538461538461    0.34615384615385            16
    0.50000000000000    0.11538461538461    0.34615384615385             8
    0.15384615384615    0.15384615384615    0.34615384615385             8
    0.19230769230769    0.15384615384615    0.34615384615385            16
    0.23076923076923    0.15384615384615    0.34615384615385            16
    0.26923076923077    0.15384615384615    0.34615384615385            16
    0.30769230769231    0.15384615384615    0.34615384615385            16
    0.34615384615385    0.15384615384615    0.34615384615385            16
    0.38461538461539    0.15384615384615    0.34615384615385            16
    0.42307692307692    0.15384615384615    0.34615384615385            16
    0.46153846153846    0.15384615384615    0.34615384615385            16
    0.50000000000000    0.15384615384615    0.34615384615385             8
    0.19230769230769    0.19230769230769    0.34615384615385             8
    0.23076923076923    0.19230769230769    0.34615384615385            16
    0.26923076923077    0.19230769230769    0.34615384615385            16
    0.30769230769231    0.19230769230769    0.34615384615385            16
    0.34615384615385    0.19230769230769    0.34615384615385            16
    0.38461538461539    0.19230769230769    0.34615384615385            16
    0.42307692307692    0.19230769230769    0.34615384615385            16
    0.46153846153846    0.19230769230769    0.34615384615385            16
    0.50000000000000    0.19230769230769    0.34615384615385             8
    0.23076923076923    0.23076923076923    0.34615384615385             8
    0.26923076923077    0.23076923076923    0.34615384615385            16
    0.30769230769231    0.23076923076923    0.34615384615385            16
    0.34615384615385    0.23076923076923    0.34615384615385            16
    0.38461538461539    0.23076923076923    0.34615384615385            16
    0.42307692307692    0.23076923076923    0.34615384615385            16
    0.46153846153846    0.23076923076923    0.34615384615385            16
    0.50000000000000    0.23076923076923    0.34615384615385             8
    0.26923076923077    0.26923076923077    0.34615384615385             8
    0.30769230769231    0.26923076923077    0.34615384615385            16
    0.34615384615385    0.26923076923077    0.34615384615385            16
    0.38461538461539    0.26923076923077    0.34615384615385            16
    0.42307692307692    0.26923076923077    0.34615384615385            16
    0.46153846153846    0.26923076923077    0.34615384615385            16
    0.50000000000000    0.26923076923077    0.34615384615385             8
    0.30769230769231    0.30769230769231    0.34615384615385             8
    0.34615384615385    0.30769230769231    0.34615384615385            16
    0.38461538461539    0.30769230769231    0.34615384615385            16
    0.42307692307692    0.30769230769231    0.34615384615385            16
    0.46153846153846    0.30769230769231    0.34615384615385            16
    0.50000000000000    0.30769230769231    0.34615384615385             8
    0.34615384615385    0.34615384615385    0.34615384615385             8
    0.38461538461539    0.34615384615385    0.34615384615385            16
    0.42307692307692    0.34615384615385    0.34615384615385            16
    0.46153846153846    0.34615384615385    0.34615384615385            16
    0.50000000000000    0.34615384615385    0.34615384615385             8
    0.38461538461539    0.38461538461539    0.34615384615385             8
    0.42307692307692    0.38461538461539    0.34615384615385            16
    0.46153846153846    0.38461538461539    0.34615384615385            16
    0.50000000000000    0.38461538461539    0.34615384615385             8
    0.42307692307692    0.42307692307692    0.34615384615385             8
    0.46153846153846    0.42307692307692    0.34615384615385            16
    0.50000000000000    0.42307692307692    0.34615384615385             8
    0.46153846153846    0.46153846153846    0.34615384615385             8
    0.50000000000000    0.46153846153846    0.34615384615385             8
    0.50000000000000    0.50000000000000    0.34615384615385             2
    0.00000000000000    0.00000000000000    0.38461538461539             2
    0.03846153846154    0.00000000000000    0.38461538461539             8
    0.07692307692308    0.00000000000000    0.38461538461539             8
    0.11538461538461    0.00000000000000    0.38461538461539             8
    0.15384615384615    0.00000000000000    0.38461538461539             8
    0.19230769230769    0.00000000000000    0.38461538461539             8
    0.23076923076923    0.00000000000000    0.38461538461539             8
    0.26923076923077    0.00000000000000    0.38461538461539             8
    0.30769230769231    0.00000000000000    0.38461538461539             8
    0.34615384615385    0.00000000000000    0.38461538461539             8
    0.38461538461539    0.00000000000000    0.38461538461539             8
    0.42307692307692    0.00000000000000    0.38461538461539             8
    0.46153846153846    0.00000000000000    0.38461538461539             8
    0.50000000000000    0.00000000000000    0.38461538461539             4
    0.03846153846154    0.03846153846154    0.38461538461539             8
    0.07692307692308    0.03846153846154    0.38461538461539            16
    0.11538461538461    0.03846153846154    0.38461538461539            16
    0.15384615384615    0.03846153846154    0.38461538461539            16
    0.19230769230769    0.03846153846154    0.38461538461539            16
    0.23076923076923    0.03846153846154    0.38461538461539            16
    0.26923076923077    0.03846153846154    0.38461538461539            16
    0.30769230769231    0.03846153846154    0.38461538461539            16
    0.34615384615385    0.03846153846154    0.38461538461539            16
    0.38461538461539    0.03846153846154    0.38461538461539            16
    0.42307692307692    0.03846153846154    0.38461538461539            16
    0.46153846153846    0.03846153846154    0.38461538461539            16
    0.50000000000000    0.03846153846154    0.38461538461539             8
    0.07692307692308    0.07692307692308    0.38461538461539             8
    0.11538461538461    0.07692307692308    0.38461538461539            16
    0.15384615384615    0.07692307692308    0.38461538461539            16
    0.19230769230769    0.07692307692308    0.38461538461539            16
    0.23076923076923    0.07692307692308    0.38461538461539            16
    0.26923076923077    0.07692307692308    0.38461538461539            16
    0.30769230769231    0.07692307692308    0.38461538461539            16
    0.34615384615385    0.07692307692308    0.38461538461539            16
    0.38461538461539    0.07692307692308    0.38461538461539            16
    0.42307692307692    0.07692307692308    0.38461538461539            16
    0.46153846153846    0.07692307692308    0.38461538461539            16
    0.50000000000000    0.07692307692308    0.38461538461539             8
    0.11538461538461    0.11538461538461    0.38461538461539             8
    0.15384615384615    0.11538461538461    0.38461538461539            16
    0.19230769230769    0.11538461538461    0.38461538461539            16
    0.23076923076923    0.11538461538461    0.38461538461539            16
    0.26923076923077    0.11538461538461    0.38461538461539            16
    0.30769230769231    0.11538461538461    0.38461538461539            16
    0.34615384615385    0.11538461538461    0.38461538461539            16
    0.38461538461539    0.11538461538461    0.38461538461539            16
    0.42307692307692    0.11538461538461    0.38461538461539            16
    0.46153846153846    0.11538461538461    0.38461538461539            16
    0.50000000000000    0.11538461538461    0.38461538461539             8
    0.15384615384615    0.15384615384615    0.38461538461539             8
    0.19230769230769    0.15384615384615    0.38461538461539            16
    0.23076923076923    0.15384615384615    0.38461538461539            16
    0.26923076923077    0.15384615384615    0.38461538461539            16
    0.30769230769231    0.15384615384615    0.38461538461539            16
    0.34615384615385    0.15384615384615    0.38461538461539            16
    0.38461538461539    0.15384615384615    0.38461538461539            16
    0.42307692307692    0.15384615384615    0.38461538461539            16
    0.46153846153846    0.15384615384615    0.38461538461539            16
    0.50000000000000    0.15384615384615    0.38461538461539             8
    0.19230769230769    0.19230769230769    0.38461538461539             8
    0.23076923076923    0.19230769230769    0.38461538461539            16
    0.26923076923077    0.19230769230769    0.38461538461539            16
    0.30769230769231    0.19230769230769    0.38461538461539            16
    0.34615384615385    0.19230769230769    0.38461538461539            16
    0.38461538461539    0.19230769230769    0.38461538461539            16
    0.42307692307692    0.19230769230769    0.38461538461539            16
    0.46153846153846    0.19230769230769    0.38461538461539            16
    0.50000000000000    0.19230769230769    0.38461538461539             8
    0.23076923076923    0.23076923076923    0.38461538461539             8
    0.26923076923077    0.23076923076923    0.38461538461539            16
    0.30769230769231    0.23076923076923    0.38461538461539            16
    0.34615384615385    0.23076923076923    0.38461538461539            16
    0.38461538461539    0.23076923076923    0.38461538461539            16
    0.42307692307692    0.23076923076923    0.38461538461539            16
    0.46153846153846    0.23076923076923    0.38461538461539            16
    0.50000000000000    0.23076923076923    0.38461538461539             8
    0.26923076923077    0.26923076923077    0.38461538461539             8
    0.30769230769231    0.26923076923077    0.38461538461539            16
    0.34615384615385    0.26923076923077    0.38461538461539            16
    0.38461538461539    0.26923076923077    0.38461538461539            16
    0.42307692307692    0.26923076923077    0.38461538461539            16
    0.46153846153846    0.26923076923077    0.38461538461539            16
    0.50000000000000    0.26923076923077    0.38461538461539             8
    0.30769230769231    0.30769230769231    0.38461538461539             8
    0.34615384615385    0.30769230769231    0.38461538461539            16
    0.38461538461539    0.30769230769231    0.38461538461539            16
    0.42307692307692    0.30769230769231    0.38461538461539            16
    0.46153846153846    0.30769230769231    0.38461538461539            16
    0.50000000000000    0.30769230769231    0.38461538461539             8
    0.34615384615385    0.34615384615385    0.38461538461539             8
    0.38461538461539    0.34615384615385    0.38461538461539            16
    0.42307692307692    0.34615384615385    0.38461538461539            16
    0.46153846153846    0.34615384615385    0.38461538461539            16
    0.50000000000000    0.34615384615385    0.38461538461539             8
    0.38461538461539    0.38461538461539    0.38461538461539             8
    0.42307692307692    0.38461538461539    0.38461538461539            16
    0.46153846153846    0.38461538461539    0.38461538461539            16
    0.50000000000000    0.38461538461539    0.38461538461539             8
    0.42307692307692    0.42307692307692    0.38461538461539             8
    0.46153846153846    0.42307692307692    0.38461538461539            16
    0.50000000000000    0.42307692307692    0.38461538461539             8
    0.46153846153846    0.46153846153846    0.38461538461539             8
    0.50000000000000    0.46153846153846    0.38461538461539             8
    0.50000000000000    0.50000000000000    0.38461538461539             2
    0.00000000000000    0.00000000000000    0.42307692307692             2
    0.03846153846154    0.00000000000000    0.42307692307692             8
    0.07692307692308    0.00000000000000    0.42307692307692             8
    0.11538461538461    0.00000000000000    0.42307692307692             8
    0.15384615384615    0.00000000000000    0.42307692307692             8
    0.19230769230769    0.00000000000000    0.42307692307692             8
    0.23076923076923    0.00000000000000    0.42307692307692             8
    0.26923076923077    0.00000000000000    0.42307692307692             8
    0.30769230769231    0.00000000000000    0.42307692307692             8
    0.34615384615385    0.00000000000000    0.42307692307692             8
    0.38461538461539    0.00000000000000    0.42307692307692             8
    0.42307692307692    0.00000000000000    0.42307692307692             8
    0.46153846153846    0.00000000000000    0.42307692307692             8
    0.50000000000000    0.00000000000000    0.42307692307692             4
    0.03846153846154    0.03846153846154    0.42307692307692             8
    0.07692307692308    0.03846153846154    0.42307692307692            16
    0.11538461538461    0.03846153846154    0.42307692307692            16
    0.15384615384615    0.03846153846154    0.42307692307692            16
    0.19230769230769    0.03846153846154    0.42307692307692            16
    0.23076923076923    0.03846153846154    0.42307692307692            16
    0.26923076923077    0.03846153846154    0.42307692307692            16
    0.30769230769231    0.03846153846154    0.42307692307692            16
    0.34615384615385    0.03846153846154    0.42307692307692            16
    0.38461538461539    0.03846153846154    0.42307692307692            16
    0.42307692307692    0.03846153846154    0.42307692307692            16
    0.46153846153846    0.03846153846154    0.42307692307692            16
    0.50000000000000    0.03846153846154    0.42307692307692             8
    0.07692307692308    0.07692307692308    0.42307692307692             8
    0.11538461538461    0.07692307692308    0.42307692307692            16
    0.15384615384615    0.07692307692308    0.42307692307692            16
    0.19230769230769    0.07692307692308    0.42307692307692            16
    0.23076923076923    0.07692307692308    0.42307692307692            16
    0.26923076923077    0.07692307692308    0.42307692307692            16
    0.30769230769231    0.07692307692308    0.42307692307692            16
    0.34615384615385    0.07692307692308    0.42307692307692            16
    0.38461538461539    0.07692307692308    0.42307692307692            16
    0.42307692307692    0.07692307692308    0.42307692307692            16
    0.46153846153846    0.07692307692308    0.42307692307692            16
    0.50000000000000    0.07692307692308    0.42307692307692             8
    0.11538461538461    0.11538461538461    0.42307692307692             8
    0.15384615384615    0.11538461538461    0.42307692307692            16
    0.19230769230769    0.11538461538461    0.42307692307692            16
    0.23076923076923    0.11538461538461    0.42307692307692            16
    0.26923076923077    0.11538461538461    0.42307692307692            16
    0.30769230769231    0.11538461538461    0.42307692307692            16
    0.34615384615385    0.11538461538461    0.42307692307692            16
    0.38461538461539    0.11538461538461    0.42307692307692            16
    0.42307692307692    0.11538461538461    0.42307692307692            16
    0.46153846153846    0.11538461538461    0.42307692307692            16
    0.50000000000000    0.11538461538461    0.42307692307692             8
    0.15384615384615    0.15384615384615    0.42307692307692             8
    0.19230769230769    0.15384615384615    0.42307692307692            16
    0.23076923076923    0.15384615384615    0.42307692307692            16
    0.26923076923077    0.15384615384615    0.42307692307692            16
    0.30769230769231    0.15384615384615    0.42307692307692            16
    0.34615384615385    0.15384615384615    0.42307692307692            16
    0.38461538461539    0.15384615384615    0.42307692307692            16
    0.42307692307692    0.15384615384615    0.42307692307692            16
    0.46153846153846    0.15384615384615    0.42307692307692            16
    0.50000000000000    0.15384615384615    0.42307692307692             8
    0.19230769230769    0.19230769230769    0.42307692307692             8
    0.23076923076923    0.19230769230769    0.42307692307692            16
    0.26923076923077    0.19230769230769    0.42307692307692            16
    0.30769230769231    0.19230769230769    0.42307692307692            16
    0.34615384615385    0.19230769230769    0.42307692307692            16
    0.38461538461539    0.19230769230769    0.42307692307692            16
    0.42307692307692    0.19230769230769    0.42307692307692            16
    0.46153846153846    0.19230769230769    0.42307692307692            16
    0.50000000000000    0.19230769230769    0.42307692307692             8
    0.23076923076923    0.23076923076923    0.42307692307692             8
    0.26923076923077    0.23076923076923    0.42307692307692            16
    0.30769230769231    0.23076923076923    0.42307692307692            16
    0.34615384615385    0.23076923076923    0.42307692307692            16
    0.38461538461539    0.23076923076923    0.42307692307692            16
    0.42307692307692    0.23076923076923    0.42307692307692            16
    0.46153846153846    0.23076923076923    0.42307692307692            16
    0.50000000000000    0.23076923076923    0.42307692307692             8
    0.26923076923077    0.26923076923077    0.42307692307692             8
    0.30769230769231    0.26923076923077    0.42307692307692            16
    0.34615384615385    0.26923076923077    0.42307692307692            16
    0.38461538461539    0.26923076923077    0.42307692307692            16
    0.42307692307692    0.26923076923077    0.42307692307692            16
    0.46153846153846    0.26923076923077    0.42307692307692            16
    0.50000000000000    0.26923076923077    0.42307692307692             8
    0.30769230769231    0.30769230769231    0.42307692307692             8
    0.34615384615385    0.30769230769231    0.42307692307692            16
    0.38461538461539    0.30769230769231    0.42307692307692            16
    0.42307692307692    0.30769230769231    0.42307692307692            16
    0.46153846153846    0.30769230769231    0.42307692307692            16
    0.50000000000000    0.30769230769231    0.42307692307692             8
    0.34615384615385    0.34615384615385    0.42307692307692             8
    0.38461538461539    0.34615384615385    0.42307692307692            16
    0.42307692307692    0.34615384615385    0.42307692307692            16
    0.46153846153846    0.34615384615385    0.42307692307692            16
    0.50000000000000    0.34615384615385    0.42307692307692             8
    0.38461538461539    0.38461538461539    0.42307692307692             8
    0.42307692307692    0.38461538461539    0.42307692307692            16
    0.46153846153846    0.38461538461539    0.42307692307692            16
    0.50000000000000    0.38461538461539    0.42307692307692             8
    0.42307692307692    0.42307692307692    0.42307692307692             8
    0.46153846153846    0.42307692307692    0.42307692307692            16
    0.50000000000000    0.42307692307692    0.42307692307692             8
    0.46153846153846    0.46153846153846    0.42307692307692             8
    0.50000000000000    0.46153846153846    0.42307692307692             8
    0.50000000000000    0.50000000000000    0.42307692307692             2
    0.00000000000000    0.00000000000000    0.46153846153846             2
    0.03846153846154    0.00000000000000    0.46153846153846             8
    0.07692307692308    0.00000000000000    0.46153846153846             8
    0.11538461538461    0.00000000000000    0.46153846153846             8
    0.15384615384615    0.00000000000000    0.46153846153846             8
    0.19230769230769    0.00000000000000    0.46153846153846             8
    0.23076923076923    0.00000000000000    0.46153846153846             8
    0.26923076923077    0.00000000000000    0.46153846153846             8
    0.30769230769231    0.00000000000000    0.46153846153846             8
    0.34615384615385    0.00000000000000    0.46153846153846             8
    0.38461538461539    0.00000000000000    0.46153846153846             8
    0.42307692307692    0.00000000000000    0.46153846153846             8
    0.46153846153846    0.00000000000000    0.46153846153846             8
    0.50000000000000    0.00000000000000    0.46153846153846             4
    0.03846153846154    0.03846153846154    0.46153846153846             8
    0.07692307692308    0.03846153846154    0.46153846153846            16
    0.11538461538461    0.03846153846154    0.46153846153846            16
    0.15384615384615    0.03846153846154    0.46153846153846            16
    0.19230769230769    0.03846153846154    0.46153846153846            16
    0.23076923076923    0.03846153846154    0.46153846153846            16
    0.26923076923077    0.03846153846154    0.46153846153846            16
    0.30769230769231    0.03846153846154    0.46153846153846            16
    0.34615384615385    0.03846153846154    0.46153846153846            16
    0.38461538461539    0.03846153846154    0.46153846153846            16
    0.42307692307692    0.03846153846154    0.46153846153846            16
    0.46153846153846    0.03846153846154    0.46153846153846            16
    0.50000000000000    0.03846153846154    0.46153846153846             8
    0.07692307692308    0.07692307692308    0.46153846153846             8
    0.11538461538461    0.07692307692308    0.46153846153846            16
    0.15384615384615    0.07692307692308    0.46153846153846            16
    0.19230769230769    0.07692307692308    0.46153846153846            16
    0.23076923076923    0.07692307692308    0.46153846153846            16
    0.26923076923077    0.07692307692308    0.46153846153846            16
    0.30769230769231    0.07692307692308    0.46153846153846            16
    0.34615384615385    0.07692307692308    0.46153846153846            16
    0.38461538461539    0.07692307692308    0.46153846153846            16
    0.42307692307692    0.07692307692308    0.46153846153846            16
    0.46153846153846    0.07692307692308    0.46153846153846            16
    0.50000000000000    0.07692307692308    0.46153846153846             8
    0.11538461538461    0.11538461538461    0.46153846153846             8
    0.15384615384615    0.11538461538461    0.46153846153846            16
    0.19230769230769    0.11538461538461    0.46153846153846            16
    0.23076923076923    0.11538461538461    0.46153846153846            16
    0.26923076923077    0.11538461538461    0.46153846153846            16
    0.30769230769231    0.11538461538461    0.46153846153846            16
    0.34615384615385    0.11538461538461    0.46153846153846            16
    0.38461538461539    0.11538461538461    0.46153846153846            16
    0.42307692307692    0.11538461538461    0.46153846153846            16
    0.46153846153846    0.11538461538461    0.46153846153846            16
    0.50000000000000    0.11538461538461    0.46153846153846             8
    0.15384615384615    0.15384615384615    0.46153846153846             8
    0.19230769230769    0.15384615384615    0.46153846153846            16
    0.23076923076923    0.15384615384615    0.46153846153846            16
    0.26923076923077    0.15384615384615    0.46153846153846            16
    0.30769230769231    0.15384615384615    0.46153846153846            16
    0.34615384615385    0.15384615384615    0.46153846153846            16
    0.38461538461539    0.15384615384615    0.46153846153846            16
    0.42307692307692    0.15384615384615    0.46153846153846            16
    0.46153846153846    0.15384615384615    0.46153846153846            16
    0.50000000000000    0.15384615384615    0.46153846153846             8
    0.19230769230769    0.19230769230769    0.46153846153846             8
    0.23076923076923    0.19230769230769    0.46153846153846            16
    0.26923076923077    0.19230769230769    0.46153846153846            16
    0.30769230769231    0.19230769230769    0.46153846153846            16
    0.34615384615385    0.19230769230769    0.46153846153846            16
    0.38461538461539    0.19230769230769    0.46153846153846            16
    0.42307692307692    0.19230769230769    0.46153846153846            16
    0.46153846153846    0.19230769230769    0.46153846153846            16
    0.50000000000000    0.19230769230769    0.46153846153846             8
    0.23076923076923    0.23076923076923    0.46153846153846             8
    0.26923076923077    0.23076923076923    0.46153846153846            16
    0.30769230769231    0.23076923076923    0.46153846153846            16
    0.34615384615385    0.23076923076923    0.46153846153846            16
    0.38461538461539    0.23076923076923    0.46153846153846            16
    0.42307692307692    0.23076923076923    0.46153846153846            16
    0.46153846153846    0.23076923076923    0.46153846153846            16
    0.50000000000000    0.23076923076923    0.46153846153846             8
    0.26923076923077    0.26923076923077    0.46153846153846             8
    0.30769230769231    0.26923076923077    0.46153846153846            16
    0.34615384615385    0.26923076923077    0.46153846153846            16
    0.38461538461539    0.26923076923077    0.46153846153846            16
    0.42307692307692    0.26923076923077    0.46153846153846            16
    0.46153846153846    0.26923076923077    0.46153846153846            16
    0.50000000000000    0.26923076923077    0.46153846153846             8
    0.30769230769231    0.30769230769231    0.46153846153846             8
    0.34615384615385    0.30769230769231    0.46153846153846            16
    0.38461538461539    0.30769230769231    0.46153846153846            16
    0.42307692307692    0.30769230769231    0.46153846153846            16
    0.46153846153846    0.30769230769231    0.46153846153846            16
    0.50000000000000    0.30769230769231    0.46153846153846             8
    0.34615384615385    0.34615384615385    0.46153846153846             8
    0.38461538461539    0.34615384615385    0.46153846153846            16
    0.42307692307692    0.34615384615385    0.46153846153846            16
    0.46153846153846    0.34615384615385    0.46153846153846            16
    0.50000000000000    0.34615384615385    0.46153846153846             8
    0.38461538461539    0.38461538461539    0.46153846153846             8
    0.42307692307692    0.38461538461539    0.46153846153846            16
    0.46153846153846    0.38461538461539    0.46153846153846            16
    0.50000000000000    0.38461538461539    0.46153846153846             8
    0.42307692307692    0.42307692307692    0.46153846153846             8
    0.46153846153846    0.42307692307692    0.46153846153846            16
    0.50000000000000    0.42307692307692    0.46153846153846             8
    0.46153846153846    0.46153846153846    0.46153846153846             8
    0.50000000000000    0.46153846153846    0.46153846153846             8
    0.50000000000000    0.50000000000000    0.46153846153846             2
    0.00000000000000    0.00000000000000    0.50000000000000             1
    0.03846153846154    0.00000000000000    0.50000000000000             4
    0.07692307692308    0.00000000000000    0.50000000000000             4
    0.11538461538461    0.00000000000000    0.50000000000000             4
    0.15384615384615    0.00000000000000    0.50000000000000             4
    0.19230769230769    0.00000000000000    0.50000000000000             4
    0.23076923076923    0.00000000000000    0.50000000000000             4
    0.26923076923077    0.00000000000000    0.50000000000000             4
    0.30769230769231    0.00000000000000    0.50000000000000             4
    0.34615384615385    0.00000000000000    0.50000000000000             4
    0.38461538461539    0.00000000000000    0.50000000000000             4
    0.42307692307692    0.00000000000000    0.50000000000000             4
    0.46153846153846    0.00000000000000    0.50000000000000             4
    0.50000000000000    0.00000000000000    0.50000000000000             2
    0.03846153846154    0.03846153846154    0.50000000000000             4
    0.07692307692308    0.03846153846154    0.50000000000000             8
    0.11538461538461    0.03846153846154    0.50000000000000             8
    0.15384615384615    0.03846153846154    0.50000000000000             8
    0.19230769230769    0.03846153846154    0.50000000000000             8
    0.23076923076923    0.03846153846154    0.50000000000000             8
    0.26923076923077    0.03846153846154    0.50000000000000             8
    0.30769230769231    0.03846153846154    0.50000000000000             8
    0.34615384615385    0.03846153846154    0.50000000000000             8
    0.38461538461539    0.03846153846154    0.50000000000000             8
    0.42307692307692    0.03846153846154    0.50000000000000             8
    0.46153846153846    0.03846153846154    0.50000000000000             8
    0.50000000000000    0.03846153846154    0.50000000000000             4
    0.07692307692308    0.07692307692308    0.50000000000000             4
    0.11538461538461    0.07692307692308    0.50000000000000             8
    0.15384615384615    0.07692307692308    0.50000000000000             8
    0.19230769230769    0.07692307692308    0.50000000000000             8
    0.23076923076923    0.07692307692308    0.50000000000000             8
    0.26923076923077    0.07692307692308    0.50000000000000             8
    0.30769230769231    0.07692307692308    0.50000000000000             8
    0.34615384615385    0.07692307692308    0.50000000000000             8
    0.38461538461539    0.07692307692308    0.50000000000000             8
    0.42307692307692    0.07692307692308    0.50000000000000             8
    0.46153846153846    0.07692307692308    0.50000000000000             8
    0.50000000000000    0.07692307692308    0.50000000000000             4
    0.11538461538461    0.11538461538461    0.50000000000000             4
    0.15384615384615    0.11538461538461    0.50000000000000             8
    0.19230769230769    0.11538461538461    0.50000000000000             8
    0.23076923076923    0.11538461538461    0.50000000000000             8
    0.26923076923077    0.11538461538461    0.50000000000000             8
    0.30769230769231    0.11538461538461    0.50000000000000             8
    0.34615384615385    0.11538461538461    0.50000000000000             8
    0.38461538461539    0.11538461538461    0.50000000000000             8
    0.42307692307692    0.11538461538461    0.50000000000000             8
    0.46153846153846    0.11538461538461    0.50000000000000             8
    0.50000000000000    0.11538461538461    0.50000000000000             4
    0.15384615384615    0.15384615384615    0.50000000000000             4
    0.19230769230769    0.15384615384615    0.50000000000000             8
    0.23076923076923    0.15384615384615    0.50000000000000             8
    0.26923076923077    0.15384615384615    0.50000000000000             8
    0.30769230769231    0.15384615384615    0.50000000000000             8
    0.34615384615385    0.15384615384615    0.50000000000000             8
    0.38461538461539    0.15384615384615    0.50000000000000             8
    0.42307692307692    0.15384615384615    0.50000000000000             8
    0.46153846153846    0.15384615384615    0.50000000000000             8
    0.50000000000000    0.15384615384615    0.50000000000000             4
    0.19230769230769    0.19230769230769    0.50000000000000             4
    0.23076923076923    0.19230769230769    0.50000000000000             8
    0.26923076923077    0.19230769230769    0.50000000000000             8
    0.30769230769231    0.19230769230769    0.50000000000000             8
    0.34615384615385    0.19230769230769    0.50000000000000             8
    0.38461538461539    0.19230769230769    0.50000000000000             8
    0.42307692307692    0.19230769230769    0.50000000000000             8
    0.46153846153846    0.19230769230769    0.50000000000000             8
    0.50000000000000    0.19230769230769    0.50000000000000             4
    0.23076923076923    0.23076923076923    0.50000000000000             4
    0.26923076923077    0.23076923076923    0.50000000000000             8
    0.30769230769231    0.23076923076923    0.50000000000000             8
    0.34615384615385    0.23076923076923    0.50000000000000             8
    0.38461538461539    0.23076923076923    0.50000000000000             8
    0.42307692307692    0.23076923076923    0.50000000000000             8
    0.46153846153846    0.23076923076923    0.50000000000000             8
    0.50000000000000    0.23076923076923    0.50000000000000             4
    0.26923076923077    0.26923076923077    0.50000000000000             4
    0.30769230769231    0.26923076923077    0.50000000000000             8
    0.34615384615385    0.26923076923077    0.50000000000000             8
    0.38461538461539    0.26923076923077    0.50000000000000             8
    0.42307692307692    0.26923076923077    0.50000000000000             8
    0.46153846153846    0.26923076923077    0.50000000000000             8
    0.50000000000000    0.26923076923077    0.50000000000000             4
    0.30769230769231    0.30769230769231    0.50000000000000             4
    0.34615384615385    0.30769230769231    0.50000000000000             8
    0.38461538461539    0.30769230769231    0.50000000000000             8
    0.42307692307692    0.30769230769231    0.50000000000000             8
    0.46153846153846    0.30769230769231    0.50000000000000             8
    0.50000000000000    0.30769230769231    0.50000000000000             4
    0.34615384615385    0.34615384615385    0.50000000000000             4
    0.38461538461539    0.34615384615385    0.50000000000000             8
    0.42307692307692    0.34615384615385    0.50000000000000             8
    0.46153846153846    0.34615384615385    0.50000000000000             8
    0.50000000000000    0.34615384615385    0.50000000000000             4
    0.38461538461539    0.38461538461539    0.50000000000000             4
    0.42307692307692    0.38461538461539    0.50000000000000             8
    0.46153846153846    0.38461538461539    0.50000000000000             8
    0.50000000000000    0.38461538461539    0.50000000000000             4
    0.42307692307692    0.42307692307692    0.50000000000000             4
    0.46153846153846    0.42307692307692    0.50000000000000             8
    0.50000000000000    0.42307692307692    0.50000000000000             4
    0.46153846153846    0.46153846153846    0.50000000000000             4
    0.50000000000000    0.46153846153846    0.50000000000000             4
    0.50000000000000    0.50000000000000    0.50000000000000             1
