    2   45  135
  9.013  1.000
    1    1  0.0150  0.0000  0.0000
 -0.079181360629   0.000324495659  -0.006899181134
 -0.002583772360   0.000090938385   0.000076690324
 -0.002915793851  -0.000256651361   0.000037104868
  0.036983790113  -0.000294470744  -0.012796871346
 -0.003333727079  -0.000373061773   0.001260891033
 -0.003395119935   0.001327426243   0.001691683363
  0.036100327379   0.000216413437   0.012628489875
 -0.003324623977   0.000765850225  -0.001231083108
 -0.003705572118  -0.001276140652  -0.001430838754
  0.005694932701   0.001672823078  -0.003953348656
  0.000788872741  -0.000017187604  -0.001225253833
  0.005905110110  -0.001658309765  -0.003834571339
  0.006536080456   0.000028637556  -0.000083175059
  0.001089742297   0.000079180701  -0.000009588760
  0.006241423520  -0.000030744341   0.000004892660
  0.005778015016  -0.001747990457   0.003824004628
  0.000829739986  -0.000064579914   0.001046331976
  0.005784555436   0.001785522341   0.003933793985
  0.000226495340  -0.000084993854  -0.000003090787
 -0.000603025173  -0.000003537239  -0.000039615626
 -0.000342846446   0.000111350055   0.000144854925
  0.001548303259  -0.000077790001  -0.001328950858
 -0.000332222187   0.000709076373   0.000993129825
 -0.000184649265  -0.000656705117   0.001116603229
  0.001715745276   0.000010136173   0.001379289438
 -0.000251355585  -0.000835039613  -0.000889664776
 -0.000120475613   0.000918272633  -0.001110011753
 -0.008058114115   0.000113413805   0.008242715719
  0.000491195740  -0.000063845797  -0.000155147615
 -0.000096609430   0.000235657482  -0.000000566917
 -0.007996510136  -0.000389399672  -0.002250658788
  0.001646800420  -0.000783063014  -0.001389921393
  0.002014013146  -0.000094224709  -0.001564373118
 -0.008170376405   0.000190750617   0.001790775675
  0.002267870393  -0.000190449622   0.000917710493
  0.002425055048   0.000528782296   0.000937492099
 -0.001118981890  -0.000016566078  -0.000123418209
  0.000342243247  -0.000181186869   0.000161320085
  0.000526206415   0.000114654391   0.000098600285
  0.000027478265  -0.000237909647   0.001061862235
  0.000233419496   0.000073930155   0.000259748793
  0.000126883336   0.000016381801   0.000232014847
  0.000212170239   0.000226018924  -0.001047078431
  0.000139730949  -0.000185987141  -0.000351629334
  0.000038935868  -0.000019877347  -0.000121960765
    1    2  0.0000  0.0150  0.0000
  0.000300994154  -0.080976548811  -0.001093736726
 -0.000299067468   0.036536747562  -0.012450903672
  0.000184608882   0.035894839523   0.012269647878
  0.000206413644  -0.002526819772  -0.000086075453
 -0.000522749479  -0.003135189776   0.001276058485
  0.000776404971  -0.003400635366  -0.001212100653
 -0.000004462955  -0.002729213149   0.000036720902
  0.001131624338  -0.003452383083   0.001648837411
 -0.001693423577  -0.003418516424  -0.001511343053
  0.001985921703   0.005865258299  -0.004133116139
  0.000069336186   0.006854146740   0.000021498161
 -0.001861944374   0.005852286936   0.003935394750
 -0.000031055904   0.000665702303  -0.001279037578
  0.000083668310   0.001028407027   0.000089107117
  0.000045151852   0.000823713596   0.001017129202
 -0.001952866669   0.005698874901  -0.003926479653
 -0.000141437103   0.006311650382   0.000043109785
  0.001643689415   0.005763898137   0.003799454785
 -0.000001825474   0.000061531117   0.000236917323
  0.000137863325   0.001648500400  -0.001218268965
  0.000014066230   0.001599564290   0.001315754583
 -0.000001543351  -0.000463192949   0.000267098192
  0.000718919387  -0.000201684908   0.000893707346
 -0.000890228749  -0.000154072676  -0.000935474923
 -0.000022091674  -0.000256867387   0.000105623952
 -0.000543535863  -0.000079717443   0.001091101579
  0.000877365135  -0.000028848774  -0.001032753308
  0.000141131616  -0.007427679755   0.003818589337
 -0.000276441960  -0.008272089325  -0.002426727608
  0.000109649254  -0.006813875288   0.001214366260
 -0.000323640767   0.000591359652  -0.000004297919
 -0.000501439850   0.001504419704  -0.001288156919
  0.000067247514   0.001859048043   0.000651511606
  0.000144952331   0.000231294980  -0.000146440358
 -0.000310490383   0.002005989704  -0.001510061384
  0.000969756927   0.002478532891   0.000926068281
  0.000000300603  -0.000964711815  -0.000204097462
 -0.000356449448  -0.000113281190   0.000843255196
  0.000162084955   0.000087173827  -0.000909383664
 -0.000117251156   0.000194974467   0.000038447108
  0.000013239579   0.000191853478   0.000242622367
 -0.000074551245   0.000201883716  -0.000276966297
  0.000151610637   0.000386057882   0.000054192906
 -0.000041065542   0.000033341395   0.000049407797
  0.000031562041   0.000044276939  -0.000240200576
    1    3  0.0000  0.0000  0.0150
 -0.006929061480  -0.001137262707  -0.194192480207
  0.000023352082   0.012761440157  -0.002319447380
 -0.000124234606  -0.012274812363  -0.002269529832
  0.012936709063  -0.000239769811  -0.002141374420
 -0.001506154910  -0.001771690689   0.000274039070
 -0.001361722895   0.001560846504   0.000285541002
 -0.012324236339  -0.000049871193  -0.002414171229
  0.001382890972  -0.001350996971   0.000188756327
  0.001670450692   0.001663043712   0.000331681911
 -0.008227139571  -0.008241731488   0.013285278893
 -0.001250698712   0.000034277050   0.001157316660
 -0.008164877074   0.008139353435   0.013338454048
  0.000143854428  -0.001101817261   0.001229537830
  0.000246874590   0.000242915309   0.000612191492
 -0.000092685924   0.001006909673   0.001196744672
  0.008254097536  -0.007986161612   0.013354793369
  0.001046845422  -0.000118249247   0.001402546420
  0.008255500491   0.008112162427   0.013815205771
  0.000115564452   0.000194960456  -0.003060852918
  0.000026849859  -0.001620619275   0.002683141763
  0.000296380956   0.001444119472   0.002353086110
 -0.001509212097   0.000008267932   0.002678686883
  0.000975603950   0.000955010047  -0.001887941807
  0.001140328170  -0.000946311201  -0.001540870402
  0.001307326750   0.000094232020   0.002177739300
 -0.001039643267   0.001163789668  -0.001701804701
 -0.001052037676  -0.000976308922  -0.001697143125
  0.004582313526   0.000730737086   0.147238489838
  0.000215769026   0.000736483699  -0.002149273277
 -0.000044713772  -0.000765073263  -0.001354980640
  0.001439424973   0.000263356289  -0.002685584314
  0.000989429625   0.001191013198   0.000755440420
  0.000578972681  -0.001104208758   0.000539581404
  0.000195707999  -0.000050757742  -0.001635813954
 -0.001168612981   0.000796890878   0.000362596451
 -0.000864082563  -0.000822889151   0.000146105940
  0.000009964138   0.000029268117   0.000270508587
 -0.000003971978  -0.000888493361   0.000212386993
 -0.000147482935   0.000830475738   0.000445335303
 -0.001084663447  -0.000054307358   0.000389017682
  0.000452356395   0.000689271226   0.000054179880
  0.000572668956  -0.000723787661  -0.000149625471
  0.001127735064  -0.000135416695   0.000613268703
 -0.000421636443   0.000705614016  -0.000087074332
 -0.000670103124  -0.000993901380  -0.000103684713
    2    1  0.0150  0.0000  0.0000
 -0.002572380999  -0.000299838566   0.000005093094
 -0.082560321412   0.002549048471  -0.009864920430
 -0.002482066644   0.000163835073  -0.000081509104
 -0.003563931920   0.001558634214   0.001752056858
  0.035727312523  -0.000338313303  -0.011974166679
 -0.003227760458  -0.001018719997   0.001518944357
 -0.002922225540  -0.001100719737  -0.001467413571
  0.035536303853  -0.000033004618   0.012248244033
 -0.003140387087   0.000684008000  -0.001540069107
  0.005963905338  -0.002164136162  -0.004103551845
  0.005663792182   0.001857219263  -0.003942897381
  0.000798485593   0.000101461956  -0.001157143137
  0.006547312816  -0.000125150704  -0.000009332032
  0.006664948625   0.000136346972  -0.000161237530
  0.000903643312   0.000057897179   0.000005787094
  0.005988845508   0.002343896781   0.004371543417
  0.005959963976  -0.002159620503   0.004128644367
  0.000615476505   0.000091757892   0.001284977452
 -0.000298696928   0.000053267022  -0.000212581413
 -0.000006716923   0.000112983761  -0.000009522757
 -0.000527160827   0.000039168108  -0.000334115538
 -0.000298076656  -0.000535473402   0.001072269101
  0.001408194200   0.000059580848  -0.001148196438
 -0.000254324835   0.000576028192   0.001129862222
 -0.000187562894   0.000639435743  -0.001319338557
  0.001603762264   0.000050852876   0.001148917450
 -0.000250226480  -0.000946714114  -0.000812133494
  0.000663537872  -0.000021089865  -0.000348452765
 -0.007184901429  -0.000322742874   0.008075820833
  0.001006874433  -0.000320556629  -0.000181412216
  0.002725929298  -0.000762926434  -0.000885951386
 -0.005943329585  -0.000248981085  -0.001135004978
  0.001941439417  -0.000563086314  -0.001008276983
  0.002143629341   0.000875810457   0.001069107572
 -0.009528444772   0.000255690378   0.002736860988
  0.002306433331  -0.001162542882   0.001052164108
  0.000407893066   0.000086763246   0.000062122000
 -0.000558035502  -0.000071485613  -0.000056152940
  0.000294519073  -0.000071989531   0.000191226017
  0.000178386657  -0.000045620333   0.000290883101
 -0.000080736294   0.000061324780   0.000698381999
  0.000266269263  -0.000161478623   0.000229692608
  0.000216973043   0.000024002928  -0.000250842571
 -0.000104967653   0.000025766400  -0.000653036123
  0.000158423349   0.000069410748  -0.000415339698
    2    2  0.0000  0.0150  0.0000
  0.000092446484   0.036535126928   0.012780094052
  0.002562740173  -0.075966514781   0.006127262367
 -0.000264411100   0.036248421436  -0.012540184584
  0.000824938247  -0.003496207075  -0.001416930075
 -0.000204638043  -0.002305848233  -0.000043982402
 -0.000073062254  -0.003115031817   0.001321625969
 -0.001160295377  -0.003808381932  -0.001449824065
 -0.000025474874  -0.002661283480   0.000261928343
  0.001152483287  -0.003550237688   0.001912319157
 -0.002105459067   0.005784009689   0.003922500830
  0.002275585888   0.005731354161  -0.004320257206
 -0.000042129840   0.006679035626   0.000014092755
 -0.000032837070   0.000866837932   0.001024489121
  0.000272562141   0.000814068917  -0.001313122275
  0.000201412999   0.001037756179  -0.000103413570
  0.001439160313   0.005351741571   0.003344429102
 -0.001739135776   0.005788598786  -0.003685464888
  0.000049375045   0.006500344046   0.000128819180
 -0.000021174175   0.001585797109   0.001816321201
  0.000158742532   0.000165202962   0.000243890594
  0.000119246798   0.001781833789  -0.001546461542
 -0.000640196028  -0.000398707245  -0.001159265604
  0.000001198451  -0.000304641364   0.000139250953
  0.000575432470  -0.000259032160   0.001162251209
  0.000596191583  -0.000062093567  -0.001008259932
  0.000098770796  -0.000282476500   0.000276435165
 -0.000791184007  -0.000139225781   0.000853141876
  0.000078224464  -0.008238392020   0.002462811626
 -0.000336894945  -0.010118219874  -0.003833778658
 -0.000911993505  -0.010409357257  -0.003429929390
 -0.000476670177   0.002675571111   0.000681744558
 -0.000316799646   0.000218063841   0.000010944840
 -0.000683537471   0.001760236356  -0.001361475004
  0.000131598178   0.002568797630   0.000805653116
  0.000219902268   0.000456966447  -0.000119370786
 -0.000985807684   0.002900284503  -0.001337315030
  0.000117912684   0.000091652536  -0.001174116474
 -0.000115145602  -0.000917634722  -0.000126343388
 -0.000193783767  -0.000154438990   0.000948182531
 -0.000194157668   0.000052565064  -0.000217393347
 -0.000152462828   0.000307171385   0.000048310989
  0.000042397834   0.000066990554   0.000161090605
  0.000244388490   0.000059729038  -0.000329171575
  0.000188286037   0.000271796883  -0.000116646490
  0.000024253742  -0.000112229993   0.000185116142
    2    3  0.0000  0.0000  0.0150
  0.000072839303  -0.012308369960  -0.002108168680
 -0.009953452856   0.006036093526  -0.194843351733
 -0.000316813317   0.012246939336  -0.002228196534
 -0.001217168211   0.001395981331   0.000325977426
  0.011960178978  -0.000152260495  -0.002363397440
 -0.001403676160  -0.001713450488   0.000210541367
  0.001862025809   0.001554165583   0.000608150570
 -0.012112316150   0.000130571360  -0.001928667308
  0.001483839745  -0.001113578518   0.000265214038
 -0.008510459275   0.008411635182   0.013499606715
 -0.008348592154  -0.008800287606   0.013899212357
 -0.001169293351   0.000166668582   0.000951604750
  0.000098032055   0.000926045871   0.001073750372
  0.000264015926  -0.000815066926   0.001138242775
  0.000058175773   0.000197650918   0.000487821393
  0.008722429045   0.008044469770   0.013898134913
  0.008344396214  -0.008080733064   0.013369699248
  0.000837903374  -0.000301417482   0.001419249481
  0.000440728435   0.001437302359   0.002301825532
  0.000013117384   0.000225742845  -0.003485783926
 -0.000013808712  -0.001130817535   0.002303747945
  0.001072426969  -0.001252186765  -0.001432145963
 -0.001180945896  -0.000143776519   0.002171165132
  0.001039517968   0.001015251926  -0.001870220453
 -0.001111305132  -0.001040525138  -0.001898081763
  0.001083302456   0.000078052615   0.002073772643
 -0.001051748922   0.001058667412  -0.001735699512
 -0.000095402664  -0.000882350543  -0.002487229417
  0.007946838068  -0.004168030474   0.147923532747
  0.000070402250  -0.000956675750  -0.002668540925
  0.000388538521  -0.000179621204   0.000829574064
  0.001838228207   0.000200187023  -0.001062661029
  0.000712028815   0.000548669180   0.000536958301
 -0.001025815776  -0.000566525240   0.000236680929
  0.000600798529  -0.000277564139  -0.001669168408
 -0.001163538445   0.000718988492   0.000151892873
 -0.000019979509   0.000685883582   0.000420513699
 -0.000177817854  -0.000098782105   0.000337486052
 -0.000012818495  -0.001106821826   0.000279807966
  0.000266165718  -0.000568522935  -0.000190640361
 -0.000967914926  -0.000009059570   0.000545982031
  0.000317202206   0.000776392682   0.000063884035
 -0.000639819428  -0.000794158002   0.000080563214
  0.001351838114  -0.000025222160   0.000510228244
 -0.000352282630   0.000630444870   0.000057132638
    3    1  0.0150  0.0000  0.0000
 -0.002899923132   0.000205183935  -0.000037377351
 -0.002486203475  -0.000262432352  -0.000361560301
 -0.081229747540   0.000687119276  -0.015898099099
 -0.003912339747  -0.001215440481   0.001523745209
 -0.003382820358   0.001621947543   0.001577580473
  0.036070076435   0.000049486497  -0.012162179675
 -0.002949325170   0.000411479189  -0.001359502054
 -0.002987007768  -0.000630963141  -0.001529390346
  0.035865101463  -0.000214639313   0.012394216477
  0.000899557040  -0.000281197118  -0.000997375923
  0.005690031848  -0.001770399644  -0.003917543878
  0.005781167207   0.001521513324  -0.003564174499
  0.000912696370  -0.000050728192  -0.000053156702
  0.006467522322  -0.000096365577  -0.000223501118
  0.006454203293   0.000187268999  -0.000187446714
  0.000722534968   0.000138947573   0.001301047558
  0.006067019336   0.002262975600   0.004490761150
  0.005901641270  -0.001969094264   0.004148826703
 -0.000479325869  -0.000125384475  -0.000439234431
 -0.000410592732   0.000141907188  -0.000239134124
  0.000229712124  -0.000020803757  -0.000060237623
 -0.000043135037   0.000715342893   0.000979812462
 -0.000283673357  -0.000220611823   0.001349876941
  0.001802233334   0.000020660246  -0.001407277629
  0.000002330869  -0.001087512232  -0.000968271150
 -0.000219813005   0.000759308248  -0.001171597237
  0.002015083844  -0.000041420318   0.001214693058
  0.000294532017   0.000037066841  -0.000257919370
  0.000371127132  -0.000230484052  -0.000026979132
 -0.006256214229  -0.000711284449   0.012037888136
  0.001981511383  -0.000366856941  -0.000918396836
  0.002532505920  -0.000154876890  -0.000841534712
 -0.005087420439  -0.000305458866  -0.000988071017
  0.001590351982   0.000226389193   0.001291819082
  0.002279965249   0.001220389465   0.001465646679
 -0.010622046504  -0.000283143402   0.003423644166
  0.000106174683  -0.000101828820   0.000191322144
  0.000500952466   0.000072350836   0.000139454747
 -0.000986341229   0.000048406052  -0.000078602303
  0.000067189092   0.000055201579   0.000198527058
  0.000080286575  -0.000157518295   0.000069309670
 -0.000377487227  -0.000206158329   0.000912316503
  0.000092858866   0.000069947741  -0.000213099150
  0.000009520532   0.000050857568  -0.000073052160
 -0.000174470802   0.000000852945  -0.000735773679
    3    2  0.0000  0.0150  0.0000
 -0.000253581392   0.035920125949  -0.012218129370
  0.000147419224   0.036271255319   0.012356504564
  0.000679231399  -0.082735676176   0.011975418789
 -0.000828423633  -0.002507561986   0.001619741281
  0.001005939482  -0.003622976438  -0.001201708453
 -0.000104281563  -0.002513828538   0.000338947255
  0.000710898194  -0.002928762377   0.001541658542
 -0.001514887317  -0.003920775890  -0.001574014244
  0.000540074894  -0.002829982933   0.000365953448
 -0.000233724380   0.006623454150   0.000212955419
 -0.002164975172   0.005857546655   0.004207686004
  0.002312127360   0.006055416443  -0.004485757447
  0.000117952517   0.001065219554   0.000161520888
 -0.000195264636   0.000899715130   0.000880391445
  0.000214981489   0.000638486259  -0.001290572824
  0.000142327377   0.006421068488   0.000248138490
  0.001353314193   0.005782749214   0.003390576383
 -0.001660268427   0.005681920914  -0.003850215046
  0.000067635515   0.001966748449  -0.001243194245
 -0.000037280578   0.001511350909   0.001491800251
  0.000052735774   0.000217216527   0.000251466873
  0.000661175345  -0.000223219439   0.001126347073
 -0.000561837909  -0.000272448443  -0.001230911201
  0.000040400440  -0.000377964809   0.000322925013
 -0.000869836052   0.000034525416   0.000841010508
  0.000778576170  -0.000083588289  -0.000938312280
  0.000053085081  -0.000413381251   0.000225640796
 -0.000232552237  -0.009038172159  -0.002237435955
  0.000019649968  -0.005701214538   0.001423453601
 -0.000931707556  -0.006276385804  -0.010357207162
  0.000593471499   0.001724036009  -0.001501267422
  0.000226128194   0.002083661069   0.000596988288
 -0.000500166856   0.000202291902   0.000051998208
  0.000052542398   0.001807032514  -0.001420020486
  0.000636110949   0.002520333375   0.000819850293
 -0.000041022607   0.000657964497   0.000002510955
 -0.000060226167  -0.000113310050   0.000640441190
  0.000218376705  -0.000113051604  -0.001176003378
 -0.000113724152  -0.001039821013  -0.000136264141
 -0.000195727557   0.000054646846   0.000206310136
 -0.000397547151   0.000065624884  -0.000134707712
 -0.000070974082   0.000342993142  -0.000175992487
  0.000184809127  -0.000024621263   0.000317239820
  0.000142150870   0.000027629907  -0.000175403743
  0.000016895264   0.000303729479  -0.000270357919
    3    3  0.0000  0.0000  0.0150
  0.000040348910   0.012277355786  -0.002181178291
 -0.000141434175  -0.012437268988  -0.002418854927
 -0.016001611059   0.011855885202  -0.188801908400
 -0.001175079673  -0.001656914963   0.000515644514
 -0.001566006340   0.001646488871   0.000055088257
  0.012286657249   0.000018471480  -0.002145797922
  0.001682076858  -0.001338613823   0.000390318868
  0.001679761259   0.001247719957   0.000249862603
 -0.012221620329   0.000363787699  -0.001985144660
 -0.001236330738  -0.000357914595   0.000979403944
 -0.008443945819   0.008625014925   0.013944437363
 -0.007786821913  -0.008696890633   0.013403084522
 -0.000079229203  -0.000123274761   0.000537335477
  0.000111654933   0.001176556577   0.001223631841
  0.000246905381  -0.000826013497   0.001098735022
  0.000713299883  -0.000126279166   0.001311572122
  0.008684360222   0.007732129649   0.013394627750
  0.008182405472  -0.008130856921   0.013461003688
  0.000303512284  -0.001425319618   0.002169123378
  0.000135497247   0.001459808616   0.002409868953
 -0.000225017416   0.000211553847  -0.003281667419
  0.000835969777   0.000852150356  -0.001359200815
  0.001303820584  -0.001139710099  -0.002016285236
 -0.001500379247   0.000042658555   0.002348778358
 -0.001007462666   0.000971957141  -0.001563022844
 -0.000779868463  -0.000869945728  -0.001672250345
  0.001331642887  -0.000060290886   0.002192866347
 -0.000147856040  -0.001047457111  -0.001450593337
  0.000323809202  -0.002565136629  -0.002001220781
  0.011475680283  -0.008402741981   0.141757907631
  0.000711977985   0.001169056964   0.000271013228
  0.000421586346  -0.000565474664   0.001272970444
  0.002742606975  -0.000220740241  -0.001868979955
 -0.001034313815   0.000871362514  -0.000163905651
 -0.001254335047  -0.001094528272   0.000368327301
  0.001864568693   0.000316972361  -0.002315033404
  0.000075522368  -0.001160149972   0.000436129640
 -0.000154313287   0.000768653976   0.000500114872
 -0.000075432861   0.000059693952   0.000456718838
  0.000554681231   0.000814196654  -0.000192775078
  0.000593672599  -0.000594042526  -0.000064830879
 -0.000735366288   0.000064292395   0.000437311396
 -0.000768485632   0.000833047406  -0.000065921158
 -0.001025283158  -0.000515686330  -0.000073313645
  0.001058174544  -0.000023563479   0.000436008390
    4    1  0.0150  0.0000  0.0000
  0.037026607602   0.000171310615   0.012985510055
 -0.003524130819   0.000848939282  -0.001154716885
 -0.003927566603  -0.000836502499  -0.001201148174
 -0.075739491186   0.000712348410   0.005042715343
 -0.002465855982  -0.000282019841   0.000189517361
 -0.002721102323   0.000299677827   0.000232755768
  0.036281430820  -0.000138017309  -0.012778746486
 -0.003170844301  -0.000516885266   0.001548280966
 -0.003316464445   0.000927453533   0.001703121272
  0.005781817744  -0.002003875509   0.004091107850
  0.000795403328  -0.000194091156   0.000936474724
  0.005703042960   0.001327440455   0.003527545642
  0.005834127792   0.002230485618  -0.004324852113
  0.000852130826   0.000187916805  -0.001421096125
  0.005838215820  -0.001724784801  -0.003671154651
  0.006391515250   0.000110158271  -0.000090733444
  0.000905649991   0.000060725847  -0.000026713789
  0.006330503901   0.000028654731   0.000054150754
  0.001483376901  -0.000052391500   0.001595101510
 -0.000193073667  -0.000762677265  -0.001264844243
 -0.000044436230   0.000813780455  -0.001026549211
  0.000133754449  -0.000058981087   0.000156957810
 -0.000363855174  -0.000064967852   0.000047972473
 -0.000461495020   0.000075700499   0.000067169272
  0.001798031710   0.000058168906  -0.001358837049
 -0.000231995371   0.000469241289   0.001328038849
 -0.000176432141  -0.000768957658   0.000870699845
 -0.008700568435  -0.000104822795   0.002934981546
  0.002642073429  -0.000423012942   0.000754918433
  0.002294373989   0.000025546926   0.000919955320
 -0.010012081607  -0.000506938174  -0.004402524785
  0.000174106699  -0.000355656513  -0.000125714170
  0.000389764254   0.000351497386  -0.000014140809
 -0.009663955661  -0.000378696332  -0.002590795201
  0.002078834043  -0.000395996819  -0.001489342787
  0.001962603851   0.000489897332  -0.001620538808
  0.000193557045   0.000112026378  -0.001166329980
  0.000002230134  -0.000146874461  -0.000117073764
  0.000071617447   0.000265909216  -0.000312415440
 -0.000959937793  -0.000060074619  -0.000116255390
  0.000316059916  -0.000042935204   0.000055834436
  0.000336490340   0.000165214222  -0.000015601882
 -0.000078928249  -0.000124884784   0.000914893026
  0.000058620420   0.000155423359   0.000123940946
  0.000076274347   0.000056527025   0.000208481985
    4    2  0.0000  0.0150  0.0000
 -0.000285599906  -0.002528075544  -0.000245988486
  0.001574701632  -0.003488952916   0.001418517936
 -0.001184063064  -0.002520584158  -0.001639306175
  0.000655506411  -0.082375655931  -0.013771427423
 -0.000100653926   0.035856960660  -0.012135707239
  0.000004329212   0.035691609427   0.012284303964
  0.000461702612  -0.002715703854  -0.000248022107
 -0.001210742470  -0.003674842825   0.001246759219
  0.000350936333  -0.002957615027  -0.001300131318
 -0.001741309584   0.005572376461  -0.003954868681
 -0.000187110624   0.006464974241  -0.000075907656
  0.002181646363   0.006058970579   0.004229558968
  0.001696663828   0.005950066125  -0.003806903929
  0.000145319663   0.006599565149  -0.000207983215
 -0.002267043500   0.006142222844   0.004267528506
 -0.000003126606   0.000821510468  -0.000995910580
 -0.000020635428   0.000974376997   0.000046098996
  0.000029933508   0.000600403148   0.001280190233
 -0.000007962721  -0.000403794908  -0.000309616589
 -0.000555842638  -0.000303719954   0.001176193518
  0.000632000757  -0.000164527424  -0.001069892004
 -0.000012684394  -0.000021765819   0.000064254346
  0.000160451156   0.001233293447  -0.001423374310
 -0.000082010256   0.001434333341   0.001057828276
  0.000044839620  -0.000523954494  -0.000323279202
  0.000695505579  -0.000227785145   0.001081957986
 -0.001010728034  -0.000178596966  -0.000602638081
 -0.000186851569   0.000505715814  -0.000241972503
 -0.000534735535   0.002608050984  -0.000718328571
  0.001280801957   0.002130432789   0.001443748607
 -0.000359174007  -0.006935588126   0.010793915028
 -0.000222907985  -0.005310762171  -0.001016811568
  0.000554261108  -0.009884150941   0.002879884439
 -0.000183771167   0.000823739929  -0.000119319740
 -0.000469978505   0.002018841740  -0.000888354326
  0.000029178112   0.001523844160   0.001371710504
  0.000111520529   0.000431246307   0.000170212313
  0.000042279101   0.000218551371   0.000296322705
  0.000019210835   0.000160552557  -0.000270753700
 -0.000077497168  -0.000658176807  -0.000163884192
 -0.000242228100   0.000087679741   0.000953645052
  0.000306327928   0.000193444844  -0.000778577118
 -0.000147211444   0.000244493932   0.000251931715
  0.000049886374   0.000309107630   0.000494580276
  0.000066866013   0.000217888324  -0.000500183874
    4    3  0.0000  0.0000  0.0150
 -0.012777215134  -0.000083512999  -0.002135974012
  0.001694439782  -0.001395413698   0.000248272590
  0.001538726942   0.001642328994   0.000520252737
  0.005037858487  -0.013828282615  -0.191510868083
  0.000185170180   0.012127484581  -0.002181710524
 -0.000010728598  -0.012209764988  -0.001989670179
  0.012233321628  -0.000020775394  -0.002267582924
 -0.001542072991  -0.001327832086   0.000201204096
 -0.001092053436   0.001632406562   0.000374217029
  0.008416367981  -0.008161759608   0.013306779910
  0.001116970013   0.000178660657   0.001267308443
  0.007841463336   0.008526417366   0.013382454328
 -0.008709934330  -0.007956569746   0.013581660091
 -0.001054899009   0.000072945687   0.001095406344
 -0.007919706527   0.008281360488   0.013339707145
  0.000055772208  -0.001385300365   0.001345059050
  0.000029338766  -0.000045339022   0.000675355518
 -0.000265616087   0.000981918290   0.001462509713
  0.001487521992   0.000318502475   0.002487711375
 -0.001005121837   0.001066310384  -0.001908843015
 -0.001087405791  -0.001136808348  -0.002009645188
 -0.000093060432  -0.000101108496  -0.003189717738
  0.000140827631  -0.001409656580   0.002492143925
 -0.000045387305   0.001231727843   0.002300609632
 -0.001302019773  -0.000016294361   0.002225476641
  0.001190166662   0.001206547876  -0.002040831342
  0.000951597986  -0.000854814597  -0.001829312177
 -0.000873261487   0.000008246063  -0.003005600251
 -0.000357675233   0.000537448541   0.000924538314
 -0.000636579815  -0.001179362671   0.000107009816
 -0.002897463873   0.010087487765   0.145672120502
  0.000208605850   0.002679892510  -0.001368296091
 -0.000097622356   0.001185568166  -0.001549007438
 -0.000747750402  -0.000136354742  -0.002216023887
  0.000437713510   0.000664253828   0.000644409923
  0.000495336784  -0.001160913852  -0.000080548474
  0.000909401830  -0.000026746606   0.000318308769
 -0.000649236081   0.000340499808  -0.000071863503
 -0.000614932210  -0.000557397892   0.000003730055
  0.000017695103  -0.000065231526   0.000149313255
 -0.000148505525  -0.000986104280   0.000411621184
 -0.000035294177   0.001446939575   0.000430365674
 -0.001189512308  -0.000034144247   0.000280849607
  0.000594577650   0.000301515177   0.000024494334
  0.000570180396  -0.000438973917   0.000082604826
    5    1  0.0150  0.0000  0.0000
 -0.003321007624  -0.000520920215  -0.001402336736
  0.035680605247  -0.000188879560   0.012078476106
 -0.003379468444   0.000975414106  -0.001549322372
 -0.002487775083  -0.000098482163   0.000169358831
 -0.080833695736   0.001518818054  -0.009913488434
 -0.002253918360   0.000156381978   0.000019095920
 -0.003593950389   0.001259582513   0.001618660338
  0.036125357807  -0.000271279443  -0.012198087182
 -0.002974673661  -0.000926202616   0.001484402795
  0.005712614515   0.001953013156   0.003921472409
  0.005909888662  -0.002487314952   0.004327854075
  0.000682471561   0.000020227858   0.001135349227
  0.005792541270  -0.001636624848  -0.003584888305
  0.005732216852   0.001954287531  -0.004148341238
  0.000737605817   0.000245402029  -0.001126855928
  0.006661949853   0.000118466665   0.000048948467
  0.006465770809  -0.000002331573  -0.000147559843
  0.000982132303   0.000004374988   0.000020823719
 -0.000283118670   0.000517430663  -0.001022283351
  0.001420744148  -0.000122762182   0.001333354777
 -0.000312835353  -0.000644285713  -0.001029115305
 -0.000425149690   0.000152925853  -0.000157594565
  0.000057942527  -0.000016646585  -0.000084772243
 -0.000276007508  -0.000023548915  -0.000146156946
 -0.000315387870  -0.000667469662   0.000704535417
  0.001263902438   0.000132535103  -0.001306883604
 -0.000174424793   0.000480198493   0.001286933323
  0.002461411786   0.000610596173   0.000982119352
 -0.010295008934  -0.000123634415   0.003357644177
  0.002710131126  -0.001398609954   0.000979652363
  0.001068772692  -0.000427980481  -0.000194819824
 -0.008087348465   0.000211925924   0.007822962289
  0.000430126372  -0.000100520015   0.000019702934
  0.002782952204  -0.000685970461  -0.000866447786
 -0.007107352563  -0.000134443213  -0.001708024218
  0.002161032206  -0.000033537319  -0.000904133458
  0.000267186451   0.000137464993  -0.000339604544
  0.000209510469   0.000079104097  -0.000927721792
  0.000091433432   0.000068346501  -0.000149933244
  0.000425609129   0.000090910430  -0.000056069189
 -0.000700588610  -0.000142009525  -0.000037185403
  0.000359028948  -0.000132576213   0.000145567028
  0.000241269774  -0.000018300612   0.000435324445
  0.000152687861   0.000183169554   0.000854438427
  0.000234815495  -0.000066246028   0.000254949093
    5    2  0.0000  0.0150  0.0000
 -0.000362910520  -0.003124884796  -0.001756074309
 -0.000356623409  -0.002312636002  -0.000158483728
  0.001624677438  -0.003631687132   0.001680615635
 -0.000269833533   0.035830423586   0.012116321573
  0.001513512440  -0.079331460263  -0.010850073572
 -0.000260261367   0.036033054881  -0.012507063792
  0.000822018755  -0.003309028646  -0.001740244156
  0.000065177050  -0.002473019894  -0.000276918963
 -0.000765398635  -0.003605130464   0.001205121473
  0.002138519730   0.005595632205   0.004061939324
 -0.001430734878   0.005575931543  -0.003582607095
  0.000064160375   0.006481412176  -0.000013988610
 -0.002452996712   0.006081948672   0.004450828587
  0.001918620514   0.005725690975  -0.003927415882
  0.000107784140   0.006670849097  -0.000084316654
 -0.000042783356   0.000645866539   0.001384553868
  0.000020368721   0.000820876378  -0.001065056533
  0.000016198307   0.000924305584   0.000010797790
  0.000456256544  -0.000230401262  -0.001164774656
  0.000108666094  -0.000318578626  -0.000258559415
 -0.000655521682  -0.000305668770   0.000972181641
  0.000017550179   0.001414856737   0.001121181398
 -0.000022189475  -0.000009879740   0.000087443514
  0.000191761637   0.001362656502  -0.001650931716
 -0.000730430369  -0.000380398952  -0.001029245736
 -0.000060737769  -0.000375760943  -0.000417146952
  0.000654039486  -0.000219721534   0.001251957964
  0.000817073477   0.002586895911   0.001468110149
 -0.000370250896   0.000772929030  -0.000040279275
 -0.001046498327   0.003229641315  -0.000554027196
 -0.000301558912  -0.011196355975   0.003881159797
  0.000174978560  -0.008568003081   0.007526538882
 -0.000266165903  -0.006837630589  -0.001453119565
 -0.000800856675   0.002446386937   0.001322035439
  0.000030573491   0.000437992185  -0.000003521703
 -0.000578715504   0.002178792704  -0.000601215756
  0.000131032217   0.000213115398  -0.000168583999
  0.000150311613   0.000430727588   0.000066896703
  0.000010533220   0.000187391285   0.000346688318
  0.000015713902   0.000384595649  -0.000874257890
 -0.000048670792  -0.000771633085  -0.000171838719
 -0.000219788230   0.000021877116   0.000990475320
  0.000043592545   0.000266188147  -0.000124378808
 -0.000105253676   0.000356935893   0.000165201085
  0.000055060185   0.000324905719   0.000364076220
    5    3  0.0000  0.0000  0.0150
  0.001244908293   0.001236824999   0.000365614359
 -0.011915370462  -0.000026700205  -0.002337840616
  0.001529340631  -0.001190179242   0.000057796658
  0.000184832018  -0.011972768536  -0.002002331853
 -0.009979418769  -0.010965145014  -0.195317871290
 -0.000092844834   0.012182814497  -0.002249984975
 -0.001253667045   0.001671221230   0.000398752960
  0.012220667210   0.000003957125  -0.002286755066
 -0.001517816116  -0.001431216509   0.000177354938
  0.008297598360   0.008598724383   0.013840984892
  0.008398844008  -0.008047771987   0.013607584536
  0.000889148429  -0.000118608376   0.001361101617
 -0.008028171909   0.008604255825   0.013490799021
 -0.008416630333  -0.008462245426   0.014001193511
 -0.000932021590  -0.000071801405   0.000967446621
  0.000001492770   0.000957785132   0.001248489704
  0.000067458138  -0.000973032993   0.001234549112
 -0.000080218770  -0.000216149449   0.000485117489
 -0.001295100508  -0.001245862585  -0.001966727022
  0.001173204442   0.000167303610   0.002489340868
 -0.001020321930   0.001119098581  -0.001672254498
  0.000192011241   0.001212548384   0.002530991599
  0.000016466406  -0.000137498005  -0.003206709161
  0.000048442906  -0.000951029793   0.002409694563
  0.000939792508  -0.001093252640  -0.001503570542
 -0.001097335168  -0.000182267207   0.002592760914
  0.001236563863   0.001240097507  -0.001801346278
 -0.000989018922  -0.000857844428   0.000093945831
  0.001243161970   0.000166871721  -0.001917950540
 -0.000513882168   0.000348255452   0.000641143395
  0.000164237228   0.001712875910  -0.002402361982
  0.007285840671   0.007828124760   0.147239789394
 -0.000090756686   0.001429673436  -0.001767451829
  0.000459789062  -0.000620753701   0.000405216788
  0.001249954210  -0.000082933682  -0.001779075514
  0.000292942025   0.000197714063   0.000700139163
 -0.000358998779  -0.000433627000   0.000178062331
  0.001139184595   0.000085159000   0.000343905460
 -0.000378252973   0.000279456067   0.000060716596
  0.000109291331   0.001125704102   0.000384055027
 -0.000057328648  -0.000021077242   0.000039906542
 -0.000107990050  -0.001260519742   0.000380970387
  0.000352828556  -0.000231550199   0.000058937798
 -0.001110075303   0.000049784118   0.000330246365
  0.000497220092   0.000375585466   0.000095622728
    6    1  0.0150  0.0000  0.0000
 -0.003421919340   0.000745791977  -0.001316817596
 -0.003220432886  -0.000059142696  -0.001357786598
  0.036020827409  -0.000101480856   0.012331777205
 -0.002681987142   0.000027662369   0.000043851912
 -0.002248031966  -0.000252835449  -0.000147788283
 -0.078682894050  -0.000144053564  -0.012677796890
 -0.003855123277  -0.001518139029   0.001433753324
 -0.003399768396   0.001077156579   0.001630988038
  0.036204421516   0.000540596821  -0.012277376745
  0.000729040666   0.000085278976   0.001179779532
  0.005739864099   0.002065681645   0.004177571994
  0.005956701583  -0.002393246979   0.004189761161
  0.000900005553   0.000013263525  -0.001032098482
  0.005607406577  -0.001494646414  -0.003492714820
  0.005852183939   0.001832864188  -0.003943247493
  0.000962236736   0.000092443462  -0.000110102094
  0.006500590895   0.000039434296  -0.000201154434
  0.006399384386  -0.000055715657  -0.000128316649
 -0.000153253715  -0.000799266446  -0.001015412862
 -0.000283686074   0.000516739150  -0.000940561984
  0.001794984263  -0.000101940792   0.001507910074
 -0.000264584891  -0.000206364769  -0.000202729973
 -0.000475854061   0.000026266563  -0.000263518251
  0.000300739774   0.000103920657  -0.000037079121
 -0.000200479386   0.000548621544   0.001171883480
 -0.000173339855  -0.000485664723   0.001004016805
  0.001669269069  -0.000015185619  -0.001525951968
  0.002216803204  -0.000291924120   0.001173322114
  0.002220889011   0.000352597175   0.001418158732
 -0.010869646841  -0.000849953227   0.003824005739
  0.000011731587   0.000361622028  -0.000194493936
  0.000820892273   0.000033202117  -0.000019597424
 -0.008278248876   0.000146241055   0.008515099078
  0.002230600094  -0.000048999452  -0.000884917989
  0.002561599608  -0.000125774254  -0.000741346494
 -0.006081119468  -0.000314865138  -0.001249643991
  0.000009096879   0.000003803074  -0.000150144498
  0.000024502480   0.000224293026  -0.000201900271
  0.000000549869   0.000109071669  -0.001090865001
  0.000212868184  -0.000102756016   0.000108628582
  0.000374591923   0.000221114061   0.000093991795
 -0.001102949007   0.000097618712  -0.000069597773
  0.000061051338   0.000027601728   0.000159547246
  0.000075051755  -0.000050082441   0.000219375926
 -0.000064565440   0.000119151245   0.001089538883
    6    2  0.0000  0.0150  0.0000
  0.001341113859  -0.003380994133   0.001549922472
 -0.000987186967  -0.003100113946  -0.001715576954
  0.000034638951  -0.002519395276   0.000027399845
  0.000303586689   0.035694730064  -0.012230863720
  0.000124997155   0.036048202127   0.012247207883
 -0.000161751984  -0.081507262657  -0.006127521603
 -0.001632329346  -0.003291068702   0.001494043391
  0.000368557866  -0.003255001142  -0.001373119375
  0.000089913823  -0.002592823988   0.000037769527
 -0.000064243843   0.006521173866  -0.000032094533
  0.001804762405   0.005771980322   0.003823313912
 -0.001495115715   0.005625727985  -0.003652174972
 -0.000064030201   0.006564624340  -0.000024138455
 -0.002373798544   0.006023379669   0.004428833851
  0.002054473148   0.005958797423  -0.004160533560
  0.000157869694   0.001066200834  -0.000102689599
 -0.000094358095   0.000623671350   0.001212080804
  0.000114344971   0.000689853838  -0.001150838102
 -0.000758467738  -0.000177390904   0.000762532091
  0.000666217064  -0.000308187274  -0.000933275066
  0.000113237822  -0.000468553562  -0.000066727417
  0.000113951839   0.001545250778  -0.001162428449
 -0.000103929219   0.001420992966   0.001134859329
  0.000106994648  -0.000003366175   0.000043521408
  0.000640471504  -0.000231533892   0.001192868183
 -0.000890295692  -0.000333041408  -0.001058601726
 -0.000172564724  -0.000433248857   0.000058314053
 -0.000649614782   0.002498777251  -0.000779855356
  0.000764052591   0.002392989819   0.001529641977
 -0.000492428116   0.000936648587   0.000043543022
 -0.000099995013  -0.006311746735  -0.001112870003
  0.000271138905  -0.009407682047   0.003012310634
 -0.000090224917  -0.007667960008   0.002644128191
  0.000443131669   0.002210451816  -0.000899127026
 -0.000076340171   0.002046957248   0.001279053340
  0.000306216503   0.000242278179   0.000037706075
 -0.000013992833   0.000264291191   0.000489887723
  0.000079230299   0.000238081823  -0.000359503550
  0.000098729539   0.000397724948   0.000103736214
  0.000209491021   0.000034919264   0.000763265526
  0.000215307255   0.000029650760  -0.000857893938
  0.000055642822  -0.000768205556   0.000002652491
 -0.000174197458   0.000311166693   0.000242974268
 -0.000027918649   0.000247627915  -0.000350545849
 -0.000055288035   0.000351425209  -0.000011186957
    6    3  0.0000  0.0000  0.0150
  0.001746679704  -0.001191250626   0.000284683584
  0.001494989647   0.001289924563   0.000185077869
 -0.012178468021   0.000306993032  -0.002215979153
  0.000168657306   0.012308504594  -0.002007282793
 -0.000037929220  -0.012472659024  -0.002462568705
 -0.012767986027  -0.006196690674  -0.194930362024
 -0.001708094244  -0.001605374738   0.000311046704
 -0.001154865394   0.001692579957   0.000084778561
  0.012318134524   0.000126126612  -0.002313060434
  0.000837666436   0.000224612299   0.001309797386
  0.008252515385   0.008122821133   0.013330789419
  0.008325833008  -0.008221385778   0.013521287960
 -0.001130705945   0.000046885652   0.001009159415
 -0.008067913491   0.008684588128   0.013691867132
 -0.008158498215  -0.008649335662   0.013799165623
 -0.000151364795  -0.000130448086   0.000605074851
 -0.000080421201   0.001010907644   0.001526331775
  0.000352554334  -0.001151995338   0.001154290503
 -0.000987345250   0.001001814756  -0.001602145902
 -0.000990157137  -0.001110439996  -0.001754980292
  0.001422963961   0.000199998199   0.002670850647
  0.000262673903  -0.001095169651   0.002337077393
 -0.000022314942   0.001303521031   0.002383422757
 -0.000208673934  -0.000068097780  -0.003117433851
  0.001125232032   0.001222156246  -0.001648662115
  0.001046329486  -0.001066256898  -0.001709575449
 -0.001387833769   0.000014698542   0.002574960689
 -0.000675007572   0.000841493965   0.000269636566
 -0.000962195797  -0.001210691475   0.000336898881
  0.001817474694   0.000052964589  -0.002642071281
  0.000188445130   0.001599389417  -0.001445595539
 -0.000283523968   0.000414444914  -0.001851516813
  0.009224324929   0.004584023400   0.147694753042
  0.000176812789   0.000611515167   0.000535050114
  0.000508029009  -0.000972678501   0.000691817687
  0.001840433871  -0.000019470251  -0.001943941866
 -0.000818000873   0.000316922984  -0.000057684237
 -0.000801941591  -0.000378801049  -0.000058942993
  0.000956015468  -0.000039552941   0.000182716021
 -0.000027651481  -0.001246707922   0.000443189617
 -0.000008206707   0.001171831230   0.000503568662
 -0.000081192268  -0.000064885353   0.000248103315
  0.000649749040   0.000303681390  -0.000075467352
  0.000736065836  -0.000460054253  -0.000097429381
 -0.000761288649  -0.000100453446   0.000249304008
    7    1  0.0150  0.0000  0.0000
  0.036127217388   0.000011072175  -0.012252981234
 -0.002959140804  -0.001173057598   0.001896641897
 -0.002895276580   0.000708461248   0.001736098973
  0.036305730128   0.000419411086   0.012296584881
 -0.003560753698   0.000852671068  -0.001199222292
 -0.003878119688  -0.001623933772  -0.001708496288
 -0.082351671356  -0.001215610561   0.005666109804
 -0.002468844402  -0.000046181298   0.000375771687
 -0.002871375425   0.000275259106   0.000340504306
  0.006665333827  -0.000253165505   0.000091732260
  0.001048705382   0.000044137634   0.000001164141
  0.006392989519   0.000121100654   0.000114256668
  0.005654306152  -0.001966512269   0.004004595498
  0.000756603152  -0.000058372039   0.000909692671
  0.005872570607   0.001564806952   0.003701666160
  0.006020420062   0.001889405615  -0.004243123108
  0.000707074202   0.000184288789  -0.001384951218
  0.005883995794  -0.001576331737  -0.004000061454
  0.001818954726   0.000027341341  -0.001241615538
 -0.000258022414   0.000784145802   0.000933894747
 -0.000083218275  -0.000935850777   0.000905193395
  0.001632986183   0.000030077206   0.001403136819
 -0.000224489126  -0.000625408854  -0.001138575813
 -0.000167383344   0.000797859679  -0.001121222790
  0.000240297926   0.000058959670   0.000125062324
 -0.000456182301  -0.000107516381   0.000106288338
 -0.000467165286   0.000000856965  -0.000061908043
 -0.007572954085   0.000062890413  -0.001477370253
  0.001946174868   0.000398301410  -0.001459955339
  0.001491362970   0.000713922002  -0.001423561239
 -0.006466837706  -0.000031575748   0.001698084913
  0.002033608315   0.000023396959   0.000645144236
  0.002438086877   0.001002560017   0.000855735613
 -0.006602853061  -0.000333627119  -0.004656954275
  0.000308348910  -0.000321955369  -0.000070413326
  0.000076237664   0.000328153695  -0.000034847271
  0.000013188451  -0.000139893353   0.000849390296
  0.000013539074  -0.000090615302   0.000261043455
  0.000056965691   0.000056002431   0.000287695708
 -0.000109175940   0.000191170732  -0.001023453103
  0.000162999389  -0.000286628346  -0.000275765017
  0.000121376224   0.000129395350  -0.000214811702
 -0.001039107337   0.000111447140   0.000014724174
  0.000279879209  -0.000125051521  -0.000188022995
  0.000363618139   0.000124192411  -0.000042900665
    7    2  0.0000  0.0150  0.0000
  0.000219807900  -0.002720361719  -0.000049576721
 -0.001113842576  -0.003798206277   0.001551830792
  0.000436220760  -0.002944759270  -0.001343822988
 -0.000164947117  -0.002723248332  -0.000025163218
  0.001267528472  -0.003302323885   0.001703264040
 -0.001477231895  -0.003268418407  -0.001553229234
 -0.001259461040  -0.083167269491  -0.009218419228
  0.000227935512   0.036296624882  -0.012110676218
  0.000277872726   0.035905201656   0.012218207337
 -0.000230577279   0.000779694280  -0.001104230701
  0.000055350371   0.001017122891   0.000027991309
  0.000028164199   0.000734088973   0.001169325305
 -0.001733402579   0.005734701543  -0.003892887397
 -0.000188959417   0.006498235051  -0.000086913929
  0.001813610909   0.006009153986   0.004066346645
  0.001723078011   0.005881439108  -0.003847687973
  0.000092587500   0.006577702458  -0.000115963110
 -0.001751359685   0.005829759121   0.004052198967
 -0.000068352571  -0.000473209621  -0.000193265476
  0.000790337336  -0.000124803276   0.000970350520
 -0.001003956342  -0.000081890741  -0.000986305980
 -0.000015717806  -0.000320708669  -0.000171051740
 -0.000471605557  -0.000161278043   0.001148407140
  0.000677350674  -0.000238431696  -0.000884155439
 -0.000041698737   0.000250614048  -0.000183296509
  0.000030511795   0.001553235683  -0.001334105467
 -0.000078455885   0.001855666562   0.001243055798
 -0.000021118585   0.000233332445  -0.000161505957
 -0.000081723058   0.001825635787  -0.001083543888
  0.000467691257   0.001379292829   0.001040683706
  0.000019532711   0.000413726249  -0.000055006290
 -0.000353335870   0.002257671873  -0.001038045788
  0.001451821316   0.002632144861   0.000898533774
 -0.000188878349  -0.006030229155   0.008524757103
 -0.000238077477  -0.005983370263  -0.001364330619
  0.000569829593  -0.007879304144   0.001806150582
 -0.000051190771   0.000099681636   0.000174094718
 -0.000042420092   0.000098458823   0.000198662429
  0.000239096801   0.000047873171  -0.000263326689
  0.000127097481   0.000333756590   0.000156164036
 -0.000187936441   0.000119967094   0.000238466173
  0.000160469544  -0.000019467108  -0.000337086097
  0.000075973445  -0.001050308817   0.000027677105
  0.000097588361   0.000007483220   0.001026232592
 -0.000085207542  -0.000084675904  -0.000838803416
    7    3  0.0000  0.0000  0.0150
  0.012629275147   0.000041406213  -0.002403260527
 -0.001544912979  -0.001424654748   0.000503945281
 -0.001420332096   0.001521986023   0.000385591504
 -0.012829478216  -0.000227901816  -0.002263159231
  0.001563244226  -0.001717396823   0.000301292007
  0.001442237404   0.001544565621   0.000321413748
  0.005639748886  -0.009278018429  -0.195468342384
  0.000085704269   0.012852323314  -0.002371471158
  0.000133524855  -0.012522795252  -0.002386617980
 -0.000159079818  -0.001360081629   0.001046960481
  0.000095620151   0.000229304084   0.000588034392
 -0.000015211392   0.000923924271   0.001282081224
  0.008552957486  -0.008296382429   0.013839158045
  0.001375371088   0.000119325266   0.001328802463
  0.007838551480   0.008284047983   0.013507283158
 -0.008664914873  -0.008057378633   0.013323714599
 -0.001085070310   0.000245811692   0.001018531077
 -0.008315626668   0.008298968142   0.013911994278
 -0.001175475616   0.000474997844   0.002257734605
  0.000818018762   0.000968553922  -0.001749643029
  0.000974356646  -0.000957199529  -0.001640377397
  0.001525363479   0.000070258824   0.002423071549
 -0.001263202663   0.001146340711  -0.002171985569
 -0.001181827587  -0.000906585264  -0.001632541977
  0.000215740339   0.000071006912  -0.003404684959
  0.000164030464  -0.001650697234   0.002730326167
 -0.000118447411   0.001269278110   0.002300417934
 -0.000207843826   0.000051728731  -0.001470650898
  0.001044592204   0.000881077861   0.000406141421
  0.000823783729  -0.000918123757  -0.000036315526
 -0.001436554548   0.000019001331  -0.001936446413
 -0.000777023522   0.000867206576   0.000889490665
 -0.000832894226  -0.000989706138   0.000542104753
 -0.003749913356   0.006566382805   0.147434496528
 -0.000067772280   0.001855558861  -0.001849127941
 -0.000235389924   0.000442104335  -0.001414351448
 -0.001151170727  -0.000265722895   0.000435717010
  0.000630354044   0.000565832829   0.000079036095
  0.000870253417  -0.000764209580  -0.000135739048
  0.000856600647  -0.000317622409   0.000466235900
 -0.000413909246   0.000834827789   0.000088270113
 -0.000436008426  -0.000823104084  -0.000225439271
 -0.000201220420  -0.000183502420   0.000508774558
  0.000044572296  -0.000627782537   0.000361219418
 -0.000040620890   0.001143045554   0.000278315783
    8    1  0.0150  0.0000  0.0000
 -0.003377289649   0.001126410841   0.001431119123
  0.035587611587  -0.000006633549  -0.012171777856
 -0.003000641974  -0.001526895560   0.001726598538
 -0.003136735414  -0.001182181140  -0.001455216574
  0.036079716733   0.000080595647   0.012320915132
 -0.003400185723   0.000339386171  -0.001132819990
 -0.002496698630   0.000229890766   0.000055948926
 -0.080738732265  -0.000120402751  -0.004833561682
 -0.002416265691   0.000158091390   0.000117307528
  0.006612487352   0.000036344518  -0.000105485664
  0.006636432628  -0.000078640547  -0.000062616836
  0.000987064794   0.000088228945  -0.000098260100
  0.005880075143   0.002070778849   0.004016880517
  0.005780258617  -0.002349586232   0.004311650882
  0.000631020102  -0.000014811508   0.001118987913
  0.005745042842  -0.001904904325  -0.003926132235
  0.005902725863   0.001974724062  -0.004054815407
  0.000736431365   0.000080467434  -0.001198133832
 -0.000230999030  -0.000680588967   0.000972204553
  0.001524009990   0.000186590173  -0.001135878861
 -0.000174725928   0.000773328884   0.000959008499
 -0.000325524318   0.000700493189  -0.001063960703
  0.001344326269  -0.000009808164   0.001189804760
 -0.000230187321  -0.000715402584  -0.001036204664
 -0.000418431485   0.000129671503  -0.000348752214
 -0.000001739979   0.000063211317   0.000026871462
 -0.000380241038  -0.000180536009   0.000040684015
  0.002147685512  -0.000217000922  -0.000982749378
 -0.006747664277   0.000138585266  -0.001300647364
  0.002148666345   0.000618586331  -0.001051734226
  0.002380321656   0.000918207890   0.001283819358
 -0.009436552815   0.000314281059   0.003045696461
  0.002053249045  -0.000134059908   0.001091509336
  0.000908047677  -0.000406759627  -0.000085434485
 -0.008341385311  -0.000161404754   0.002368107227
  0.000748073162  -0.000021722495   0.000034229671
  0.000300812554  -0.000009899916   0.000348883326
 -0.000122402575  -0.000110726471   0.000627994525
  0.000197538483  -0.000220375889   0.000354946358
  0.000226072834   0.000062927495  -0.000296894930
  0.000147394119  -0.000024552362  -0.000856918045
  0.000206720688  -0.000045080509  -0.000233016920
  0.000400748538   0.000091454888   0.000184409869
 -0.000693917380   0.000075567118  -0.000113231330
  0.000357786905  -0.000135849547  -0.000083334681
    8    2  0.0000  0.0150  0.0000
  0.000790966986  -0.003460031729  -0.001369671073
 -0.000051226471  -0.002660775059   0.000130450888
 -0.000625239195  -0.003923743700   0.001248545465
 -0.000496562934  -0.003652954857  -0.001307608264
 -0.000290117570  -0.002480349451  -0.000005945738
  0.001066718761  -0.003273336966   0.001726275007
 -0.000036663316   0.036273980885   0.012860016068
 -0.000117498475  -0.074941341635  -0.007487920722
  0.000068681687   0.036875353263  -0.012977494799
 -0.000078121298   0.000867931884   0.001203118771
 -0.000023034249   0.000860959115  -0.001143035723
  0.000072119170   0.001080869788  -0.000025837724
  0.001882823118   0.005432532422   0.003878632687
 -0.001436067938   0.005488402606  -0.003484089634
  0.000018434785   0.006541847925  -0.000025545179
 -0.002154518583   0.005808196812   0.003993667787
  0.001951278979   0.005825009567  -0.003932741368
 -0.000046136199   0.006461621027  -0.000005353965
 -0.000690484064  -0.000187975127  -0.001037178941
 -0.000111132367  -0.000289623986  -0.000355933150
  0.000860645262  -0.000164303582   0.001099608957
  0.000516432951  -0.000303640523  -0.001044904843
  0.000093464817  -0.000418002667  -0.000032760519
 -0.000659713004  -0.000168643911   0.001039394516
 -0.000265573210   0.001803945173   0.001502128156
 -0.000001695518   0.000192427671  -0.000086431146
  0.000064838714   0.001516689318  -0.001836256833
  0.000210423306   0.002261796356   0.001186612090
  0.000264003076   0.000098099239  -0.000154517816
 -0.000472690398   0.002152960222  -0.001078394162
  0.000222262123   0.002657011892   0.001129314637
  0.000071554464   0.000609527056   0.000055000126
 -0.000310304880   0.002676191003  -0.001192344801
 -0.000209402100  -0.010351147046   0.003162831712
  0.000212007078  -0.010519356766   0.006566529189
 -0.000418607706  -0.008672268813  -0.002651679567
 -0.000089276101  -0.000031078224  -0.000168386815
 -0.000275460343   0.000285440099   0.000226436195
  0.000039529388   0.000108689273   0.000158352982
  0.000169493146  -0.000020137444  -0.000060530495
  0.000191630172   0.000437685506  -0.000001372314
 -0.000230671209   0.000145478534   0.000307195840
  0.000247687807   0.000186847926  -0.001100160868
 -0.000038574211  -0.001093893741  -0.000106096403
  0.000113775547  -0.000036889334   0.001198081791
    8    3  0.0000  0.0000  0.0150
 -0.001244660318   0.001637076480   0.000204294980
  0.012224849070   0.000252480966  -0.002101036602
 -0.001626180170  -0.001686465659   0.000208665730
  0.001557063706   0.001330217229   0.000204910361
 -0.012222476791  -0.000279103795  -0.002491941237
  0.001614081130  -0.001391134541   0.000081477712
  0.000349061714  -0.012066673007  -0.002362751894
 -0.004906626149  -0.007543689711  -0.194314207963
 -0.000175452113   0.012662170816  -0.002297100206
  0.000100787127   0.000982869760   0.001288308565
 -0.000144807457  -0.000954293272   0.001280956684
 -0.000148449054   0.000044313512   0.000516081092
  0.008242042118   0.008330094262   0.013344779391
  0.008396206148  -0.008313478412   0.013454544755
  0.001076507335  -0.000166982296   0.001507149488
 -0.008336632333   0.008333376305   0.013672376933
 -0.008345763754  -0.008119511468   0.013489746494
 -0.000982848448   0.000146921298   0.001116342765
  0.001184259139  -0.001112164514  -0.001558279628
 -0.001017152722   0.000164312117   0.002128492896
  0.000994718112   0.001032333581  -0.001647797652
 -0.001111936923  -0.001104058458  -0.001607554948
  0.001526738017  -0.000008306596   0.002536451798
 -0.001103424699   0.001068732949  -0.001819144939
 -0.000079682015   0.001404602065   0.002438008269
 -0.000283919442   0.000031394988  -0.002988377389
 -0.000038278986  -0.001426821772   0.002622349387
  0.000703936895  -0.000435732425   0.000412247259
  0.001446737147  -0.000035484032  -0.001251343614
  0.000888204229   0.000335627923   0.000570509138
 -0.001111756106  -0.000737271999   0.000279198388
  0.000039961026  -0.000090973225  -0.001838181524
 -0.000956274710   0.000556747336   0.000678218322
  0.000051322171   0.001036604685  -0.002424800261
  0.003933057102   0.004810883274   0.148230720390
 -0.000118210861   0.001178928268  -0.002916867846
  0.000530014617  -0.000623284235  -0.000097269735
 -0.001381188818  -0.000099481032   0.000459920077
  0.000402804377   0.000694017745   0.000013943101
 -0.000516326583  -0.000523591484  -0.000168594338
  0.000946803540  -0.000026055291   0.000443312765
 -0.000361561106   0.000761000672   0.000010150584
 -0.000054870285   0.000983125906   0.000335413215
  0.000000155218   0.000011076174   0.000081027236
  0.000059169903  -0.001044351086   0.000275652002
    9    1  0.0150  0.0000  0.0000
 -0.003698910758  -0.001733129114   0.001661120745
 -0.003141002241   0.001156530865   0.001547104060
  0.035903484790   0.000540128752  -0.012203149170
 -0.003376570687   0.000300598803  -0.001028449631
 -0.002957495783  -0.000746869183  -0.001464049237
  0.036149549243   0.000100406706   0.012348253833
 -0.002846761076   0.000306807956   0.000213298456
 -0.002412166234   0.000082383338  -0.000189636097
 -0.080456949515  -0.001881536485  -0.011354091646
  0.001028390778  -0.000043915772  -0.000170013337
  0.006615662076   0.000042600717  -0.000191645203
  0.006354039569  -0.000173236616  -0.000029332541
  0.000732253736   0.000051102495   0.001109595955
  0.005876626918   0.002141840252   0.004271620795
  0.005830766130  -0.002342258585   0.004177968237
  0.000869224779  -0.000052552996  -0.001074041791
  0.005564886944  -0.001441328751  -0.003744465898
  0.006048967255   0.001607495814  -0.003905639502
 -0.000127702597   0.000992516353   0.000941400886
 -0.000223314452  -0.000495525833   0.001231437058
  0.001766483101   0.000199320215  -0.001429604410
  0.000004717343  -0.000705977530  -0.001061836214
 -0.000367608386   0.000717573507  -0.000979040287
  0.001848709487  -0.000118672683   0.001261849529
 -0.000202749453  -0.000256438722  -0.000144333132
 -0.000587900097   0.000048770062  -0.000266354476
  0.000336746078  -0.000042859423  -0.000023907612
  0.002063375739   0.000071032028  -0.001106585075
  0.001964422916   0.000316362213  -0.000844393329
 -0.005188601454  -0.000195673502  -0.000776009235
  0.001527982905   0.000424191125   0.001342433204
  0.002437949499   0.001227425985   0.001241776439
 -0.010204108969   0.000343080254   0.003323956344
  0.000222631038   0.000441500971  -0.000100199294
  0.000452164084  -0.000183932724   0.000000646529
 -0.007232808196  -0.000094971840   0.007368355266
 -0.000007629173  -0.000159728297   0.000299389040
  0.000163986539  -0.000081659670   0.000162165047
 -0.000370881488  -0.000290493295   0.000860866120
 -0.000051920295  -0.000129544389  -0.000164657587
  0.000014004300   0.000106909199  -0.000071124960
  0.000051982957   0.000049621415  -0.001039210840
  0.000232300012  -0.000259866812   0.000095280327
  0.000533544252   0.000155202771   0.000076763993
 -0.001139771614   0.000006770424  -0.000173511358
    9    2  0.0000  0.0150  0.0000
 -0.001281055662  -0.003404058761   0.001621753856
  0.000715915192  -0.003553118755  -0.001147816473
 -0.000234526639  -0.002837632832   0.000374225480
  0.000931046120  -0.002955414193   0.001635683020
 -0.000896213620  -0.003577875887  -0.001419007330
  0.000517839757  -0.002600417778   0.000121428260
  0.000274951480   0.035902518982  -0.012528836903
  0.000121217794   0.036883631084   0.012654177706
 -0.001867753274  -0.079805005595   0.005667807470
 -0.000024724944   0.001116102228  -0.000037313801
 -0.000237398882   0.000819110040   0.000927397375
 -0.000131122620   0.000762191207  -0.001282931541
  0.000003754659   0.006490180329  -0.000127300169
  0.001468139083   0.005705840864   0.003637230916
 -0.001629906815   0.005480414335  -0.003699240054
  0.000032312690   0.006456307044   0.000079699972
 -0.001905513356   0.005891244337   0.004064813572
  0.002192299612   0.006001915820  -0.004255381559
  0.000982278725  -0.000100674707   0.000877433201
 -0.000768943491  -0.000112026358  -0.001331781931
 -0.000154921179  -0.000365505684   0.000014183138
 -0.000501249790  -0.000113614788   0.001115624090
  0.000878739386  -0.000337180738  -0.000825430077
  0.000022557372  -0.000481020734  -0.000084671422
  0.000148936435   0.002027114216  -0.001271162488
 -0.000138232217   0.001635098330   0.001371364111
 -0.000098691727   0.000213041481  -0.000059795853
  0.000098576975   0.002027441400  -0.001221512584
  0.000484754639   0.001692192585   0.001183268408
  0.000165937122   0.000046302619  -0.000089811810
  0.000101306597   0.002005567345  -0.001253950614
  0.000899878734   0.002589417654   0.001045080171
  0.000239816981   0.000659068961   0.000075379654
  0.000084172301  -0.007740940571  -0.001440751165
  0.000293355212  -0.008046638717   0.002681445570
 -0.000199887123  -0.008019948836  -0.007078713041
 -0.000096468958  -0.000001489095   0.000281810413
 -0.000121145921   0.000079220260  -0.000038580069
 -0.000056294869   0.000308533123  -0.000064677530
 -0.000061552241   0.000110897394   0.000188861357
  0.000237700389   0.000098363844  -0.000270146014
 -0.000005950061   0.000453086116   0.000069802426
 -0.000326029428  -0.000132973424   0.000795128740
 -0.000291685814  -0.000184010009  -0.001025006289
  0.000133781376  -0.001085254137   0.000070219815
    9    3  0.0000  0.0000  0.0150
 -0.001464664422  -0.001526158255   0.000329406358
 -0.001564255719   0.001893891557   0.000207278060
  0.012386461812   0.000324189507  -0.002048890968
  0.001685506582  -0.001309568423   0.000356776179
  0.001452577143   0.001224363433   0.000123746540
 -0.012320742610   0.000052698411  -0.002310762789
  0.000254021536   0.012243102648  -0.002403171889
  0.000051275792  -0.012950418181  -0.002283957517
 -0.011479518039   0.005656641931  -0.192846225747
 -0.000310734360  -0.000160247502   0.000544700954
  0.000092049173   0.001061376631   0.001341290007
 -0.000043288286  -0.001073935749   0.001033546058
  0.001078786362  -0.000055858845   0.001372360453
  0.008306602368   0.008020409650   0.013099796741
  0.008272099951  -0.008377941991   0.013550753768
 -0.001114456223   0.000022857292   0.001038776226
 -0.008351112478   0.008377669280   0.013735356173
 -0.007839210305  -0.008381085389   0.013621362056
  0.000935940934   0.001010986710  -0.001423049856
  0.001071679608  -0.001104872780  -0.001845789713
 -0.001274157745   0.000359473366   0.002334173870
 -0.001062340531   0.001141521490  -0.001818267270
 -0.000935098411  -0.000887549453  -0.001664676642
  0.001689069829   0.000002619368   0.002558916454
  0.000002173596  -0.001392579342   0.002000722828
  0.000009629151   0.001448782191   0.002524089656
 -0.000327893938  -0.000137131840  -0.003146466556
  0.000561634479   0.000851807051   0.000402069704
  0.000991582837  -0.000934311107   0.000786980880
  0.002135089548   0.000081429698  -0.001656792381
 -0.000990975418   0.001134852550   0.000042450522
 -0.001282109915  -0.001121217198   0.000792264624
  0.001020708754  -0.000011031184  -0.002186415851
  0.000041470447  -0.000016834142  -0.001319688323
 -0.000035329376  -0.001637462800  -0.002794240457
  0.008372883051  -0.003171959152   0.146324298533
  0.000738475756   0.000634677198  -0.000131219456
  0.000834084356  -0.000652303813  -0.000105386623
 -0.001094401842  -0.000142272989   0.000334021995
 -0.000704010037   0.000606336431   0.000048905407
 -0.000711737280  -0.000633813358  -0.000192423400
  0.000731890673  -0.000351771527   0.000397823649
  0.000105330550  -0.001086013773   0.000584544436
 -0.000004745845   0.001032432456   0.000346467702
  0.000089758487  -0.000065780056   0.000344545608
   10    1  0.0150  0.0000  0.0000
  0.005679371227   0.001994934723  -0.008188398412
  0.005989472391  -0.002141809920  -0.008402724502
  0.000900374766  -0.000233251383  -0.001162940618
  0.005709316630  -0.001750714800   0.008433518862
  0.005686100431   0.002111375200   0.008267282124
  0.000759114400  -0.000059232722   0.000881879548
  0.006785769666  -0.000205838159  -0.000097863612
  0.006619397123  -0.000002631414   0.000183213300
  0.001018397687  -0.000039891648  -0.000318583935
 -0.119797003600  -0.000135873282   0.000318779617
  0.000080658413   0.000183350808   0.000090798083
  0.000138497209   0.000088564462  -0.000001539066
  0.017921060674   0.000002410471  -0.000114473672
  0.000255599200  -0.000378556116   0.000088469507
  0.000093921509   0.000335072725   0.000036695560
  0.017721919400   0.000046652481  -0.000094712080
  0.000033347241   0.000577166564   0.000013285393
 -0.000004653581  -0.000322332506   0.000018693662
  0.005644705395   0.002170159828   0.008504028501
  0.005704453516  -0.001970413211   0.008196293749
  0.000844660744  -0.000005769064   0.001246430960
  0.005805420829  -0.001561541126  -0.008483078491
  0.005640291938   0.002166186582  -0.008249858713
  0.000870728429   0.000132709036  -0.000990471260
  0.006832892762  -0.000083124342  -0.000183556939
  0.006455007995  -0.000199965063   0.000147859783
  0.001079203242  -0.000104320214   0.000122513481
  0.001054204437   0.000329311322  -0.000042411299
  0.001136168475  -0.000228789604  -0.000129798887
 -0.000021576085  -0.000003959091  -0.000027993784
  0.000967333995  -0.000631522664   0.000186410679
  0.001128757142   0.000074618796  -0.000517261352
  0.000030472280   0.000077830611   0.000147920518
 -0.000115367353   0.000054029185  -0.000012418386
  0.000125858278   0.000170141124  -0.000116508669
 -0.001552024353   0.000229169760   0.000177241815
  0.000969369353   0.000393748555   0.000211996656
  0.001110090522  -0.000098988719  -0.000093979686
 -0.000057009370  -0.000077499631  -0.000054334261
  0.001083349027  -0.000572365530  -0.000062030229
  0.001027448768   0.000125585258   0.000287307847
 -0.000022312081  -0.000168860339  -0.000168015589
 -0.000101053435  -0.000217385278   0.000005332459
  0.000253987553   0.000090187433   0.000059643298
 -0.001485722795  -0.000158569095  -0.000112641959
   10    2  0.0000  0.0150  0.0000
  0.001674419220   0.005847691833  -0.008216094432
 -0.002121138555   0.005786071086   0.008372491166
 -0.000286566539   0.006764436250  -0.000305025408
 -0.001966489901   0.005523739818  -0.008139097783
  0.001948049889   0.005571898393   0.008553189821
  0.000069194281   0.006656000918   0.000251947512
 -0.000259224893   0.000792551024  -0.001360768761
  0.000015151630   0.000861436389   0.000992149814
 -0.000016317698   0.001094034844  -0.000179493989
 -0.000149998727  -0.119569528419   0.000306419924
 -0.000064621670   0.017864079809  -0.000276081587
  0.000119664769   0.017496595562  -0.000208718208
  0.000063167716   0.000164786661  -0.000013706815
 -0.000534212430   0.000087338570  -0.000114562806
  0.000393149795   0.000061430179   0.000036629617
  0.000000355597   0.000070598442   0.000068449359
  0.000324724489   0.000080304060   0.000070494756
 -0.000205330989   0.000014442548   0.000014192497
  0.002140258684   0.005684039217   0.008507507843
 -0.001534469706   0.005805729949  -0.008500082483
  0.000007772816   0.006775273268  -0.000095025616
 -0.002016679174   0.005601733300   0.008185579057
  0.002059754970   0.005802818490  -0.008018110349
 -0.000019642044   0.006674043382   0.000281963425
  0.000046944531   0.000826275165   0.001106856829
  0.000026706151   0.000927435198  -0.001059739290
 -0.000077596471   0.001062092833  -0.000060465042
  0.000249365407   0.001154207711  -0.000077208840
 -0.000490050136   0.000887245490   0.000145118132
  0.000012237420  -0.000293373151  -0.000133237926
 -0.000106384734   0.001249114436  -0.000218334083
  0.000228411855   0.001125543507  -0.000579115965
  0.000300563179   0.000391764686  -0.000144362035
 -0.000009272208   0.000027218718   0.000073164809
  0.000262717657  -0.000032151066   0.000186709123
  0.000283283062  -0.001541230662   0.000037357852
  0.000255454347   0.000965920980   0.000139163241
 -0.000655761495   0.001035868176   0.000079929926
 -0.000154217713  -0.000081596390  -0.000073104181
 -0.000293454008   0.001118740175   0.000180683628
  0.000063862149   0.001185796835   0.000237137217
  0.000025422624   0.000169750347  -0.000068285255
  0.000121110462   0.000003085902   0.000040291569
  0.000181038128  -0.000063161884  -0.000133124134
  0.000088648264  -0.001630092578   0.000106317869
   10    3  0.0000  0.0000  0.0150
 -0.003946429809  -0.004141253940   0.013208072443
 -0.004153162007   0.003984068748   0.013375515162
 -0.001048753918   0.000068330213   0.000919328627
  0.004072268240  -0.003943628189   0.013225794888
  0.003897602296   0.004107532046   0.013717051215
  0.001204423261  -0.000055503437   0.001222837556
  0.000097182079  -0.001130816673   0.000963060351
 -0.000096221011   0.001198868631   0.001182327635
 -0.000155482247  -0.000022385370   0.000477904460
  0.000278951533   0.000290438664  -0.152646883103
 -0.000071314951   0.000036950227   0.006502730582
 -0.000024913031   0.000071586360   0.006871412809
 -0.000045425023  -0.000093336890   0.006494427646
  0.000102539677   0.000027506225  -0.001945600849
 -0.000046654365  -0.000023501475  -0.001932708692
  0.000041972175   0.000005482360   0.006714444677
  0.000053760095   0.000088422998  -0.001929187475
 -0.000002182214  -0.000051030462  -0.002037919285
  0.004101795353   0.004084362859   0.013339327672
  0.003717203765  -0.004231460207   0.013480661045
  0.001062497366   0.000110546583   0.001154581293
 -0.004212771346   0.003758041207   0.013630162581
 -0.003942056752  -0.003994799462   0.013226368303
 -0.001141798043  -0.000040215394   0.001164111538
  0.000114430307   0.001194159798   0.001072552962
 -0.000142202770  -0.001045297727   0.001236319565
  0.000084317054   0.000059926727   0.000613926026
 -0.000879970054  -0.001186292745   0.002708288927
 -0.001454231354   0.001094255651   0.002479756715
 -0.000627654794  -0.000100306961  -0.000222255650
  0.000952078288  -0.001440456651   0.002818728817
  0.001071648577   0.000721811503   0.001282218337
  0.000470853532   0.000234998254  -0.000475080651
 -0.000084527304  -0.000573282812  -0.000305731428
  0.000394560132   0.000526860578  -0.000374182538
  0.000079505004  -0.000140611850   0.000337202385
  0.001016809713   0.001270785102   0.002902497525
  0.001337793578  -0.001149430620   0.002384922206
  0.000595745336  -0.000160486675  -0.000319092840
 -0.000916291264   0.001304723790   0.002608747402
 -0.000803922515  -0.000668825777   0.001710941789
 -0.000528793422  -0.000030642070  -0.000350211447
 -0.000184276644   0.000584839072  -0.000376233477
 -0.000243753906  -0.000623033023  -0.000444455914
  0.000004851387   0.000022100817   0.000333320208
   11    1  0.0150  0.0000  0.0000
  0.000786372424   0.000061879871  -0.001242246711
  0.005630809368   0.002302465859  -0.008317406368
  0.005669482289  -0.002188277772  -0.008414670927
  0.000832175215  -0.000198120889   0.001088270770
  0.005929233235  -0.001446104725   0.008386975191
  0.005673479980   0.001796545314   0.008203397438
  0.001014375799   0.000050108919   0.000069200247
  0.006639262746   0.000007829294  -0.000173135646
  0.006709729843  -0.000188195694   0.000111770775
  0.000083672690  -0.000062877680  -0.000107555034
 -0.119367053097  -0.000259174806  -0.000263966763
 -0.000014215443   0.000191123275  -0.000044591365
  0.000192636682   0.000484769879  -0.000062892856
  0.018198895599  -0.000028221647   0.000248549768
  0.000034730497  -0.000318178175  -0.000027669664
  0.000050317755  -0.000473564118   0.000071399353
  0.017561016006   0.000079536226   0.000173941628
  0.000002470630   0.000308471310   0.000035972825
  0.000939658693   0.000221766326   0.001123047652
  0.005946621928   0.001959517327   0.008315418458
  0.005651429259  -0.002155505300   0.008016477512
  0.000755893665  -0.000099323854  -0.000838763700
  0.005753834228  -0.002044856893  -0.008491434070
  0.005615385751   0.002143198439  -0.008413818033
  0.001047680215  -0.000069859428   0.000070719004
  0.006657599963  -0.000105981257  -0.000076381551
  0.006578086845   0.000063637245  -0.000086872657
  0.000046502405   0.000086583442   0.000162043213
  0.001035319297   0.000018735618   0.000085820434
  0.000989231346  -0.000411497284  -0.000395545566
 -0.000064628669  -0.000274875420   0.000136694158
  0.001094773057  -0.000346720584  -0.000268283863
  0.001141526818   0.000346283956  -0.000335745378
 -0.001470067280   0.000123196970   0.000007066202
 -0.000042511383  -0.000000074318   0.000128046306
 -0.000019906853   0.000261563690   0.000084068693
 -0.000008143645   0.000114200368   0.000087792338
  0.001146724537   0.000315799752   0.000117652834
  0.001090132000  -0.000313755329  -0.000006819289
 -0.000015105218  -0.000212229493  -0.000106119729
  0.001003012468  -0.000377671482   0.000413395763
  0.001086098336   0.000426063254   0.000378952600
 -0.001637255398   0.000016947298  -0.000107433923
 -0.000009836861   0.000023904113   0.000174119777
  0.000060552277   0.000170938402   0.000090560155
   11    2  0.0000  0.0150  0.0000
 -0.000023990140   0.006888779896   0.000044439967
  0.001828074974   0.005729004334  -0.008804885789
 -0.001736614382   0.005812221706   0.008567735775
 -0.000215181912   0.006596573936   0.000204495375
 -0.002464187255   0.005564655558  -0.008049180354
  0.002039811939   0.005722194623   0.008094648775
  0.000038921119   0.000984104106   0.000217599326
 -0.000090092947   0.000858946500  -0.000955379640
  0.000010357875   0.000827778636   0.001071259127
  0.000193458330   0.017863362510   0.000002133214
 -0.000269817467  -0.119270192434  -0.000080618503
  0.000018128914   0.017694367517   0.000008592230
  0.000423577403   0.000208793804  -0.000059950042
  0.000091143845   0.000023708725   0.000031246803
 -0.000469324538   0.000050649790  -0.000001380210
 -0.000274848313   0.000063594423  -0.000077161057
 -0.000000216688   0.000000883813   0.000059187736
  0.000178326251  -0.000029139909  -0.000025707034
  0.000144720016   0.006698982292  -0.000109742791
  0.001968212557   0.005714002995   0.008298171539
 -0.001520945643   0.005686380005  -0.008394599426
 -0.000145080744   0.006703051765  -0.000022864583
 -0.002192906703   0.005725120329   0.008348279267
  0.001972946832   0.005804872893  -0.008354865825
  0.000021778415   0.001061150265  -0.000230059568
 -0.000097029011   0.000789853519   0.000985568124
  0.000210238774   0.000733547401  -0.001310218665
  0.000228584463  -0.000185775505   0.000028321484
  0.000773642230   0.000990930355   0.000093894907
 -0.000470514701   0.000983153219   0.000292903170
  0.000144637689   0.000197777978   0.000105104401
 -0.000057875775   0.001105213986   0.000238696788
  0.000056674356   0.001054530185  -0.000323926157
  0.000085484269  -0.001533950599  -0.000035123318
  0.000012733394  -0.000018108725  -0.000113929984
 -0.000122773763  -0.000022548243   0.000049094914
  0.000067245013  -0.000111138235  -0.000103398397
  0.000499262035   0.001055279851   0.000138703048
 -0.000443084034   0.001093951182   0.000018472193
 -0.000050036572   0.000145188842  -0.000139161692
 -0.000157802976   0.001018064400  -0.000290254726
 -0.000030281713   0.001188245669   0.000361619341
 -0.000069660694  -0.001490408259   0.000066953453
 -0.000120160946   0.000040280024   0.000121934812
  0.000014466226  -0.000017935123   0.000033351990
   11    3  0.0000  0.0000  0.0150
 -0.001229862158  -0.000042291353   0.001031335705
 -0.003939133337  -0.004339471244   0.013827977227
 -0.003925739315   0.004169399790   0.013830352768
  0.000918403112  -0.000096875878   0.001141466089
  0.004317588444  -0.003596864868   0.013524582523
  0.004155627623   0.003858632593   0.013229566598
 -0.000029973680   0.000043732263   0.000583557212
 -0.000101931137  -0.001130956159   0.001164643069
 -0.000179765764   0.000942966069   0.001200638041
  0.000097657980  -0.000220889519   0.006527016969
 -0.000268234378  -0.000114727563  -0.151583026202
  0.000013005051   0.000045484294   0.006808719337
 -0.000045974204   0.000046856871  -0.001854896253
 -0.000002340588  -0.000018120647   0.006361495057
 -0.000016489312  -0.000079498546  -0.001823513458
  0.000038050253  -0.000093494254  -0.001912277169
  0.000089193747   0.000156479973   0.006660579917
  0.000049567317   0.000044249813  -0.001934692996
  0.001086823905   0.000168812340   0.000891571253
  0.004189487707   0.003988972439   0.013590529082
  0.003700594548  -0.004362219891   0.013286595573
 -0.001027775230   0.000082941031   0.001025181894
 -0.004177566882   0.004042917943   0.013766432186
 -0.003876030923  -0.004127512148   0.013404417472
  0.000116975431  -0.000034040250   0.000338863639
 -0.000041029666   0.001309010300   0.000915949774
 -0.000055722284  -0.000983548703   0.001079327228
 -0.000478281794  -0.000181684009  -0.000307864440
 -0.001439652410  -0.000893117323   0.002193810655
 -0.001369693953   0.001379538679   0.003142093130
  0.000670007968  -0.000031607986  -0.000394670905
  0.001256143163  -0.001073476525   0.001854248887
  0.000743991776   0.001068622575   0.001642004457
  0.000071024901   0.000141009014   0.000316270800
 -0.000072637995  -0.000567931200  -0.000392232200
  0.000208101766   0.000633401055  -0.000437048833
  0.000663353624   0.000029632576  -0.000182306819
  0.001642652398   0.001418362545   0.002846675856
  0.001360821732  -0.001237498912   0.002279846618
 -0.000561993149   0.000096147662  -0.000532651101
 -0.000912375130   0.001168200437   0.001539951239
 -0.001033980322  -0.001334091338   0.001537342255
 -0.000234594123  -0.000218920158   0.000384974503
 -0.000206420136   0.000540907267  -0.000238418152
 -0.000161874575  -0.000597439055  -0.000334418484
   12    1  0.0150  0.0000  0.0000
  0.005883294117  -0.001885172268  -0.008170537016
  0.000799847275  -0.000052681276  -0.001204109252
  0.005714500186   0.002303475203  -0.007789726386
  0.005658613231   0.002165301974   0.007782267084
  0.000691109619   0.000056497854   0.000932729848
  0.005937578709  -0.001509186114   0.008288997668
  0.006487812631   0.000078499427   0.000002986031
  0.000989953881   0.000064641919  -0.000176643175
  0.006454577692  -0.000096600871  -0.000074779748
  0.000146911785   0.000121795191  -0.000016812417
 -0.000006004684   0.000019766076  -0.000014163976
 -0.120294070144  -0.000014839158  -0.000182499886
  0.000092898612  -0.000456795583   0.000006117356
  0.000121551401   0.000422334342   0.000066267063
  0.018323302984  -0.000145871245   0.000058631481
  0.000050273216   0.000478459089  -0.000042431664
 -0.000145366016  -0.000368623923  -0.000053511595
  0.018175436055  -0.000060486728   0.000036307517
  0.005685977766  -0.002256945399   0.007734290962
  0.000716771825  -0.000011046270   0.001243243718
  0.005778961998   0.001604317070   0.008154944638
  0.005802530893   0.001955666199  -0.007911083674
  0.000810585453  -0.000011360182  -0.000974146829
  0.005696463675  -0.001757511452  -0.008335245951
  0.006509128501   0.000172363021   0.000039006274
  0.000959980290  -0.000007229379   0.000112657789
  0.006456010877  -0.000003961948   0.000085695745
  0.001108156028  -0.000507391022   0.000043947525
  0.000123698505  -0.000187934456  -0.000038666576
  0.001032332734   0.000297900516  -0.000067365985
  0.001171319123   0.000195887118  -0.000142905862
  0.000187623052  -0.000190913387   0.000157632895
  0.001279569541  -0.000532426374  -0.000199990160
  0.000039630224  -0.000083002504  -0.000036120517
 -0.001689169472   0.000028351246   0.000105551693
 -0.000095108296  -0.000285375563   0.000205307104
  0.001175081913  -0.000096257818   0.000061283273
  0.000156423665   0.000232375732  -0.000046876773
  0.001138180589   0.000425276996   0.000155618175
  0.001192549443   0.000268703408   0.000158246585
  0.000079192436   0.000002949192  -0.000168343345
  0.001130218175  -0.000620788969   0.000254242264
  0.000011609768   0.000244369349   0.000024648590
 -0.001606433079   0.000179181865  -0.000021140157
  0.000066493822  -0.000175710896  -0.000043520332
   12    2  0.0000  0.0150  0.0000
 -0.001666012241   0.005823514099   0.008099707393
  0.000098684265   0.006651008803   0.000237804560
  0.001502178391   0.005999984100  -0.008710616439
  0.001329002782   0.006013488642   0.008501105837
  0.000008439241   0.006503732711  -0.000073880923
 -0.002366588370   0.005556108717  -0.008218426201
  0.000112403278   0.000749441439   0.000909800910
  0.000104762641   0.001070360425   0.000024201649
 -0.000190767823   0.000774087842  -0.001060117979
  0.000072335504   0.017520631737   0.000031902160
  0.000185692767   0.017713894502   0.000009801044
 -0.000050059194  -0.119322063208   0.000084330067
 -0.000370557853   0.000074532322  -0.000037960129
  0.000363590762   0.000100750938   0.000113462289
  0.000131879899  -0.000057353207   0.000131102497
  0.000075258792  -0.000106442958  -0.000115719364
 -0.000195715925   0.000037287017  -0.000113451366
 -0.000081156635  -0.000109276542   0.000003367128
 -0.001451367113   0.005796054407  -0.008508247991
  0.000016593247   0.006736315449   0.000001144728
  0.001793940566   0.005700297683   0.008581390806
  0.001790661632   0.005895468636  -0.008405645738
 -0.000114042191   0.006532257606  -0.000114195590
 -0.002137386102   0.005824154821   0.008162206805
  0.000074362342   0.000848078320  -0.000839375689
  0.000024208264   0.000934362400  -0.000017386437
 -0.000076192084   0.000738463067   0.000974681824
 -0.000151519642   0.000984465481   0.000023070046
  0.000087991279  -0.000193177821  -0.000159672414
  0.000715343686   0.001001732643   0.000006764226
  0.000309344938   0.001131414892  -0.000203530133
  0.000122690450   0.000281857723   0.000137048739
  0.000091071494   0.001179701398   0.000235579548
  0.000118797816   0.000069289072   0.000181904463
 -0.000113452545  -0.001477763658   0.000038526469
  0.000124800126   0.000081221102  -0.000094348408
 -0.000503226673   0.000929436192   0.000098750075
 -0.000153312121  -0.000085178382   0.000017421820
  0.000525735290   0.001051841638   0.000062534915
  0.000188822212   0.001199360637   0.000282999346
  0.000101516281   0.000128337899   0.000005626599
 -0.000089749118   0.001025164681  -0.000130336892
 -0.000117010713   0.000088744069  -0.000264092047
 -0.000184637473  -0.001488836943   0.000016503061
 -0.000057354131   0.000093249607   0.000094264737
   12    3  0.0000  0.0000  0.0150
 -0.003852723516   0.003984842889   0.013254300821
 -0.001196984396  -0.000018955887   0.000969837462
 -0.003509558922  -0.004551917491   0.013350395133
  0.003495876139   0.004267415376   0.013294857599
  0.001104378570  -0.000036686290   0.001376088383
  0.004183268500  -0.003643191587   0.013450258287
  0.000079130005   0.001209061660   0.001175283961
 -0.000084061253  -0.000021424717   0.000437800587
 -0.000063464204  -0.001318394709   0.000957006261
  0.000012948408  -0.000154084954   0.006871251447
 -0.000052516904   0.000047413829   0.006778385329
 -0.000191673668   0.000052957657  -0.151127668445
 -0.000004115673   0.000056452437  -0.001998118974
  0.000157676732   0.000021192570  -0.001942058264
 -0.000074114641  -0.000107446748   0.006556175727
 -0.000013244859   0.000028537931  -0.001986883769
  0.000003517675   0.000009873095  -0.001972678303
 -0.000111301572   0.000094998807   0.006680973298
  0.003553747923  -0.004439773152   0.013194363183
  0.001146288903   0.000059510889   0.001165495752
  0.003998413082   0.003964897026   0.013731344336
 -0.003748753815  -0.003974588028   0.013369957139
 -0.001176834627   0.000055989782   0.001437984083
 -0.004035012234   0.003892676278   0.013502498906
 -0.000040290985  -0.001172673234   0.001302740232
 -0.000105157984  -0.000012815690   0.000658230362
  0.000010973459   0.001333908009   0.001136502011
 -0.001139958337   0.001647283682   0.002360470357
 -0.000787743470   0.000093620798  -0.000256175218
 -0.001425779641  -0.001533808626   0.002151230065
  0.000788023709   0.001205276027   0.001831856771
  0.000586387648  -0.000079044061  -0.000594997163
  0.001223261089  -0.001174271888   0.001784610657
  0.000235720366   0.000532158482  -0.000339842576
  0.000150069774   0.000205481935   0.000412446271
  0.000002669740  -0.000563081568  -0.000117036546
  0.001063655568  -0.001098490461   0.002167208689
  0.000737445882  -0.000032786340  -0.000406966380
  0.001668939135   0.001450693043   0.002632149201
 -0.000839084674  -0.001130563657   0.001732952705
 -0.000557242322  -0.000255385988  -0.000511198272
 -0.001151745373   0.001226220749   0.001857328722
 -0.000000082293  -0.000499807974  -0.000410324422
  0.000084491568  -0.000152600579   0.000286053892
 -0.000125438512   0.000531330682  -0.000204089294
   13    1  0.0150  0.0000  0.0000
  0.006615865970   0.000034069295   0.000133990839
  0.006560905542  -0.000027060788   0.000054681146
  0.000864466138   0.000088809590  -0.000091615070
  0.005799570886   0.001693324198  -0.008703448945
  0.005775092097  -0.002476530388  -0.007997071257
  0.000919209081  -0.000062108851  -0.001126524724
  0.005585576510  -0.001772406713   0.008514342545
  0.005855234835   0.001868721779   0.008240309778
  0.000725452781   0.000031720213   0.001027847093
  0.017899724133   0.000061921729  -0.000042278485
  0.000188328949   0.000445387329  -0.000077902232
  0.000088057869  -0.000400491685  -0.000010345581
 -0.119571863941   0.000241569590   0.000067447206
  0.000139066571  -0.000022675491  -0.000081254237
 -0.000092532813  -0.000214704104   0.000023972703
  0.017532718052   0.000084915541  -0.000129771315
  0.000164131027  -0.000452053286   0.000069983001
 -0.000043501715   0.000131209369   0.000030262957
  0.006597049076   0.000229147608  -0.000167409768
  0.006611333058  -0.000072363724  -0.000013578682
  0.001048303260   0.000015392451  -0.000110900127
  0.005786498530   0.001853299350   0.008459847196
  0.005570679196  -0.002215194061   0.008356747528
  0.000884924516  -0.000126468370   0.001042786810
  0.005786635140  -0.001695370897  -0.008420683408
  0.005817519531   0.001737058470  -0.008233522417
  0.000850417818   0.000171573609  -0.001186663804
  0.000051699648   0.000020926372   0.000017605386
  0.000039865039   0.000036167869   0.000156048611
 -0.001458509960  -0.000178651512   0.000169558799
  0.001028135400   0.000811986768   0.000016809893
  0.001077981215   0.000030658442   0.000165035527
 -0.000013497834   0.000048579541  -0.000072557377
  0.001177411957  -0.000435451500   0.000073762963
  0.001085632878   0.000148924314  -0.000242678744
  0.000100898081   0.000105037640   0.000074320806
 -0.000022080248  -0.000058184458  -0.000044186688
  0.000274093111  -0.000040187458  -0.000133291189
 -0.001483899019  -0.000026541398   0.000017870599
  0.000999081970   0.000449695246  -0.000048326428
  0.001105717083  -0.000241748490  -0.000028126658
 -0.000074329587   0.000138668212   0.000107955814
  0.001041360694  -0.000282192701   0.000135998593
  0.001167724432   0.000172588011  -0.000033007954
 -0.000056146955   0.000149033339   0.000037959299
   13    2  0.0000  0.0150  0.0000
  0.000034055613   0.000668326329  -0.001104854149
 -0.000140997344   0.000862947145   0.001009452893
 -0.000016544609   0.001039859232  -0.000141773614
  0.002190865660   0.005889901397  -0.007935204884
 -0.001592844788   0.006068780998   0.008554175007
 -0.000003534585   0.006696508460   0.000051516300
 -0.001926152985   0.005686546623  -0.008278356201
  0.002058185891   0.005408302446   0.008295270735
  0.000036623171   0.006620887952  -0.000040535507
  0.000004585230   0.000164592613  -0.000108576171
  0.000463928847   0.000209994204   0.000015216437
 -0.000437551925   0.000072321788   0.000023993196
  0.000230375785  -0.119858939654   0.000460024295
 -0.000214367310   0.017834138911  -0.000232439822
  0.000013621848   0.017895546653  -0.000222992006
  0.000169542146   0.000100020533  -0.000006649361
 -0.000292892200   0.000036378084   0.000082007001
  0.000401966637  -0.000044767164   0.000131452022
  0.000113639723   0.000910574092   0.001284896873
 -0.000154320178   0.000726378230  -0.001068369889
 -0.000045044089   0.001081928812  -0.000016255098
  0.002229838007   0.005726729068   0.008402836261
 -0.001683799854   0.005866610907  -0.008317646605
 -0.000019978465   0.006781658874  -0.000056780142
 -0.002197991725   0.005535356540   0.008421018382
  0.001826720402   0.005508775908  -0.008117806851
  0.000005920741   0.006739398768  -0.000078113597
  0.000085846661   0.000112519797   0.000023678882
 -0.000169765447  -0.000010416094   0.000195704184
 -0.000019785407  -0.001528726009   0.000017269256
  0.000083208751   0.000905509185   0.000057097040
 -0.000411160858   0.000958113852  -0.000300460858
 -0.000289612035  -0.000184764553   0.000034559325
 -0.000459696009   0.001247121079  -0.000141373652
  0.000374897259   0.001149409950  -0.000259691089
  0.000054560586   0.000343824173  -0.000124795542
  0.000112887316  -0.000037837454  -0.000042086105
 -0.000231148041   0.000038663421  -0.000104874271
 -0.000078086360  -0.001505101974  -0.000049313401
  0.000247338923   0.000948871910  -0.000101528607
 -0.000164499915   0.001127473449   0.000084577377
 -0.000088265608  -0.000145301515  -0.000082669439
 -0.000392381393   0.001066197102  -0.000094447297
  0.000360391602   0.001175249673  -0.000159043759
 -0.000068579670   0.000110436260   0.000041892451
   13    3  0.0000  0.0000  0.0150
 -0.000076136958  -0.001282790897   0.001137079915
 -0.000012386182   0.001016925189   0.001078355763
 -0.000036084572   0.000100812798   0.000451301241
 -0.004335905731  -0.003781837817   0.013494541561
 -0.003636213156   0.004506390933   0.013352639212
 -0.001088218023  -0.000076059350   0.000921472595
  0.003979012964  -0.003882898990   0.013761570169
  0.003998098499   0.003914344260   0.013256290265
  0.001126003456  -0.000152119585   0.001284281464
 -0.000104399065   0.000004478760   0.006495614870
 -0.000029564348  -0.000046447128  -0.001846791465
 -0.000019683630  -0.000020535348  -0.002002871770
  0.000085123556   0.000444418947  -0.152304140365
 -0.000132138182   0.000143696340   0.006677154549
  0.000004549979   0.000443744614   0.006452505990
  0.000020612309  -0.000032896751   0.006772523045
  0.000015355653   0.000053720605  -0.001885931560
  0.000135602551   0.000035142678  -0.001977621576
  0.000102974748   0.001051914729   0.001054083579
  0.000094390496  -0.001189787675   0.001303271862
 -0.000019509295   0.000149438223   0.000590800027
  0.004169783596   0.003948201705   0.013695609821
  0.003871717485  -0.004143165531   0.013459449528
  0.001211589650  -0.000047066222   0.001068647013
 -0.004182367926   0.003794004116   0.013499647625
 -0.004073397662  -0.003645283484   0.013373270546
 -0.000979399678  -0.000105866049   0.001135712255
  0.000025578295  -0.000523101521  -0.000366983015
 -0.000060079156   0.000648985071  -0.000361844269
  0.000185529960   0.000062421652   0.000330326569
 -0.001069359020  -0.001495372831   0.002385246843
 -0.001184074891   0.001169710525   0.001948671951
 -0.000621098780  -0.000013104167  -0.000251796406
  0.001491347672  -0.001392020568   0.002750570666
  0.001056694490   0.000737121995   0.001640320313
  0.000454877263   0.000171546830  -0.000462661990
 -0.000063258414   0.000637762519  -0.000197064683
  0.000207772894  -0.000476201651  -0.000547542343
 -0.000180561679  -0.000214418600   0.000302095883
  0.001520933563   0.001170130271   0.002177682204
  0.000650469508  -0.001060452104   0.002392232432
  0.000552322711  -0.000253530531  -0.000356828491
 -0.001555208738   0.000788664940   0.001968509465
 -0.000915300259  -0.000950732737   0.002726198360
 -0.000585995951  -0.000207888163  -0.000375599648
   14    1  0.0150  0.0000  0.0000
  0.001069172585   0.000077281329   0.000225148969
  0.006669536179   0.000265807237   0.000226738676
  0.006561056899  -0.000136578050   0.000137120395
  0.000837396276   0.000143986013  -0.001048357569
  0.005699489607   0.001913989405  -0.008418042421
  0.005575459799  -0.002392663771  -0.008056795863
  0.000787529455  -0.000201057809   0.001359506330
  0.005793275204  -0.001443335525   0.008368552189
  0.005806792312   0.001461064596   0.008250434388
  0.000246714393  -0.000558758021   0.000147212560
  0.018192854724   0.000087326820  -0.000002740742
  0.000123779325   0.000362789696   0.000132362374
  0.000145462124  -0.000209869413  -0.000157089004
 -0.119957550337   0.000126035054  -0.000088091771
  0.000033332370   0.000037309149  -0.000063687465
  0.000030975624   0.000417636289  -0.000117603118
  0.017676041443   0.000028965033   0.000103070942
 -0.000029691788  -0.000318858252   0.000002410966
  0.000950247841  -0.000067341483  -0.000219489652
  0.006617944385   0.000148637366  -0.000224088136
  0.006602358394  -0.000187747583  -0.000059017343
  0.000774701346   0.000111542782   0.000956406800
  0.005861574514   0.002330038459   0.008378100148
  0.005645122414  -0.002401820686   0.008331601791
  0.000775689848  -0.000031707627  -0.000981376598
  0.005953010223  -0.001772702137  -0.007994754108
  0.005825745893   0.001758728415  -0.008289642829
 -0.001460076228  -0.000105826259  -0.000088874036
  0.000073974094   0.000052651614   0.000005958567
  0.000026571575   0.000008424905   0.000194647343
 -0.000008711248   0.000242183263  -0.000069158250
  0.001054241782   0.000492215014  -0.000020371856
  0.000995743933  -0.000304557054  -0.000025686740
 -0.000047414905  -0.000219077856  -0.000060913318
  0.001193872168  -0.000052707423  -0.000090030608
  0.001151727485   0.000241691776  -0.000039371078
 -0.001580574496  -0.000132251165   0.000002100647
 -0.000179472777  -0.000036397315  -0.000102656241
  0.000137988189   0.000081182338  -0.000124943069
  0.000130508703   0.000121066894   0.000131932750
  0.000999403122   0.000338826160  -0.000196884988
  0.001093692894  -0.000460403248  -0.000104709943
  0.000098929364  -0.000096868148  -0.000217233523
  0.000948859352  -0.000214258847   0.000047440921
  0.001102715944   0.000495408068  -0.000139136485
   14    2  0.0000  0.0150  0.0000
  0.000080211673   0.001013440205   0.000239174212
  0.000105575821   0.000820812686  -0.000869247025
 -0.000148410882   0.000916889424   0.001192074616
  0.000207368318   0.006712589455   0.000112693333
  0.001940327998   0.005716710796  -0.008466177086
 -0.001468841160   0.005966241676   0.008662126076
 -0.000077959921   0.006609981670   0.000132891965
 -0.002334982955   0.005467423841  -0.008292704282
  0.002135360481   0.005669228980   0.008003416599
 -0.000357122956   0.000092586248   0.000011690539
  0.000007647139   0.000019039424  -0.000022998839
  0.000425445938   0.000101094892   0.000003426438
 -0.000024618161   0.017865049580   0.000110661428
  0.000085280873  -0.119780367770  -0.000031158697
 -0.000203152101   0.017501879444  -0.000027043156
  0.000367633844   0.000210096483  -0.000051052498
  0.000080697311   0.000121055373  -0.000081750708
 -0.000336217834  -0.000063113834   0.000057365748
  0.000008367666   0.000980290011  -0.000060764462
  0.000035956029   0.000850174499   0.001143680386
 -0.000064662863   0.000682975277  -0.001135842447
  0.000090120664   0.006484246264  -0.000120400487
  0.001838824026   0.005838360521   0.008252221266
 -0.001428127829   0.005900938659  -0.008354028726
  0.000041648769   0.006625534587  -0.000034634909
 -0.001894471942   0.005808687025   0.008393846361
  0.001889947697   0.005728470841  -0.007933488455
 -0.000070484962  -0.001702569542  -0.000135296344
  0.000175423514   0.000101887464  -0.000224673905
 -0.000318959135  -0.000048397155   0.000050806464
 -0.000061874803  -0.000047557084   0.000122215884
  0.000487129854   0.001082048943  -0.000040104965
 -0.000456266857   0.001039094638  -0.000115021707
 -0.000083696874   0.000039531711   0.000026937624
 -0.000402326366   0.001127009649   0.000023966297
  0.000192619480   0.001160239127   0.000029553901
  0.000002212546  -0.001538111191  -0.000064566224
  0.000173771076   0.000013462232   0.000085351838
 -0.000262395392   0.000130104764  -0.000055655291
 -0.000051572384   0.000098086189  -0.000157663765
  0.000190021210   0.001107833661  -0.000084780462
 -0.000183117440   0.001161676518   0.000064625838
 -0.000060277816   0.000153859853  -0.000054333677
 -0.000412870579   0.001109814170  -0.000018569545
  0.000140819285   0.001151669799  -0.000286769151
   14    3  0.0000  0.0000  0.0150
 -0.000002641648   0.000100271277   0.000553624704
 -0.000211511117  -0.001292845432   0.001159865293
 -0.000193193221   0.000844458686   0.001178117146
 -0.001449040729  -0.000251203060   0.001015458806
 -0.004141195707  -0.003925984232   0.013927254928
 -0.003511580169   0.004477881005   0.013617973107
  0.000908840556  -0.000104100847   0.001251487244
  0.004309796769  -0.003511905725   0.013387338674
  0.004244136176   0.003671762709   0.013021616197
  0.000035857376  -0.000079148172  -0.001939030141
  0.000264515155   0.000030066166   0.006345316669
  0.000093795782   0.000131225616  -0.001940942316
 -0.000073455657  -0.000176844525   0.006682064449
 -0.000102845119  -0.000059404685  -0.152574662823
 -0.000084752413   0.000517909381   0.006914070432
 -0.000001233193  -0.000111610410  -0.001899809905
  0.000042293158   0.000009496052   0.006809106270
 -0.000085003580   0.000053501966  -0.001947011131
 -0.000074918990   0.000001062425   0.000517737346
  0.000085874697   0.001237459983   0.000876258583
  0.000086688416  -0.001221090186   0.001194576422
  0.001155285596   0.000074785147   0.001061842207
  0.003908988572   0.004247403616   0.013330774946
  0.003549061830  -0.004307276498   0.013447641403
 -0.001081192553  -0.000036886629   0.001230079386
 -0.003780643312   0.004148300672   0.013091854424
 -0.003791637729  -0.003881956650   0.013080148218
  0.000416651052   0.000180560005   0.000302470291
  0.000062621717  -0.000509389085  -0.000423581869
 -0.000062974950   0.000643748337  -0.000419344135
 -0.000503422910  -0.000096706294  -0.000169003337
 -0.001293524329  -0.001411291485   0.002634764907
 -0.001137351737   0.001332798100   0.002232395327
  0.000613960132  -0.000171785118  -0.000431210742
  0.001188704561  -0.000754823966   0.002231474543
  0.001132665229   0.000696528782   0.002147961932
 -0.000130092570  -0.000134799295   0.000390320332
 -0.000008721097   0.000545090563  -0.000246653031
  0.000155884626  -0.000492380384  -0.000368872243
  0.000577842459  -0.000052820244  -0.000311203519
  0.000897795527   0.001370938365   0.002134196298
  0.000706363548  -0.001540519135   0.002186905982
 -0.000570120193   0.000091680413  -0.000427598368
 -0.001097966037   0.000897539952   0.002371696469
 -0.001048603974  -0.001179697160   0.002772530624
   15    1  0.0150  0.0000  0.0000
  0.006337775549   0.000093578237  -0.000073714528
  0.000895879705   0.000205500311   0.000014813931
  0.006543420336   0.000270094700   0.000215188874
  0.005805818948  -0.002291138514  -0.007915250487
  0.000732645330   0.000099386586  -0.000990287392
  0.005770788574   0.002054851567  -0.008150811668
  0.005820653215   0.001797917313   0.007783405700
  0.000629060029   0.000008548113   0.001050830326
  0.005806741350  -0.001626852358   0.008240184455
  0.000084157533   0.000417101533  -0.000099133997
  0.000028750808  -0.000495234959   0.000003389763
  0.018323237251   0.000102803219  -0.000090737667
 -0.000091671449   0.000014786393  -0.000000608911
  0.000034305184  -0.000196599136  -0.000129262866
 -0.119871659226   0.000266594060  -0.000012507042
  0.000027894630  -0.000396229416   0.000114050038
  0.000002841771   0.000226130932   0.000028502322
  0.018194329246  -0.000070215008   0.000033270944
  0.006511484846  -0.000169108311  -0.000124850305
  0.000952458941   0.000113234602  -0.000122574896
  0.006560013569   0.000228420136  -0.000180448183
  0.005577244235  -0.002434083801   0.008176195277
  0.000785503612  -0.000080912889   0.001034309251
  0.005727593012   0.001878766128   0.008130461924
  0.005786810717   0.001674996107  -0.008442085026
  0.000677386902   0.000194536349  -0.001245175417
  0.005723176648  -0.001858813363  -0.008030205566
  0.000059985012  -0.000102907965   0.000163080362
 -0.001581272488  -0.000220475768   0.000114561429
 -0.000041475971  -0.000286380519   0.000063683901
  0.001107235843  -0.000214606983   0.000345374130
  0.000116411634   0.000058805405  -0.000061246913
  0.001103818800   0.000495340619  -0.000098230619
  0.001140487271   0.000284296016  -0.000084964426
  0.000208893068  -0.000175498234   0.000111224981
  0.001261717051  -0.000345193418  -0.000309310512
  0.000161819541   0.000002705568  -0.000039837261
 -0.001511735454  -0.000102275610  -0.000019069438
 -0.000161415601   0.000021068578   0.000004940954
  0.001227419688  -0.000114001237  -0.000353762274
  0.000089613641  -0.000047881711   0.000107320926
  0.001007084704   0.000613884642   0.000169767300
  0.001226349383   0.000318451211   0.000357098922
  0.000083924059   0.000043994047   0.000110441170
  0.001124498556  -0.000257383175   0.000201978512
   15    2  0.0000  0.0150  0.0000
 -0.000045954960   0.000821796173   0.001024313308
  0.000081585775   0.001038222189   0.000198124843
  0.000184899290   0.000639643377  -0.000841917248
 -0.001695541722   0.006087775212   0.008250108121
  0.000228922605   0.006712303754  -0.000018437298
  0.001811203756   0.005896122266  -0.008639813675
  0.001549295641   0.005949928528   0.008245248648
 -0.000028553412   0.006582129200  -0.000136147750
 -0.002301893152   0.005438433547  -0.008363680031
  0.000320164102   0.000059175212  -0.000017392471
 -0.000295300487   0.000049131834  -0.000068449977
 -0.000136766907  -0.000054869497  -0.000088301212
 -0.000216780290   0.017892601550   0.000428292064
  0.000041070167   0.017475434354   0.000505405437
  0.000259639182  -0.119067999072  -0.000627749113
 -0.000261318035  -0.000062142113  -0.000017091588
  0.000189181604   0.000006792825  -0.000009408405
 -0.000001293836  -0.000164815293  -0.000088364692
 -0.000153587931   0.000678493211  -0.000841994018
  0.000079142983   0.000971014534   0.000253931479
  0.000076479052   0.000821568164   0.001210179916
 -0.001923121776   0.005826495233  -0.008644809190
  0.000029048922   0.006679449623   0.000061765208
  0.001579957095   0.005906343193   0.008268413877
  0.001983465014   0.005535039528  -0.008518282399
  0.000249419175   0.006624906670  -0.000093976532
 -0.001734528737   0.005842088411   0.008303473884
 -0.000157974210   0.000047502380   0.000140289323
 -0.000225923041  -0.001482243539  -0.000123331316
  0.000141557465   0.000155193248  -0.000177051732
 -0.000097179923   0.000950318058  -0.000477113104
 -0.000116237692  -0.000192662878   0.000082480198
  0.000434417600   0.000931692332  -0.000056005993
  0.000474856662   0.001214556819  -0.000147061355
 -0.000017792179   0.000190282001   0.000159443940
 -0.000154019629   0.001051845047   0.000289892494
 -0.000200892374   0.000089681361  -0.000134284891
 -0.000007807179  -0.001357012573  -0.000216918530
  0.000119432088  -0.000011876394   0.000019149078
 -0.000235642864   0.000973460365   0.000477456661
 -0.000200299380  -0.000052608631   0.000024435048
  0.000187737588   0.001101971390   0.000059881331
  0.000407481336   0.000979916811   0.000325995032
  0.000012041951   0.000086325521   0.000125467648
 -0.000232589340   0.001138596068  -0.000106165018
   15    3  0.0000  0.0000  0.0150
  0.000013681840   0.001018402125   0.001086311556
  0.000008434011  -0.000088450576   0.000389193974
 -0.000211911827  -0.001406883791   0.001043433780
 -0.003655170136   0.004313932416   0.013249311424
 -0.001162534908  -0.000140895127   0.000971582710
 -0.003896968895  -0.004136249955   0.013719791595
  0.003663467225   0.004106451367   0.013419082935
  0.001098979518  -0.000061123778   0.001405366628
  0.004163696161  -0.003692951993   0.013469746915
  0.000047330884   0.000069950399  -0.001929138615
 -0.000050107771   0.000013281680  -0.001819316687
  0.000062415229   0.000135308411   0.006552571550
  0.000025808679  -0.000170993967   0.006448672868
 -0.000083070955   0.000014663102   0.006903520739
 -0.000006025561  -0.000691419348  -0.150069582843
 -0.000018745438  -0.000033478700  -0.001970762472
  0.000148967885  -0.000055952009  -0.001914076290
 -0.000134700463   0.000071034074   0.006567130530
  0.000112427982  -0.001319346929   0.001411257518
  0.000024233646   0.000020316144   0.000556083225
  0.000089394411   0.001133248006   0.000971813085
  0.003772339802  -0.004287185788   0.013943396473
  0.001283343050  -0.000099936909   0.001178438928
  0.003822421549   0.004256982647   0.013575329020
 -0.004100381681  -0.003833289086   0.013945786045
 -0.000957350000  -0.000003134552   0.001397466499
 -0.003802878725   0.004160707359   0.013312857766
 -0.000168928581   0.000648853967  -0.000258502675
  0.000123037845   0.000052245073   0.000373578202
  0.000025642484  -0.000420592657  -0.000257896471
 -0.001084760102   0.001213561107   0.001407582523
 -0.000743200691   0.000130734336  -0.000350055938
 -0.001521500699  -0.001795105696   0.002484470032
  0.001449145624   0.001441179664   0.001842636264
  0.000631265681  -0.000201350465  -0.000554942563
  0.001213407355  -0.001166229819   0.001487414588
  0.000147835260  -0.000381879494  -0.000389330839
 -0.000213421467   0.000027757309   0.000260100941
 -0.000015308489   0.000614305018  -0.000189752114
  0.001377320193  -0.001139324350   0.001318980953
  0.000695686563  -0.000107039252  -0.000413081283
  0.001043306719   0.001704762017   0.002612014821
 -0.001578272048  -0.001116410314   0.001253914952
 -0.000740117935  -0.000119028144  -0.000576713505
 -0.000898233225   0.001320576480   0.002134313257
   16    1  0.0150  0.0000  0.0000
  0.005739563926  -0.001994480975   0.008212568919
  0.005967361703   0.001446229170   0.008682427346
  0.000720080872   0.000165011554   0.000684007947
  0.006495262378   0.000061475491   0.000042140756
  0.006672995804   0.000007201447  -0.000016268517
  0.000925088209   0.000115426171  -0.000153450360
  0.005987050357   0.001721136450  -0.008658966124
  0.005731626295  -0.002173893016  -0.008337158797
  0.000899704212   0.000018407688  -0.001110693774
  0.017687812103  -0.000011195988   0.000036982868
  0.000044583855  -0.000298838840   0.000064702717
  0.000045562621   0.000074430214  -0.000043699649
  0.017529634809   0.000160974245   0.000030300130
  0.000026419560   0.000364729999  -0.000028796084
  0.000017708313  -0.000285648693  -0.000029106900
 -0.119051413854  -0.000193116519  -0.000181109764
 -0.000173765159   0.000057219839  -0.000022054957
 -0.000092575417  -0.000118851074  -0.000010806986
  0.005888987129  -0.001714324211  -0.008532726654
  0.005761581820   0.001617097662  -0.008400696862
  0.000793611306   0.000123990472  -0.000963369296
  0.006722185220   0.000120988311   0.000152829621
  0.006468184291  -0.000045404462  -0.000199675737
  0.001012666913   0.000095905542   0.000026487775
  0.005826035715   0.001922996881   0.008467818099
  0.005815362142  -0.001857472563   0.008532617039
  0.000813379081  -0.000073822626   0.001114492657
  0.000910110082  -0.000191485656  -0.000265455333
  0.001161395498   0.000449442353  -0.000205367623
  0.000132206846   0.000203478879   0.000218209094
 -0.000077268742   0.000033833057  -0.000120381283
  0.000167188604   0.000169671717   0.000102370441
 -0.001495111843  -0.000043494894   0.000218875100
  0.000998345070   0.000531023240   0.000098990084
  0.001116184198  -0.000104402589   0.000210687442
 -0.000019486449  -0.000138145571  -0.000063955284
  0.001031083977  -0.000451907421   0.000044755831
  0.001009191887   0.000101574525   0.000579087655
 -0.000017056807   0.000088446195  -0.000086469651
 -0.000134331813  -0.000033265026   0.000001236483
  0.000264100100   0.000093033220   0.000025332818
 -0.001352488017   0.000128970539  -0.000082495335
  0.001083968234   0.000234539690   0.000198951765
  0.000947368798  -0.000164909390  -0.000317863488
 -0.000000093826  -0.000212575035   0.000084695870
   16    2  0.0000  0.0150  0.0000
 -0.001728680037   0.005692239463  -0.007965196063
  0.002332205950   0.005349846898   0.007994228114
  0.000133689461   0.006560913143  -0.000057395790
  0.000102817457   0.000840935897  -0.001378921474
  0.000107589452   0.000642918197   0.001040265016
  0.000115717111   0.001038173098  -0.000142993975
  0.001855647615   0.005821677136  -0.008031413159
 -0.001863379611   0.005794039523   0.008305574203
 -0.000067980935   0.006583005575   0.000035095911
  0.000051465699   0.000072202216  -0.000000133330
 -0.000450254429   0.000063197370  -0.000117778586
  0.000455974559  -0.000131269207   0.000005663243
  0.000091474702   0.000101034255  -0.000039360042
  0.000392216219   0.000184302138  -0.000135649418
 -0.000372559894  -0.000061196005  -0.000056514646
 -0.000200908921  -0.120136632982  -0.000533826515
 -0.000130109792   0.018635548052   0.000031774323
  0.000157715752   0.017918057827   0.000065988297
 -0.002211700404   0.005729963791   0.007723568144
  0.001929143471   0.005609359426  -0.008164036259
  0.000049214336   0.006573880174  -0.000048965128
  0.000021750711   0.000842854579   0.001085416343
 -0.000048829498   0.000710192187  -0.000977937441
  0.000067339482   0.001032165600   0.000181273055
  0.001742193204   0.005925025084   0.008186063310
 -0.002252050411   0.005739086936  -0.008002854366
 -0.000091788493   0.006638739228   0.000338568036
 -0.000346801868   0.001248341682   0.000069219394
  0.000249273370   0.001349736302  -0.000130421547
 -0.000068840440   0.000286389493  -0.000041386323
 -0.000154723151   0.000025946234   0.000017956222
 -0.000171383713   0.000156091508   0.000049877306
 -0.000027984640  -0.001552904447   0.000172523223
  0.000192678108   0.001042900884   0.000015269951
 -0.000512071101   0.001031058471  -0.000221732349
 -0.000156632435  -0.000248912484  -0.000051888217
 -0.000139162287   0.001129283609   0.000042720211
  0.000484225689   0.001177384627   0.000417930411
  0.000217903266   0.000066450273  -0.000019438416
 -0.000067276493   0.000111682991   0.000089261149
 -0.000071413480   0.000109973963  -0.000091897691
  0.000081205538  -0.001713917040  -0.000149349714
  0.000460467183   0.001117982313   0.000246308063
 -0.000269331306   0.001102437416   0.000234757479
  0.000111955006  -0.000210185396   0.000009789045
   16    3  0.0000  0.0000  0.0150
  0.003831524176  -0.003943691428   0.013271225245
  0.004351644362   0.003413919845   0.013775995526
  0.001325527453   0.000143373653   0.001254286244
 -0.000079684076  -0.001019604064   0.001247186348
  0.000044557617   0.001389582649   0.001244322602
 -0.000095623631  -0.000083794968   0.000528366719
 -0.004254318367  -0.003827365860   0.013241674595
 -0.003965445295   0.004036824301   0.013580230521
 -0.001123154701   0.000025639728   0.000951745838
 -0.000087752673   0.000085232003   0.006710707342
  0.000039892446  -0.000060951201  -0.001905648515
 -0.000006441787  -0.000096646255  -0.001989326923
 -0.000118536636   0.000009680546   0.006768268063
 -0.000099742326  -0.000035647682  -0.001904956602
  0.000100275574  -0.000023566457  -0.001971966720
 -0.000175661987  -0.000565355634  -0.150640953556
 -0.000110920355  -0.000140673705   0.006393801098
  0.000095218172  -0.000092765585   0.006779278993
 -0.004356749913   0.003601844846   0.013252252156
 -0.004032794023  -0.003731513541   0.013548705076
 -0.001190458465  -0.000017461632   0.001142310853
  0.000069242496   0.001125770661   0.001151321308
  0.000132233590  -0.001153672736   0.001360736530
  0.000107021172   0.000061684818   0.000517530013
  0.004001537943   0.003973372634   0.013620326002
  0.004175068884  -0.003778821442   0.013325068139
  0.001286925451  -0.000107522845   0.001084583836
  0.001410105158  -0.001047079778   0.001949348752
  0.001299752145   0.001029378246   0.001772435944
  0.000428023143   0.000379059775  -0.000414828059
  0.000175190173  -0.000840808556  -0.000286358463
  0.000048171368   0.000496745779  -0.000523605234
  0.000171805083   0.000080099371   0.000334587728
 -0.001587400079  -0.001484321499   0.002292253432
 -0.001204647950   0.001178319176   0.001840812609
 -0.000640309308   0.000068291130  -0.000167137841
 -0.001025490289   0.001269764800   0.002169255709
 -0.001435988419  -0.001064632924   0.001253309418
 -0.000493251038  -0.000113793716  -0.000326200052
  0.000108961751   0.000832753645  -0.000413452313
 -0.000150335216  -0.000692518022  -0.000593871924
 -0.000199150138   0.000016849947   0.000347091683
  0.001335659313   0.001449985603   0.002782258637
  0.001366326717  -0.000819721033   0.001822854292
  0.000529192483   0.000073757409  -0.000175825050
   17    1  0.0150  0.0000  0.0000
  0.000845803742  -0.000152673036   0.001019668299
  0.005972525226  -0.001736764174   0.008310518197
  0.005993476730   0.001329901062   0.008603809157
  0.000874979031  -0.000031102108   0.000006296903
  0.006465899009   0.000056341643   0.000048981372
  0.006605894813  -0.000043802727  -0.000053491105
  0.000703763176   0.000088068843  -0.001082697258
  0.005869682842   0.001950375006  -0.008348793767
  0.005542373759  -0.001922736271  -0.008349560039
  0.000045808377   0.000346584962   0.000032720908
  0.017554959229  -0.000006912254   0.000088975836
 -0.000143359896  -0.000224931493   0.000036539132
  0.000165247783  -0.000322504732   0.000059183479
  0.017674590206   0.000051662604   0.000042914598
  0.000003004100   0.000212937464   0.000119746478
 -0.000169140952  -0.000129154488  -0.000139598814
 -0.119142101010  -0.000088223203  -0.000075460565
 -0.000157593126   0.000109717248  -0.000072319372
  0.000774236129  -0.000240565144  -0.000757532690
  0.006171555074  -0.001521353978  -0.008484823054
  0.005738068135   0.001635857294  -0.008145277169
  0.001019478729  -0.000042564536  -0.000022027613
  0.006550549997   0.000000797061   0.000005008459
  0.006549873546   0.000027471075  -0.000100072744
  0.000691119912   0.000137673525   0.001085342081
  0.005963888847   0.002081123489   0.008448897971
  0.005686192020  -0.001842466748   0.008466691999
  0.000042609630   0.000025659843   0.000143790525
  0.000994448422   0.000059146506  -0.000360199575
  0.001117800727   0.000589422493  -0.000100919536
 -0.001387369773  -0.000119972315  -0.000080211006
 -0.000055341323  -0.000067004399   0.000010756484
  0.000113373030   0.000185002616   0.000145577492
  0.000117522613   0.000064874120  -0.000056811414
  0.001045789607   0.000180568594  -0.000004639667
  0.001060475893  -0.000337063128  -0.000257030033
  0.000087948056  -0.000076236328  -0.000232674689
  0.000965225777  -0.000281319261   0.000336651667
  0.001146026137   0.000302103881   0.000222313487
 -0.001531197776   0.000106605132  -0.000001777960
  0.000061276642  -0.000121849745  -0.000124362702
  0.000111620511   0.000183380537   0.000013830161
  0.000059111014   0.000120362888   0.000040874419
  0.001016057184   0.000005022407  -0.000472228828
  0.001183848201  -0.000541460221   0.000033420496
   17    2  0.0000  0.0150  0.0000
 -0.000058280937   0.006317793066   0.000020914984
 -0.002151720428   0.005765016271  -0.008005773501
  0.002275669497   0.005730680838   0.007810339396
  0.000035891549   0.000937007684   0.000062717823
 -0.000037300067   0.000835147389  -0.000942797785
 -0.000005928734   0.000656346739   0.001100726390
  0.000192048624   0.006685341103   0.000409893217
  0.001981314465   0.005838916165  -0.008013735858
 -0.001416251693   0.005819999174   0.008476671523
  0.000558941171   0.000097922965   0.000275328565
  0.000123725651  -0.000011321126   0.000358344329
 -0.000330826965   0.000048638925   0.000204191232
 -0.000419194906   0.000040784081   0.000244758423
  0.000078646678   0.000117258742   0.000218600964
  0.000217409130   0.000042805866   0.000141152051
  0.000050209695   0.018673381792   0.000041258201
 -0.000141860062  -0.120354706044   0.000333049005
 -0.000043833993   0.018083200377   0.000151408295
 -0.000257876058   0.006427743730  -0.000057042379
 -0.002387685362   0.005741110745   0.008108689716
  0.001854799723   0.005784477894  -0.007955706182
 -0.000021841393   0.000903082382   0.000033057888
 -0.000159963783   0.000734911832   0.001021902974
 -0.000013141681   0.000663577940  -0.001070729480
  0.000111570929   0.006592883190  -0.000016064462
  0.002010737182   0.005717409213   0.008342268180
 -0.001666080669   0.005680616818  -0.007902638239
 -0.000142906964   0.000043258780  -0.000181825292
 -0.000269914490   0.001219626126   0.000072373027
  0.000124396092   0.001212631399  -0.000176203456
 -0.000085659259  -0.001606523090  -0.000075804592
  0.000135914678   0.000128501441  -0.000263191910
 -0.000272969604   0.000202883024  -0.000093014957
 -0.000100077425  -0.000233039626  -0.000179560252
  0.000488200402   0.001063817774  -0.000208214059
 -0.000685449289   0.001051805346  -0.000062160775
  0.000110064324   0.000059337088  -0.000276062510
 -0.000192456592   0.001118419891  -0.000380636392
  0.000346887270   0.001302671300  -0.000030007360
  0.000014396492  -0.001521515123  -0.000261758977
  0.000134828246   0.000127686429  -0.000058205202
 -0.000202030040   0.000199760770  -0.000232561792
  0.000126640365  -0.000145532346  -0.000260321440
  0.000456798508   0.001030443985  -0.000526974871
 -0.000365840276   0.001175739080  -0.000196654460
   17    3  0.0000  0.0000  0.0150
  0.001093083283   0.000017582833   0.001319478453
  0.004120232972  -0.003695016265   0.013316052581
  0.004484261464   0.003333301255   0.013291556087
 -0.000055919119   0.000066315756   0.000603373221
 -0.000197394365  -0.001066973432   0.001238848918
 -0.000188647873   0.001255102819   0.001422341804
 -0.001414537491  -0.000166786018   0.000934959469
 -0.004031732771  -0.003948627814   0.013412512709
 -0.003767476954   0.004108967147   0.013654390537
  0.000018910566   0.000105975071  -0.001927642636
  0.000185626101   0.000058365125   0.006639457873
 -0.000088197654  -0.000093862056  -0.001973175066
  0.000047476078   0.000115734586  -0.001884872046
  0.000099873128  -0.000079218964   0.006805420741
  0.000064706587  -0.000017882079  -0.001912308056
 -0.000021647175   0.000078990569   0.006396170492
 -0.000083424306   0.000064657695  -0.150670277183
 -0.000068200389   0.000000199957   0.006786266354
 -0.001189451103   0.000066896865   0.001225874305
 -0.004366218397   0.003543476723   0.013757287701
 -0.003996379790  -0.003820074113   0.013441443567
  0.000019522973   0.000049833834   0.000327797710
 -0.000019381589   0.001227036115   0.001172557941
  0.000044622247  -0.001120576666   0.001334839491
  0.001241841179   0.000016629307   0.000876338527
  0.004262448863   0.003973133097   0.013539247850
  0.004074927112  -0.003946180449   0.013535635897
  0.000564508368  -0.000134917106  -0.000367215942
  0.001124731416  -0.000817981565   0.001450313590
  0.001107264199   0.001223758994   0.002077027370
  0.000056493911   0.000041646147   0.000373615540
  0.000132436132  -0.000761550869  -0.000439863389
 -0.000088912940   0.000615809115  -0.000490882176
 -0.000499231019  -0.000012180556  -0.000196925345
 -0.001551591791  -0.000874838892   0.002446824637
 -0.001325340342   0.001261547120   0.002750047383
 -0.000586272342   0.000009813947  -0.000377077470
 -0.001774503754   0.001181745430   0.001617268589
 -0.001194851992  -0.001285544238   0.001667483560
  0.000094904025  -0.000252207243   0.000342185705
  0.000065111325   0.000685955451  -0.000303232269
 -0.000001389012  -0.000586210377  -0.000473263359
  0.000552591603   0.000018936638  -0.000340515216
  0.001618834358   0.001031542383   0.001440494380
  0.001436294278  -0.001472325280   0.002160137168
   18    1  0.0150  0.0000  0.0000
  0.005735171386   0.001631351962   0.008198701826
  0.000618438051   0.000038892020   0.000866139038
  0.005873186562  -0.001671185331   0.008162824118
  0.006422031803   0.000080825734  -0.000242156648
  0.000977393525   0.000010557048  -0.000100633682
  0.006499347232   0.000146506667   0.000326564009
  0.005852870016  -0.001770784820  -0.008310610724
  0.000733622007  -0.000053590132  -0.000978395243
  0.005978613698   0.002187051707  -0.007831332198
  0.000007268043  -0.000231234939   0.000022121710
 -0.000005275607   0.000203230948   0.000012518497
  0.018176794718  -0.000115917114  -0.000124886864
 -0.000036671769   0.000422572374   0.000097517530
 -0.000031891971  -0.000366374353  -0.000053006455
  0.018195340394  -0.000005708963  -0.000142758235
 -0.000091605777   0.000157133111   0.000101485072
 -0.000154970205  -0.000030939403  -0.000111803825
 -0.119787263918   0.000202331778   0.000291736144
  0.005687135083   0.001734070645  -0.007955481346
  0.000685055226  -0.000102767818  -0.001033700095
  0.006083703556  -0.001326735418  -0.008299023827
  0.006428683362  -0.000176922272  -0.000195621960
  0.000903044656  -0.000066369291  -0.000124399173
  0.006434198706   0.000032681073  -0.000025015104
  0.005783849296  -0.002030988142   0.008119093895
  0.000688625139  -0.000093403205   0.000985632524
  0.005761829471   0.001998796862   0.008156193793
  0.001182282618   0.000394701576  -0.000288528980
  0.000206293608   0.000172441932   0.000157867211
  0.001139256999  -0.000262474757  -0.000374045249
  0.000134354081  -0.000106266687   0.000084853738
 -0.001501727063  -0.000156321298   0.000153858101
 -0.000258963000  -0.000275337224   0.000053904388
  0.001165080362  -0.000368871266   0.000366699999
  0.000114625137  -0.000110491875  -0.000080385255
  0.000995408670   0.000310396460  -0.000016255049
  0.001265113513   0.000211099765   0.000236583547
  0.000173324896  -0.000067922630  -0.000081962369
  0.001084031438  -0.000466578818   0.000172443200
  0.000066535335  -0.000028016257   0.000120210104
 -0.001428990159   0.000106992058  -0.000011192306
 -0.000096996505  -0.000133667898  -0.000168677876
  0.001217041696  -0.000365477779   0.000040587402
  0.000212186306   0.000043093828   0.000118744038
  0.000912619383   0.000299620145  -0.000296407424
   18    2  0.0000  0.0150  0.0000
  0.001774456946   0.005742660047   0.008084762886
  0.000077976857   0.006491230101  -0.000226338852
 -0.001936516077   0.005625689790  -0.008131053138
  0.000036932381   0.000613796903   0.000989433267
  0.000024314677   0.000919453614  -0.000222108543
 -0.000056155769   0.000698223549  -0.001154376506
 -0.001552340246   0.005777132869   0.008266494126
  0.000068312418   0.006496911565   0.000158812332
  0.001589740291   0.005942706176  -0.008371208527
 -0.000279157631   0.000016579513  -0.000065273391
  0.000289562611  -0.000029130685   0.000034919482
 -0.000053052218  -0.000106655028   0.000092938161
  0.000108364251  -0.000044625820   0.000021165726
 -0.000289258354  -0.000061370563   0.000039497815
 -0.000058243311  -0.000165582240   0.000069136727
 -0.000125446148   0.017921015476  -0.000131586946
  0.000108863517   0.018037340689  -0.000033046644
  0.000193603446  -0.119667881473   0.000302210020
  0.001697378184   0.005889619380  -0.008046003749
  0.000107117548   0.006446095155  -0.000089230405
 -0.001988031827   0.005779994655   0.007922703095
 -0.000178198181   0.000704457829  -0.000814025126
  0.000067640952   0.000946285691   0.000099230534
 -0.000162593670   0.000653700852   0.000973054239
 -0.001767299322   0.005903274835  -0.008253230777
  0.000091318456   0.006406885103   0.000061438457
  0.001480364519   0.005943395673   0.008211148829
  0.000293133435   0.001268952019  -0.000196251105
 -0.000070157551   0.000131903883   0.000118920665
 -0.000041139067   0.001215916376   0.000353304672
  0.000068998173   0.000203133502   0.000091085193
 -0.000241418966  -0.001416738458   0.000196695641
  0.000164828154   0.000123517736  -0.000034763066
 -0.000320017235   0.001099848540  -0.000300691700
 -0.000184972427  -0.000143146178  -0.000053596015
  0.000432406394   0.001169120743   0.000024432754
  0.000314676829   0.001191421097   0.000313370613
  0.000100043988   0.000055139518   0.000026829058
 -0.000243334771   0.001137069073   0.000009878062
  0.000141067909   0.000263316512  -0.000214829932
  0.000141624110  -0.001619689833  -0.000071262724
  0.000273709196   0.000167265174   0.000165338398
 -0.000377637038   0.001243680860   0.000052273477
 -0.000104249326  -0.000068068821  -0.000016787674
  0.000382783893   0.001096154601  -0.000253409408
   18    3  0.0000  0.0000  0.0150
  0.003970452570   0.003841574588   0.013731433910
  0.001257068267   0.000090910449   0.001436200499
  0.004136153149  -0.003926106977   0.013404668897
  0.000025805444   0.001325969436   0.001348719985
  0.000023075276   0.000021888271   0.000387035213
 -0.000156538141  -0.001170293712   0.001071937514
 -0.003986973756   0.004099759412   0.013826638599
 -0.001226495370  -0.000073314769   0.001020691610
 -0.003855518281  -0.004234516909   0.013538571745
 -0.000035243727   0.000047134409  -0.002035820434
  0.000071220839  -0.000011778664  -0.001933321379
  0.000036290717   0.000010503323   0.006680124543
  0.000058073806   0.000163937615  -0.001975389859
 -0.000034555995   0.000075708918  -0.001948708165
  0.000047950180  -0.000106240162   0.006569684759
 -0.000011705513   0.000108775281   0.006777461198
 -0.000082588501  -0.000030020971   0.006781979592
  0.000295581170   0.000262950014  -0.149069509954
 -0.003782995471  -0.003970115621   0.013308317636
 -0.001204605813   0.000057903774   0.001410860781
 -0.004181537468   0.003632297391   0.013370025805
  0.000123395089  -0.001311398083   0.001355721918
  0.000115421274   0.000006050309   0.000571110501
  0.000036794542   0.001251043530   0.001152126208
  0.003757894536  -0.004054934570   0.013690003601
  0.001361086253  -0.000150145992   0.001192423523
  0.003755195976   0.004218443671   0.013598129924
  0.001479960076   0.001359624701   0.001532432980
  0.000503243249  -0.000170632952  -0.000584953537
  0.001190328980  -0.001150359907   0.001118375056
 -0.000040844219   0.000489503297  -0.000406447068
  0.000234050155  -0.000003685127   0.000353260294
  0.000244464963  -0.000705699558  -0.000309475162
 -0.001450152437   0.001572946201   0.001431566845
 -0.000800485453   0.000153882800  -0.000184738689
 -0.001567081143  -0.001787143402   0.002076793119
 -0.000938083694  -0.000953762131   0.001400590178
 -0.000578276223  -0.000115095950  -0.000488666004
 -0.001734315070   0.001406041128   0.001973806177
 -0.000239945548  -0.000564073853  -0.000530978273
 -0.000333147774  -0.000156217392   0.000373679578
  0.000095240898   0.000780332744  -0.000316180581
  0.001309264568  -0.001793313011   0.001979239780
  0.000700278361  -0.000158514382  -0.000139654095
  0.001412799258   0.001620182835   0.001460231232
   19    1  0.0150  0.0000  0.0000
  0.000249492569  -0.000000387894   0.000086566196
 -0.000323357130  -0.000022348193   0.000411116773
 -0.000469809661   0.000068835050   0.000276418483
  0.001483576410  -0.000024221664   0.001415797402
 -0.000251837961   0.000419999045  -0.001240934770
 -0.000150114088  -0.000742558178  -0.001027477269
  0.001821258187  -0.000061484669  -0.001175808926
 -0.000241371610  -0.000657147160   0.001137821304
 -0.000135338271   0.000974569377   0.000898065861
  0.005678199426   0.002147160155   0.004072246391
  0.000915963347   0.000148287613   0.001061935316
  0.005732704219  -0.001449730099   0.003559765934
  0.006493979783   0.000114335268   0.000088729374
  0.000967513409   0.000003452533  -0.000088830090
  0.006422788267  -0.000141689005   0.000111365115
  0.005932729284  -0.002232779064  -0.004345491466
  0.000781190638  -0.000247901974  -0.001160202108
  0.005713959650   0.001711131198  -0.003819548737
 -0.077217962860  -0.000174760017   0.009008922848
 -0.002483288196   0.000022602426   0.000051869761
 -0.002907986289  -0.000299033853  -0.000024898626
  0.036615875720  -0.000325121153   0.012418999978
 -0.003377828320  -0.000792767129  -0.001153657554
 -0.003621790544   0.001267895823  -0.001462440673
  0.036156555330   0.000300590394  -0.012668167897
 -0.002891648642   0.000809189934   0.001276605339
 -0.003329731575  -0.000664920327   0.001179295491
 -0.000856356788   0.000007904072   0.000057012767
  0.000366223036  -0.000171573293  -0.000188985932
  0.000316466476   0.000146228427  -0.000208483052
 -0.000097091753  -0.000095937408  -0.000956162265
  0.000129128413   0.000076344911  -0.000139936279
  0.000190553727   0.000024885291  -0.000305363668
 -0.000185879134   0.000108594547   0.000807522663
  0.000032270189  -0.000069871747   0.000190011796
  0.000057975151  -0.000057628332   0.000191920144
 -0.009267202922   0.000323136084  -0.007508307395
  0.000399372180  -0.000113799505   0.000189699137
  0.000544021157   0.000244606218   0.000169782385
 -0.007518535035  -0.000075747717   0.002278674471
  0.002198882195  -0.000135261063   0.001098184071
  0.002239020062  -0.000107081170   0.001340242148
 -0.010111671053   0.000327843849  -0.003356204327
  0.002009072256  -0.000728315644  -0.001324180339
  0.001990030754   0.000144474041  -0.001223489778
   19    2  0.0000  0.0150  0.0000
 -0.000074811451   0.000082197101   0.000189795187
  0.000047937417   0.001569628513   0.001478293775
 -0.000104183490   0.001971908217  -0.001429077644
 -0.000080731541  -0.000405583327   0.000295314732
  0.000496428547  -0.000227365617  -0.001220080214
 -0.000799592938  -0.000175657620   0.000986883884
  0.000028960464  -0.000474361188   0.000487078042
 -0.000650086261  -0.000175818926  -0.001126290793
  0.001004346350  -0.000093382719   0.000986413601
  0.002185835736   0.005743174055   0.004066127058
  0.000191367857   0.006565480900   0.000198656896
 -0.002234099141   0.005871393673  -0.004430166220
  0.000190266142   0.000891136667   0.001024257872
 -0.000032656660   0.001025427031  -0.000008878770
 -0.000221383230   0.000669341097  -0.001272278118
 -0.001703198917   0.005781144212   0.003570206343
 -0.000258606644   0.006338066923   0.000132031644
  0.001752866879   0.005953117272  -0.003972449673
 -0.000209329609  -0.079005188012   0.010546620637
 -0.000470862968   0.036191520672   0.012608706422
  0.000138236853   0.036147763916  -0.012918842359
  0.000163814059  -0.002639229369   0.000287429366
 -0.000935583576  -0.003520977295  -0.001478034618
  0.000433563122  -0.003068271825   0.001383875533
 -0.000109880098  -0.002829078071   0.000134102846
  0.001481546033  -0.003860632173  -0.001416475272
 -0.000857670626  -0.003052762771   0.001533719637
 -0.000000219730  -0.001093694964  -0.000049452911
 -0.000100153520   0.000015819150  -0.001077088805
  0.000239641592  -0.000166544840   0.000885009171
  0.000002619958   0.000276174690  -0.000164196930
  0.000182565843   0.000126564190  -0.000167526566
 -0.000012942597   0.000031684386   0.000210781466
  0.000065173987   0.000366762793  -0.000211049383
 -0.000135655169   0.000183416440  -0.000194774205
  0.000059025562   0.000093913224   0.000256119953
  0.000382537653  -0.008285368661  -0.008101243761
  0.000107299743  -0.006228891611   0.001225156936
  0.000244357716  -0.009791847012  -0.002677525937
 -0.000071032480   0.000445858215  -0.000023423675
 -0.000536615098   0.002137405460   0.000976787582
  0.000046278477   0.002014008127  -0.001332924495
 -0.000043323109   0.000373850762   0.000227385650
  0.000267624395   0.002285885359   0.001130364965
 -0.000069675532   0.001942012957  -0.001549338851
   19    3  0.0000  0.0000  0.0150
 -0.000017179995   0.000241163366  -0.003121582329
 -0.000181332643   0.001773406464   0.002368163317
 -0.000408033715  -0.001304710793   0.002169108835
  0.001627424143  -0.000302963921   0.002435025659
 -0.001032572118  -0.001173860855  -0.001965206362
 -0.000992120945   0.000791295490  -0.001609940275
 -0.001254220035  -0.000200377016   0.002205963303
  0.001014441638  -0.001038885910  -0.001573092541
  0.000943062376   0.000915926105  -0.001420849072
  0.008549835542   0.008582248514   0.013430255450
  0.001134655674  -0.000182973719   0.001009217770
  0.007763592523  -0.008517761795   0.013239692970
 -0.000161096783   0.001268978328   0.001081031734
 -0.000196461473  -0.000049923817   0.000590746923
 -0.000147936770  -0.000830936954   0.001460722117
 -0.008565909155   0.007786947386   0.013347165784
 -0.000741065346  -0.000282974667   0.001277200264
 -0.007934459929  -0.008045111792   0.013359096679
  0.009054017525   0.010477895218  -0.190833020885
  0.000048253158  -0.012110296370  -0.002176877573
  0.000109164651   0.012172149679  -0.001985754035
 -0.012550775713   0.000236184550  -0.002339880400
  0.001500788532   0.001612798702   0.000232681071
  0.001175876469  -0.001829645086   0.000278709025
  0.012323422366   0.000115364436  -0.002031380707
 -0.001499104056   0.001349389540   0.000344596678
 -0.001487194545  -0.001693295472   0.000143366350
  0.000123484815   0.000107951771   0.000311522683
  0.000178252288   0.000667359712   0.000570976992
  0.000177063581  -0.001432354044   0.000357039386
  0.000636621983   0.000304233328   0.000411990013
 -0.000771684512  -0.000458654750   0.000055152795
 -0.000762410105   0.000633456566  -0.000185830066
 -0.001123465406   0.000163987472   0.000327956741
  0.000736035087  -0.000640824416  -0.000207093773
  0.000864522364   0.000899304394  -0.000292343482
 -0.006147115438  -0.007603875448   0.145595320507
 -0.000172733572  -0.001937344555  -0.001749188570
 -0.000006845532  -0.000995811460  -0.002102408043
 -0.001827243509  -0.000187496446  -0.002267521178
 -0.000770968696  -0.000556798465   0.001077030850
 -0.000725409563   0.001014826074   0.000367242780
 -0.000617429282   0.000014379880  -0.002432845645
  0.001145159513  -0.000673471074   0.000383169185
  0.000989094607   0.000921101846  -0.000135330926
   20    1  0.0150  0.0000  0.0000
 -0.000591881781   0.000146221045  -0.000005933958
  0.000018727677   0.000133881023   0.000001798879
 -0.000406240965  -0.000006768611   0.000123272055
 -0.000217130626  -0.000545738582  -0.001018970619
  0.001413980567   0.000107143480   0.001219079687
 -0.000253740938   0.000649349981  -0.000974077272
 -0.000228971343   0.000782560779   0.000791176339
  0.001516749514  -0.000113079601  -0.000967135177
 -0.000249004281  -0.000759291205   0.001071071307
  0.005765928111  -0.001561216660   0.003783291474
  0.005973437750   0.001995313680   0.004198415378
  0.000707213463   0.000008516372   0.001149985306
  0.006522498551  -0.000160431737   0.000092988635
  0.006512592419   0.000055686826   0.000141525175
  0.000970011987   0.000088265687   0.000016270557
  0.005801226644   0.001970265886  -0.004024877925
  0.006242231282  -0.002395451985  -0.004370243658
  0.000672555271   0.000105321307  -0.001134287998
 -0.002493996660  -0.000466883737   0.000003710714
 -0.086237654206   0.000271284484   0.012241414175
 -0.002626550343   0.000218846666   0.000168310193
 -0.003280343195   0.001191000749  -0.001825429815
  0.036018360343   0.000037622025   0.011880206131
 -0.003560160377  -0.001249728483  -0.001406499639
 -0.003020705610  -0.000981297826   0.001713062729
  0.035477457634  -0.000076639938  -0.011821489675
 -0.003127838256   0.001240909750   0.001471596283
  0.000357202340   0.000163630084  -0.000173942674
 -0.000690355781  -0.000059114497   0.000183966303
  0.000331991460  -0.000215401383  -0.000208785367
  0.000300684441   0.000018913871  -0.000350703322
 -0.000134787429  -0.000169960217  -0.000812099242
  0.000306644873  -0.000137964950  -0.000332021606
  0.000210815501  -0.000046113714   0.000328895750
  0.000231474147   0.000122635122   0.000719258987
  0.000279150518  -0.000034629472   0.000373413123
  0.000892973729  -0.000032137692   0.000143427892
 -0.005061085915   0.000405118790  -0.012016374158
  0.000492535932   0.000098744803   0.000077979655
  0.002472052045  -0.000644340373   0.000869231139
 -0.005496066937  -0.000233963811   0.001217641642
  0.001734586048  -0.000346871254   0.001041941292
  0.002459677970   0.001238165202  -0.000801477273
 -0.008082669327   0.000001804227  -0.001741054100
  0.002076423752  -0.000814176112  -0.001037527322
   20    2  0.0000  0.0150  0.0000
 -0.000008624078   0.001646385998  -0.001631113392
  0.000094800686   0.000175442301   0.000200506068
  0.000134006912   0.001523339142   0.001487839288
 -0.000774184118  -0.000306915241   0.001063162839
 -0.000122865470  -0.000314843696   0.000144555447
  0.000556912159  -0.000307846104  -0.001105809027
  0.000828140342  -0.000127883579   0.000952859136
  0.000185209382  -0.000293508666   0.000171852061
 -0.000532232943  -0.000118783880  -0.001119355069
 -0.001938791136   0.005823277231  -0.004219070909
  0.001981751351   0.005742251457   0.003938126993
 -0.000036213990   0.006712217242   0.000081811396
 -0.000124057533   0.000722042987  -0.001189366016
  0.000084023497   0.000839691838   0.001231539366
  0.000148046707   0.000982879392   0.000000793927
  0.001638646445   0.005634480449  -0.003732162827
 -0.001477518357   0.005786248679   0.003484544100
 -0.000125171260   0.006405752521   0.000110573983
  0.000025180592   0.036175842170  -0.012200605732
  0.000210956201  -0.079077059623   0.006857786070
 -0.000276372770   0.036333588137   0.012592551565
  0.000354161247  -0.003409881553   0.001421027490
 -0.000058792588  -0.002323081285  -0.000022112250
 -0.000881091353  -0.003364565066  -0.001495708987
 -0.000930820731  -0.003566002859   0.001805770889
  0.000089851146  -0.002669357348  -0.000116719093
  0.001335888460  -0.003679417880  -0.001715381242
  0.000269848358   0.000140329760   0.001133227209
 -0.000053595624  -0.001013229834  -0.000051719160
 -0.000257976767   0.000205841927  -0.001036015197
 -0.000154195804  -0.000009936168   0.000272469378
 -0.000022979892   0.000244048326  -0.000071224905
  0.000045323503   0.000153716920  -0.000137795374
 -0.000004384308  -0.000012758474   0.000158042789
  0.000003572716   0.000382478657  -0.000090703580
 -0.000183518332   0.000081194325  -0.000229226742
  0.000343868450  -0.010048272434  -0.003357277476
  0.000271036817  -0.007999549849  -0.004868981629
 -0.000164558373  -0.006968525863   0.001579326647
 -0.000611010443   0.002316779273  -0.001100295950
  0.000225112521   0.000275028700  -0.000028059597
 -0.000590642751   0.002100444064   0.000970775927
  0.001008704738   0.002597337365  -0.001169403473
 -0.000263233729   0.000149152320   0.000067506233
 -0.000242209883   0.002461628220   0.000961458825
   20    3  0.0000  0.0000  0.0150
 -0.000045043635  -0.001189648122   0.002683994765
 -0.000001856306   0.000261500829  -0.003385165230
 -0.000194687250   0.001469032062   0.002416251019
 -0.001219932723   0.001178850874  -0.001896080980
  0.001298573857  -0.000252265818   0.002534322517
 -0.000945536759  -0.000939086294  -0.001755653391
  0.000921543297   0.000989351431  -0.001741130974
 -0.001128600579  -0.000370171904   0.002097355872
  0.001281957687  -0.001319314852  -0.001838882354
  0.008187397978  -0.008491761252   0.013513881307
  0.008380668462   0.008342521911   0.013729292837
  0.001245764541  -0.000049203966   0.001218672625
  0.000005265462  -0.001024955419   0.001344292607
 -0.000207448622   0.001128532377   0.000914756955
 -0.000098767168   0.000252183583   0.000630167454
 -0.008434363460  -0.008163117870   0.013587595647
 -0.008535281471   0.008059080964   0.013857039908
 -0.001022122047  -0.000141601971   0.001459879614
  0.000078044318   0.012591153281  -0.002106123518
  0.012195445839   0.006768456252  -0.193648636723
  0.000152547306  -0.012421879119  -0.002336164868
  0.001284255268  -0.001491133344   0.000081149545
 -0.012579664426   0.000044563857  -0.002305279162
  0.001610440207   0.001562618504   0.000346739304
 -0.001481552655  -0.001340933865   0.000482210300
  0.012130035322  -0.000205138982  -0.002195438848
 -0.001591713087   0.001349461679   0.000536376476
  0.000012905108  -0.001139274616   0.000203896033
 -0.000101144197  -0.000034180003   0.000328695521
 -0.000128921707   0.000709261414   0.000415237816
 -0.000282575583   0.000608260543  -0.000076500786
  0.001090181555   0.000072259539   0.000332806443
 -0.000330212626  -0.000614546446   0.000052187832
  0.000556036200   0.000799619026  -0.000000691924
 -0.001231649190   0.000330487918   0.000638411954
  0.000417981733  -0.000659567685   0.000116465918
 -0.000014331768  -0.000785689057  -0.002726813085
 -0.009368030380  -0.005280495688   0.145139428928
 -0.000168950068  -0.000714560175  -0.002087642959
 -0.000862771530   0.000533889909   0.000852281680
 -0.002418701854  -0.000104566904  -0.001424697542
 -0.000670935928  -0.000446242932   0.000646198734
  0.001415730095   0.000751809665   0.000158761875
 -0.000205282103  -0.000219339599  -0.000921377397
  0.001005302885  -0.000404219735   0.000127928250
   21    1  0.0150  0.0000  0.0000
 -0.000330964859   0.000047833466   0.000286716636
 -0.000537376014   0.000119984603  -0.000046435436
  0.000233962334   0.000015130399  -0.000252113218
 -0.000044639029   0.000628741651  -0.001077813992
 -0.000327317158  -0.000613621387  -0.001029318557
  0.001794365560   0.000109956159   0.001387416825
 -0.000054790488  -0.000988812442   0.000971200703
 -0.000145455195   0.000818075879   0.000966140717
  0.001770488130  -0.000157071766  -0.001239958139
  0.000825815629   0.000004107711   0.001060600875
  0.005729921778  -0.001547188690   0.003757145317
  0.005809346021   0.001809944661   0.003998610805
  0.001054467776  -0.000037620217  -0.000027970094
  0.006495651719  -0.000052521727   0.000081222563
  0.006453576847   0.000080220708   0.000137962561
  0.000770216183   0.000046121620  -0.001120009354
  0.005760188865   0.001865537764  -0.003993015628
  0.006156664686  -0.002021250980  -0.004189870489
 -0.002896761440   0.000107514147   0.000199458337
 -0.002617019213  -0.000276630393   0.000097621630
 -0.082252909807   0.000453072215   0.008524630261
 -0.003728559798  -0.000961679112  -0.001578438746
 -0.003463250495   0.001425068336  -0.001466635973
  0.036323894887  -0.000115202865   0.012286156141
 -0.003339823617   0.001132165986   0.001583563345
 -0.003094469933  -0.000611238878   0.001408207678
  0.036295951274  -0.000341861856  -0.012346221829
  0.000261307953  -0.000238440837  -0.000208498744
  0.000372965808   0.000186912078  -0.000098483608
 -0.001005802622  -0.000135871535   0.000251949392
 -0.000034026705  -0.000013171809  -0.000191467715
  0.000093702989  -0.000050354601  -0.000237979300
 -0.000312218652  -0.000059029383  -0.000927555083
 -0.000044070189   0.000057553394   0.000186224668
  0.000116972509   0.000244016256   0.000233534606
  0.000070187401  -0.000113387432   0.000925500298
  0.000104415716  -0.000026783959   0.000070982522
  0.000497651966   0.000199596119   0.000134264255
 -0.006533674145   0.000260219635  -0.007398471791
  0.001922374825  -0.000406839055   0.000985377863
  0.002022365024   0.000120282879   0.001142335264
 -0.005825464803  -0.000045059119   0.001017222608
  0.002131622029  -0.000548171265  -0.001061079435
  0.001694076990   0.000040829887  -0.001238147678
 -0.008173560735  -0.000411076244  -0.001964561058
   21    2  0.0000  0.0150  0.0000
  0.000101684844   0.001593633277   0.001451392148
  0.000053947502   0.001778226936  -0.001225568298
 -0.000043583342   0.000197826590   0.000192582287
  0.000852656379  -0.000168389924  -0.001128139711
 -0.000651660818  -0.000301012081   0.001095592048
 -0.000106191509  -0.000446593296   0.000186373328
 -0.000977223334  -0.000087410038  -0.000962430974
  0.000780545585  -0.000164587003   0.001021108317
  0.000193357733  -0.000351721546   0.000368899552
 -0.000020917599   0.006734240857   0.000133665826
 -0.002120802008   0.005703564355  -0.004346033812
  0.001635515471   0.005708491361   0.003918679868
  0.000027422567   0.001090574889   0.000132046609
 -0.000238662649   0.000674588007  -0.001219263787
  0.000164942207   0.000817718097   0.001128203912
  0.000126286168   0.006529948254   0.000036327902
  0.001655538407   0.005782111998  -0.003823073215
 -0.001279597812   0.005798542487   0.003574322097
 -0.000308464861   0.036132357914   0.012170875260
  0.000249993870   0.036331227589  -0.012515919158
  0.000390731300  -0.080299676485   0.006939692213
 -0.001083152307  -0.003203660653  -0.001519501356
  0.000424537024  -0.003202752686   0.001428993097
  0.000066681802  -0.002525188566   0.000007858759
  0.001491956105  -0.003616976473  -0.001742130786
 -0.000983116856  -0.003411589375   0.001427050746
  0.000056638295  -0.002846940556  -0.000109678192
 -0.000210355623  -0.000058210777  -0.000882591715
  0.000026751319   0.000004318182   0.000922656079
 -0.000155022656  -0.000992129636   0.000025375899
  0.000078734400   0.000220363751  -0.000336436461
 -0.000087973970  -0.000037220101   0.000050709509
 -0.000177385278   0.000255761423  -0.000198372994
  0.000040276916   0.000126046863  -0.000290983501
  0.000137671291   0.000044613099   0.000200539093
  0.000187226034   0.000434258458  -0.000072470618
  0.000039957558  -0.006336544389   0.001361498762
  0.000569049335  -0.008858400801  -0.002702823281
 -0.000032200760  -0.007390828556  -0.003929246112
  0.000180749196   0.001940088522   0.000911173359
  0.000135511056   0.001813541832  -0.001371209386
  0.000120959416   0.000260645767  -0.000064102921
 -0.000714939461   0.002174263967   0.001114664531
 -0.000250429365   0.001946674133  -0.001349961524
 -0.000347641574   0.000206204335  -0.000010343397
   21    3  0.0000  0.0000  0.0150
  0.000135034503   0.001274021519   0.002279788376
 -0.000315326399  -0.001496064006   0.002388796032
 -0.000025504285   0.000217166482  -0.003285513337
 -0.001007798983  -0.001093159743  -0.002029735782
 -0.001013998359   0.000972960505  -0.001651983757
  0.001531737349  -0.000042870590   0.002614941156
  0.000959933078  -0.000995433885  -0.001663724310
  0.000936534256   0.001108961033  -0.001657165195
 -0.001430255657   0.000014416860   0.002282860112
  0.001274658970  -0.000131265549   0.001185800667
  0.008042874938  -0.008423593129   0.013379155269
  0.008231807650   0.008626982359   0.013829329707
 -0.000108960100   0.000014894995   0.000646240075
 -0.000088955764  -0.001136420752   0.001242764381
 -0.000154967589   0.001164742268   0.001015098455
 -0.000937389254  -0.000079605629   0.001172996667
 -0.008123136605  -0.008071674521   0.013485219833
 -0.008351116879   0.007978788460   0.013471830200
 -0.000008822399  -0.012837629144  -0.002033936660
  0.000078836195   0.012579868743  -0.002302837864
  0.008466559062   0.006843149862  -0.194980943405
  0.001641769940   0.001524401031   0.000314920481
  0.001203685111  -0.001480339785   0.000154220576
 -0.012546872439  -0.000073974940  -0.002318662150
 -0.001765719781   0.001473850292   0.000476175155
 -0.001611420137  -0.001311784105   0.000337238242
  0.012485763115  -0.000189767620  -0.002268800548
 -0.000067856589   0.001106746919   0.000515841147
 -0.000011943635  -0.000876631776   0.000423902187
 -0.000062844156  -0.000058236853   0.000461779245
 -0.000710591752  -0.000686168053   0.000002923312
 -0.000572040480   0.000503229383  -0.000210248410
  0.000906146747   0.000107762817   0.000218537002
  0.000770351660  -0.000729262155  -0.000005323949
  0.000987884314   0.000619585060  -0.000114275593
 -0.000876861140  -0.000054974841   0.000543729922
 -0.000066603658  -0.001588753075  -0.001985203526
  0.000131436588  -0.000431525820  -0.002152144655
 -0.006182980492  -0.004712681423   0.147625486189
 -0.000717928719  -0.000988833350   0.000809560714
 -0.000963982687   0.001239732428   0.000623384949
 -0.001884685962   0.000146488824  -0.001720800021
  0.001070314570  -0.000857874609   0.000357806060
  0.001246831352   0.000946155868   0.000091105159
 -0.000493595499  -0.000115380358  -0.001570132108
   22    1  0.0150  0.0000  0.0000
  0.001560643310  -0.000024803809  -0.001519251067
 -0.000322716895  -0.000590579671   0.001031639756
 -0.000047178277   0.000692003480   0.000822862408
  0.000112653314  -0.000015434614  -0.000081567312
 -0.000422252519   0.000026928956   0.000206621219
 -0.000274855071   0.000121164819   0.000255882148
  0.001641155270  -0.000012875330   0.001530941487
 -0.000297872619   0.000507849364  -0.001102674899
  0.000023172960  -0.000524213065  -0.001085306679
  0.005802517872  -0.002034017684  -0.004202770299
  0.000773355135  -0.000152495313  -0.001023140124
  0.005807908229   0.001808348966  -0.003720257885
  0.005794039720   0.002259309643   0.004200880664
  0.000760408870   0.000094208812   0.001147549053
  0.005590214179  -0.001963268363   0.003782548341
  0.006718767823   0.000035365005   0.000065579279
  0.001016791683  -0.000034022271   0.000045738267
  0.006419407365  -0.000164016736   0.000158603069
  0.036623843670   0.000180902932  -0.012505339669
 -0.003317146932   0.000313866394   0.001360276722
 -0.003706916361  -0.001083253822   0.001632400852
 -0.080096459963  -0.001007515419  -0.001767430581
 -0.002365707876  -0.000124619670   0.000025110374
 -0.002497167493   0.000331119703   0.000116392608
  0.035686878919  -0.000090308714   0.012292869691
 -0.003241020508  -0.000921116338  -0.001658968710
 -0.003636527935   0.001228584857  -0.001470200102
  0.000083952860   0.000096421152   0.001055236822
  0.000099742393  -0.000160558570   0.000148892279
 -0.000045798461   0.000042948686   0.000142966624
 -0.000993650661  -0.000024222875  -0.000000127506
  0.000372564505  -0.000147838410  -0.000091277791
  0.000309286001   0.000053053531  -0.000170094059
  0.000030186570  -0.000174323573  -0.000997852470
  0.000182660091   0.000078136597  -0.000151346976
  0.000026875042  -0.000034596327  -0.000190263041
 -0.008980113204   0.000267473554  -0.003027589510
  0.002205753228   0.000002162331  -0.000895820952
  0.002499505776   0.000736201159  -0.001163752262
 -0.008358235874  -0.000256201842   0.003908426899
  0.000588101746  -0.000248761185   0.000009872363
  0.000567092183   0.000329937429   0.000034391072
 -0.007633092490   0.000036493514   0.001225312304
  0.002610031538   0.000507179148   0.000726595190
  0.002329202884   0.000039383568   0.000897442402
   22    2  0.0000  0.0150  0.0000
 -0.000074111752  -0.000474464360  -0.000004925652
 -0.000528090396  -0.000395619386  -0.001234094378
  0.000751050132  -0.000196974685   0.000829372115
 -0.000056836607  -0.000037506304  -0.000117155264
  0.000157231391   0.001402274336   0.001278144455
 -0.000174461065   0.001553265694  -0.001092943633
  0.000007873723  -0.000318548376   0.000064373837
  0.000698526420  -0.000287185476  -0.001108751021
 -0.000725398326  -0.000135304500   0.001129149067
 -0.001539757126   0.005635364324   0.003724846278
 -0.000115351416   0.006612082317   0.000122892606
  0.001951394506   0.005916724915  -0.003961533508
  0.001860683817   0.005763401556   0.003909210556
  0.000090388324   0.006414290200   0.000120863706
 -0.002424895510   0.005859755056  -0.004281610363
  0.000131675390   0.000835534767   0.001110182209
 -0.000021406249   0.000945894947   0.000035887584
 -0.000182263879   0.000696859774  -0.001289399649
 -0.000338773180  -0.002645003957   0.000228887982
  0.001197411032  -0.003406346635  -0.001488226754
 -0.000976177202  -0.003187969471   0.001534657392
 -0.000999456328  -0.080617227236   0.011365323692
 -0.000047111807   0.036248600934   0.012088042188
  0.000333165247   0.035715707662  -0.012247479370
  0.000318922177  -0.002527602374   0.000208187646
 -0.001143837870  -0.003568802903  -0.001558091601
  0.000606601261  -0.002835248570   0.001567187806
  0.000114630663   0.000405855226  -0.000092475631
  0.000052776235   0.000335525164  -0.000267131752
  0.000082868399   0.000266744652   0.000399262210
 -0.000024078155  -0.000659420067   0.000199272161
 -0.000202883994  -0.000048522681  -0.000820714707
  0.000074892433   0.000142297323   0.000762766548
 -0.000078488644   0.000332398259  -0.000136251187
 -0.000124551484   0.000190543712  -0.000281313568
  0.000139642079   0.000178969078   0.000286675745
  0.000094517885   0.000790114150   0.000074653919
 -0.000348382089   0.002493177973   0.000993945582
  0.001087242835   0.002631918788  -0.001107824025
 -0.000121744518  -0.007916762727  -0.009846682549
 -0.000025343147  -0.007191251225   0.002161376800
  0.000531280101  -0.010059841071  -0.002999164246
 -0.000037673992   0.000446220557   0.000139243814
  0.000617592299   0.002574727705   0.000910124419
 -0.000589291613   0.002121352937  -0.001308761461
   22    3  0.0000  0.0000  0.0150
 -0.001340252334   0.000253300481   0.002658639792
  0.001102742223  -0.001158616358  -0.001463332562
  0.000961199959   0.001101899562  -0.001364645405
  0.000140147235   0.000069904080  -0.003234045936
 -0.000132955412   0.001086991764   0.002562454601
 -0.000187288099  -0.001163896078   0.002329081808
  0.001438474508  -0.000159881259   0.002395094667
 -0.001073763411  -0.001054244207  -0.001602796731
 -0.001049476232   0.001130580057  -0.001804153196
 -0.008537606196   0.008247858018   0.013721400174
 -0.000829760903  -0.000077696589   0.001132522933
 -0.007886919328  -0.008403775054   0.013412467953
  0.008522721876   0.008457757539   0.013780381964
  0.000955206189  -0.000162898009   0.001102837522
  0.008198900274  -0.008649468182   0.013986636536
  0.000156351721   0.001061262453   0.001194458880
 -0.000000231836  -0.000044605949   0.000402316215
 -0.000226207942  -0.000787048104   0.001405289886
  0.012394892074   0.000277665300  -0.002316357328
 -0.001928724538   0.001383730350   0.000133145895
 -0.001631596437  -0.001518188759   0.000289340801
 -0.001801189868   0.011288042165  -0.194846711428
 -0.000095276861  -0.012485730790  -0.002475528704
 -0.000095078766   0.012081115284  -0.002137425964
 -0.011812575900   0.000034149442  -0.002739094872
  0.001577047579   0.001120836395   0.000049574061
  0.001311719375  -0.001573252863   0.000387083589
 -0.000971394371  -0.000198989970   0.000280321018
  0.000702493455  -0.000403550967  -0.000203894899
  0.000625276026   0.000509554635  -0.000075279192
 -0.000019470399   0.000026505101   0.000216768160
  0.000104763367   0.001087193271   0.000334813504
  0.000212826540  -0.001188415544   0.000537822421
  0.000830146528  -0.000145375827   0.000366675382
 -0.000646431341  -0.000229102968  -0.000014699839
 -0.000544594126   0.000364655946   0.000173389843
  0.000384721433  -0.000040861618  -0.002657813521
  0.000533439649  -0.000590952523   0.000914782246
  0.000681802809   0.001114652677   0.000190213634
  0.000879564522  -0.008023038494   0.147014344949
 -0.000051847599  -0.002089491031  -0.001990535246
  0.000141847741  -0.001102057389  -0.001903835461
 -0.000062518977  -0.000018660470  -0.001063819295
 -0.000357887547  -0.000375741762   0.000932347022
 -0.000573236658   0.000947886243  -0.000010235877
   23    1  0.0150  0.0000  0.0000
 -0.000304702028   0.000713494975   0.000958095314
  0.001413198874  -0.000000957330  -0.001240983772
 -0.000310513795  -0.000594998823   0.001282170505
 -0.000346173621   0.000166618691   0.000104272729
  0.000060147334  -0.000051154810   0.000004623909
 -0.000457722618  -0.000072683759  -0.000041134306
 -0.000257852280  -0.000496028741  -0.001291761463
  0.001345285288   0.000090767012   0.001524520901
 -0.000353670817   0.000899033096  -0.000948865465
  0.005643720588   0.002100249719  -0.003936566122
  0.005797870918  -0.002224747810  -0.004189501342
  0.000819550480  -0.000128672080  -0.001158099039
  0.005569900978  -0.001699256926   0.003882999251
  0.005840288434   0.001844708326   0.003865397400
  0.000781227492   0.000023307434   0.001286228301
  0.006476322743  -0.000050391056   0.000107332545
  0.006540550599  -0.000124748165   0.000003453963
  0.000897052545   0.000066667241   0.000092326207
 -0.003416917284  -0.000913511034   0.001595904486
  0.036042955214  -0.000091415999  -0.012584643993
 -0.003472505038   0.000432851303   0.001254286401
 -0.002340457647  -0.000043227214  -0.000157296815
 -0.074956221615  -0.001191516690   0.007579646756
 -0.002664960071   0.000197011661  -0.000007827013
 -0.003258859141   0.000797715818  -0.001535728134
  0.036546837978   0.000203457906   0.012584895055
 -0.003584899017  -0.001101765879  -0.001628783060
  0.000124695178   0.000012414630   0.000279681634
  0.000254011872  -0.000110957271   0.000907950870
  0.000273435261  -0.000186381130   0.000249155941
  0.000440133264   0.000114042511  -0.000160759489
 -0.000640335832   0.000046352076   0.000091871294
  0.000411745515  -0.000308362977  -0.000023314085
  0.000219933188  -0.000043985782  -0.000341611069
  0.000009275465  -0.000206296925  -0.000906223985
  0.000274606012  -0.000111935902  -0.000390334463
  0.003075574041   0.001020229871  -0.001184352700
 -0.010780126622   0.000429820144  -0.003709626854
  0.002417296232   0.000083201706  -0.001164031292
  0.000773531023  -0.000211190482   0.000019045542
 -0.011182117835  -0.000085357427  -0.006659362418
  0.000375896860   0.000004657788   0.000033460024
  0.002385686388  -0.000023651211   0.001324039024
 -0.009185015340   0.000260290684   0.003194626139
  0.002702320839   0.000566302830   0.001034822689
   23    2  0.0000  0.0150  0.0000
  0.000741513041  -0.000197022855   0.000946950225
  0.000063372725  -0.000314522596  -0.000136384875
 -0.000264051163  -0.000291876487  -0.001141892800
 -0.000074028794   0.001252301851  -0.001417955297
 -0.000037744387  -0.000009878078  -0.000156912972
  0.000016070026   0.001429103540   0.001314730189
 -0.000639817210  -0.000167741260   0.001148929892
 -0.000011165237  -0.000418100889  -0.000013295963
  0.000753651461  -0.000342304658  -0.000883346468
  0.002167707512   0.005823826720  -0.003980041196
 -0.002001834433   0.005734624550   0.003988039230
 -0.000030570907   0.006512977507   0.000119566594
 -0.002189640407   0.005878681498  -0.004121726319
  0.002359153900   0.005841075196   0.004208268486
 -0.000099108368   0.006641994161  -0.000071794082
 -0.000092227959   0.000711918928  -0.001144645046
 -0.000060888838   0.000724743847   0.001230042559
 -0.000036504157   0.000951195246  -0.000002922372
 -0.000783127855  -0.003502338522   0.001614305874
  0.000066379135  -0.002331619487   0.000049060613
  0.001420678069  -0.003205931863  -0.001522828498
 -0.000149939312   0.036232543900  -0.012563925159
 -0.001240838988  -0.078941496733  -0.000225960369
 -0.000109336610   0.035601980242   0.012242661154
  0.000652201262  -0.003241447918   0.001281309870
 -0.000141105709  -0.002411851091  -0.000124549260
 -0.000918060375  -0.003435014889  -0.001602598502
  0.000048070940   0.000171848573   0.000264118683
 -0.000047137839   0.000434784046   0.000022089451
 -0.000089059671   0.000197238853  -0.000366269809
 -0.000059752499   0.000119549363   0.000933838146
  0.000054817886  -0.000597166117   0.000051229051
 -0.000177816679   0.000073873161  -0.000810480346
 -0.000093623035   0.000274866531   0.000329628723
 -0.000131264502   0.000270904243   0.000023212609
 -0.000273637616   0.000176609400  -0.000232641855
  0.000778701188   0.002775686881  -0.001182451407
  0.000235593759   0.000926520770   0.000007679656
 -0.000553366958   0.002522743699   0.000959272013
 -0.000031204242  -0.009350039538  -0.003129861811
  0.000110574925  -0.009664883185   0.002414947912
 -0.000145961678  -0.008297672879   0.001787191171
  0.000262283341   0.002227723109  -0.001036155492
  0.000175013407   0.000765839135   0.000019942178
  0.000577032854   0.002445754096   0.000911625619
   23    3  0.0000  0.0000  0.0150
  0.000967526988   0.000896709005  -0.001844931003
 -0.001156779804   0.000143867421   0.002224128824
  0.001386541689  -0.001256991103  -0.002002933481
  0.000037596006  -0.001438639535   0.002513512836
 -0.000082050395   0.000098382653  -0.003131606847
 -0.000230340220   0.001147323039   0.002361383845
 -0.001109034920   0.001152790547  -0.002140939283
  0.001159329333  -0.000029483711   0.002534652941
 -0.000988937161  -0.000827338476  -0.001624776129
 -0.008264616021  -0.008017902886   0.013266875280
 -0.008529720894   0.008393219275   0.013899530496
 -0.000963916751  -0.000191883097   0.001491380921
  0.008373995366  -0.008320101429   0.013503333124
  0.008444783586   0.008295902485   0.013433283154
  0.001042598958  -0.000006541516   0.001232432651
 -0.000182668396  -0.000952771950   0.001424634139
  0.000026425743   0.000959495190   0.001230999305
 -0.000101519997   0.000112516023   0.000650286357
 -0.001216757690  -0.001529892317   0.000211273708
  0.011834653452  -0.000030616197  -0.002299289991
 -0.001562117958   0.001387711797   0.000227407473
  0.000014958259   0.012069205949  -0.002428036246
  0.007534467642  -0.000335316674  -0.194702524450
  0.000020813857  -0.011650606661  -0.002392207395
  0.001398916474  -0.001976378724   0.000245403702
 -0.012475343142  -0.000280530253  -0.002234228228
  0.001350233116   0.001502767929   0.000231966464
  0.000217399071   0.000542458497   0.000076564133
 -0.001195770538   0.000013307433   0.000503602161
  0.000260827623  -0.000450420417   0.000084204151
  0.000071436042  -0.000981263296   0.000329281104
  0.000003808462   0.000067201155   0.000043222081
 -0.000079643476   0.001203270292   0.000227070694
 -0.000331714111   0.000433921202   0.000182462869
  0.001289177314  -0.000185164363   0.000308286793
 -0.000336724055  -0.000326357735   0.000014294971
  0.000653003349   0.000798323298   0.000292005370
 -0.001208972808   0.000009297700  -0.002327738300
  0.000395031189  -0.000300974955   0.000310314285
 -0.000203006122  -0.000028943192  -0.002079901182
 -0.005037118563  -0.000244963253   0.148691038252
  0.000131304309  -0.000263211857  -0.001135821194
 -0.000289474815   0.000576755220   0.000695607512
 -0.000901084691   0.000199179144  -0.002672834624
 -0.000167515301  -0.000377311656   0.000577328759
   24    1  0.0150  0.0000  0.0000
 -0.000179285980  -0.000849520789   0.001150389698
 -0.000224766900   0.000524804032   0.001031948636
  0.001807790944   0.000049683911  -0.001481004737
 -0.000487932199  -0.000054216656  -0.000045251269
 -0.000294133954   0.000202354512   0.000026664219
  0.000301682154   0.000073993401  -0.000213641365
 -0.000170017455   0.000668519163  -0.001173656830
 -0.000245355173  -0.000617073415  -0.001102131600
  0.001845744612   0.000018205717   0.001666554118
  0.000878813592  -0.000020028073  -0.001070076276
  0.005638508164   0.002012500574  -0.003868705580
  0.005765382962  -0.002158293569  -0.004030852714
  0.000898469271  -0.000020410185   0.001208660024
  0.005716945480  -0.001436916901   0.003607577584
  0.005753297952   0.001608380334   0.003828665125
  0.001025191938   0.000070736385   0.000102082341
  0.006447474616   0.000027280517   0.000038861164
  0.006333339250  -0.000161286496   0.000088780056
 -0.003595800676   0.000443500098   0.001176210100
 -0.003551846063  -0.000863058105   0.001645356999
  0.036365242766   0.000026672743  -0.012546092849
 -0.002516870218   0.000305510651  -0.000024616550
 -0.002665756516  -0.000103936973  -0.000025636514
 -0.076175876114  -0.000709604703   0.009705557911
 -0.003554674569  -0.001090592601  -0.001468781090
 -0.003707849457   0.000792452979  -0.001468598420
  0.037068234473   0.000206182915   0.013022843355
  0.000010086990  -0.000193726515   0.000053212980
 -0.000000790069   0.000346473113   0.000167184520
  0.000246374839  -0.000132835733   0.001174755776
  0.000253720522  -0.000343567960  -0.000008722145
  0.000409750102   0.000250220861  -0.000209553474
 -0.001107828104   0.000035980636   0.000295939427
  0.000038221192  -0.000072518456  -0.000138154678
  0.000045111365  -0.000107990483  -0.000283622102
 -0.000369252804   0.000190550560  -0.001065824682
  0.002140525229   0.000083107422  -0.001170017681
  0.002921486495   0.001012542695  -0.001061308137
 -0.010440825515   0.000275166806  -0.003251085504
  0.000059949013   0.000305762512   0.000007278557
  0.000394697869   0.000015957330   0.000030929829
 -0.009601471921   0.000197101990  -0.008865954439
  0.001949030558  -0.000684216679   0.001305590797
  0.002524082499   0.000150716293   0.000892243395
 -0.007948821158  -0.000274563856   0.002346002026
   24    2  0.0000  0.0150  0.0000
 -0.000662526592  -0.000155991447  -0.000923565357
  0.000556160962  -0.000275596904   0.000985204091
  0.000017309399  -0.000379033386   0.000065610699
  0.000063593431   0.001434458896   0.001235681352
 -0.000008903807   0.001358915973  -0.000989714915
  0.000086440219  -0.000006392283  -0.000057579840
  0.000807367197  -0.000242227865  -0.000875870361
 -0.000699069833  -0.000158605782   0.001079862939
 -0.000124444409  -0.000481416998   0.000003701289
  0.000122164329   0.006543173383   0.000031817376
  0.002155453761   0.005852963405  -0.004119595880
 -0.001717630521   0.005884454237   0.003866396403
 -0.000151670519   0.006653058030  -0.000003676145
 -0.002374116473   0.005961601157  -0.004286645579
  0.001909404452   0.005960947918   0.004246277773
  0.000108159905   0.001054902431   0.000052783646
 -0.000018035031   0.000651727570  -0.001083778741
 -0.000026194721   0.000644048247   0.001230210571
  0.001285106056  -0.003069312496  -0.001848081154
 -0.001251067737  -0.003338187445   0.001504294632
 -0.000078550174  -0.002539149784  -0.000100760125
  0.000333132991   0.035717429338   0.012079323568
  0.000222047319   0.035618087084  -0.011713818799
 -0.000763246151  -0.083989670005   0.005336028908
 -0.001241306093  -0.003123580664  -0.001499925829
  0.000764440018  -0.003071781561   0.001453486127
  0.000085398973  -0.002519076614  -0.000162328842
 -0.000028563282   0.000193093571  -0.000428405383
 -0.000006505042   0.000274210070   0.000324113526
  0.000056569873   0.000429786355   0.000080018411
  0.000036999174  -0.000089356513  -0.000806521352
  0.000110639020   0.000149153608   0.000780845468
  0.000007336956  -0.000687536707   0.000044387606
 -0.000125667681   0.000236321311  -0.000366509611
  0.000083118824   0.000241717728   0.000314731749
 -0.000063635789   0.000188602524   0.000014701803
 -0.000455160405   0.002243650576   0.001075113933
  0.001478520953   0.002509773900  -0.000980196169
  0.000056876990   0.000835291389  -0.000013294547
 -0.000211199034  -0.005999226213   0.001088496933
  0.000167012942  -0.008377930536  -0.002294330117
  0.000108227676  -0.006589978847  -0.004494828791
 -0.000292315740   0.001853057195   0.001071649478
 -0.000775495478   0.001940772611  -0.001100115299
  0.000453823090   0.000662853545   0.000184804553
   24    3  0.0000  0.0000  0.0150
  0.001131602673  -0.000938991164  -0.001534121925
  0.001097498795   0.001174515788  -0.001866305492
 -0.001417285017   0.000253063834   0.002350570613
  0.000087863448   0.001053198309   0.002237594977
 -0.000132959439  -0.001622793187   0.002473009494
 -0.000010548941   0.000069413057  -0.003178474980
 -0.001109066789  -0.000905834214  -0.001637993044
 -0.001022043779   0.001039219528  -0.001813595951
  0.001277451520  -0.000060236048   0.002522843988
 -0.000966860845   0.000252184847   0.001199217988
 -0.008385952405  -0.008378814228   0.013486217489
 -0.008379742399   0.008215724658   0.013594291486
  0.001043630997  -0.000108320246   0.001103138162
  0.008354435668  -0.008365106743   0.013493078435
  0.008194622441   0.008327521026   0.013673331306
  0.000032006307   0.000201380333   0.000583905325
 -0.000127313220  -0.001205495277   0.001393558801
 -0.000001350056   0.000947163495   0.001195310011
 -0.001461958205   0.001375092523   0.000333662440
 -0.001474523356  -0.001488690723   0.000292257559
  0.012223806534  -0.000003132566  -0.002314910800
  0.000040008370  -0.012170661755  -0.002205702909
 -0.000065898359   0.012238490713  -0.002352159258
  0.009676796632   0.005269881283  -0.194031577653
  0.001643710274   0.001753564225   0.000294028636
  0.001347048301  -0.001701815598   0.000232230268
 -0.012840004671  -0.000189115575  -0.002093191199
  0.000584162890  -0.000598878331  -0.000121057040
  0.000630731379   0.000399994034   0.000064691138
 -0.000829528492  -0.000301978540   0.000463021777
 -0.000093153103   0.001456001400   0.000330255257
  0.000004816491  -0.000874629258   0.000520156681
 -0.000035233309  -0.000083597845   0.000183087143
 -0.000662628767  -0.000415311699  -0.000059790691
 -0.000641971038   0.000347516659   0.000018453501
  0.001146767665  -0.000130935111   0.000175811743
  0.000624704534  -0.000916564357   0.000152365917
  0.000603652752   0.001028203916   0.000473301322
 -0.001390337163   0.000315279599  -0.002453215115
 -0.000258691250  -0.001516662940  -0.001163302739
  0.000100245663   0.000420417492  -0.001070070985
 -0.006452294798  -0.004398962257   0.146962071805
 -0.000209839923  -0.000848306813   0.000600058164
 -0.000433457529   0.001246731567   0.000593896517
 -0.001442920481  -0.000159723810  -0.003099948163
   25    1  0.0150  0.0000  0.0000
  0.001715713295  -0.000018384961   0.001287839780
 -0.000153720468   0.000537315250  -0.001068673557
  0.000025770533  -0.000876591071  -0.001027577625
  0.001797966708   0.000026622252  -0.001263181126
 -0.000339354411  -0.000675933040   0.000896691029
 -0.000206994952   0.000628577076   0.001108054884
  0.000230101888  -0.000042756457   0.000236942202
 -0.000440262005  -0.000263218865  -0.000052926164
 -0.000234857235   0.000150370875   0.000005987623
  0.006752477539   0.000053608989   0.000101947634
  0.001073643180  -0.000003987596   0.000135486135
  0.006414064814   0.000115794080  -0.000023035595
  0.005814436271  -0.002228857451  -0.004192019228
  0.000774826326   0.000025706994  -0.001023913842
  0.005813061866   0.002023809095  -0.004101946737
  0.005884132765   0.001767764091   0.004048091746
  0.000673938996   0.000114333096   0.001206202661
  0.005840686715  -0.001798230063   0.003776843466
  0.036200328029  -0.000144655330   0.012368559327
 -0.002960727877  -0.000918155743  -0.001441094575
 -0.003382152330   0.001483467905  -0.001672635058
  0.035683154042   0.000339726153  -0.011779462483
 -0.003266462420   0.000614172412   0.001402387971
 -0.003525564581  -0.001238326307   0.001591386128
 -0.083264601782  -0.000188756766   0.009078354479
 -0.002397415615   0.000088003391  -0.000220933735
 -0.002774030354  -0.000058443390  -0.000092395602
 -0.000312791648  -0.000109400546  -0.000760425600
  0.000190817702   0.000129583917  -0.000328444591
  0.000050958273   0.000230568331  -0.000135067138
 -0.000117426163   0.000179802851   0.000910111446
  0.000000027864   0.000001484495   0.000182132854
 -0.000077332372   0.000122613502   0.000167272100
 -0.000945085744  -0.000031958716   0.000047505051
  0.000264070783  -0.000143576996  -0.000147468641
  0.000335592506   0.000349427131  -0.000054164386
 -0.006038043810  -0.000220035938   0.001198968699
  0.001650472666  -0.000342415497   0.001000630246
  0.002113782013  -0.000533077221   0.001037000981
 -0.008219850861   0.000157293602  -0.002083382815
  0.002124648802  -0.000623424745  -0.000917886002
  0.002504287958   0.000978222436  -0.000992924180
 -0.006286829652   0.000176874901  -0.008281015218
  0.000715763576   0.000519200890   0.000015985431
  0.000298779168  -0.000354157018  -0.000143807975
   25    2  0.0000  0.0150  0.0000
  0.000010628065  -0.000254209745   0.000084613459
  0.000655545638  -0.000079797512  -0.001000281346
 -0.001123526169   0.000023412025   0.000972039500
  0.000059390109  -0.000508205844  -0.000004213140
 -0.000669854528  -0.000377883690  -0.001076867397
  0.000597936742  -0.000234422108   0.001216440715
  0.000067278959   0.000232528985   0.000070928760
  0.000126394686   0.001799320342   0.001416261734
 -0.000230151015   0.002034841786  -0.001399469223
 -0.000154336928   0.000825173932   0.001192082938
 -0.000036584982   0.001068316912  -0.000050577114
  0.000122915582   0.000840206984  -0.001172431230
 -0.001685968047   0.005545523508   0.003738238862
 -0.000052085510   0.006608794769   0.000019406064
  0.001687493946   0.005560260078  -0.003827880949
  0.001953820712   0.005947889352   0.003930129874
  0.000114678227   0.006589601445   0.000045305090
 -0.002002343928   0.005922971210  -0.004041097163
  0.000313614808  -0.002827888875   0.000110391550
 -0.000987475315  -0.003570742598  -0.001353550307
  0.001115291869  -0.003622563877   0.001499009338
 -0.000062539369  -0.002528472374   0.000028721737
  0.000808131248  -0.003232533709  -0.002030046046
 -0.001099218210  -0.003123022012   0.001744001342
 -0.000203441941  -0.080447870175   0.006149730397
  0.000400484755   0.036661259119   0.012467722333
 -0.000216238635   0.035871731880  -0.012309225285
 -0.000020053028   0.000036639127  -0.000135683432
  0.000173956511  -0.000013943342  -0.000324914070
  0.000208764281  -0.000049750290   0.000245983641
  0.000089230725   0.000479831635  -0.000031328260
  0.000009514482   0.000112935269  -0.000096026926
  0.000209185088   0.000063493178   0.000209397878
 -0.000100882115  -0.001072636923   0.000032325314
 -0.000201299073  -0.000280833330  -0.000958361275
  0.000295618552  -0.000151727768   0.000833733447
 -0.000204208218   0.000088514126   0.000011419334
 -0.000850382959   0.001734294019   0.001296290479
 -0.000201332423   0.002079169486  -0.000938765230
  0.000064383585   0.000403629960   0.000104322244
 -0.000481315771   0.002507756853   0.001332294560
  0.001144459182   0.002691681179  -0.000838940286
  0.000360675999  -0.007516095224  -0.007689225808
  0.000011850157  -0.007780184280   0.002368038727
 -0.000018005745  -0.008056993483  -0.001839944829
   25    3  0.0000  0.0000  0.0150
  0.001361281452   0.000105927459   0.002137676987
 -0.001323304255  -0.001015852731  -0.001888504507
 -0.000951658717   0.000812217934  -0.001560096219
 -0.001372310483  -0.000337609699   0.002180396613
  0.000745823225  -0.001026560253  -0.001506572545
  0.001164935443   0.001225272199  -0.001647352573
  0.000127324149  -0.000169890274  -0.003465502791
 -0.000312362719   0.001460765517   0.002368091522
 -0.000111716054  -0.001254512374   0.001987489604
 -0.000157243261   0.001090623780   0.001100358164
  0.000098046749  -0.000231367437   0.000370025692
  0.000015697484  -0.000834902321   0.001342012143
 -0.008469473404   0.008481214743   0.013586980734
 -0.000967362003  -0.000107709778   0.001273728323
 -0.008428736774  -0.008527318873   0.013985189530
  0.008530350494   0.008251917182   0.013716708049
  0.001083741412  -0.000157649895   0.000922964433
  0.008140785812  -0.008254480544   0.013736399959
 -0.012624773599   0.000136840738  -0.002017061323
  0.001667081129   0.001801131932   0.000524448960
  0.001565588145  -0.001700939563   0.000436275159
  0.012218156746   0.000195129022  -0.002746638190
 -0.001580802905   0.001243025422   0.000280079312
 -0.001510833771  -0.001520009602   0.000249956203
  0.009080833617   0.006070372190  -0.193915891684
 -0.000230793320  -0.012793787053  -0.002298113596
 -0.000154117283   0.012275012330  -0.002348314078
  0.000976945163   0.000137658980   0.000486124212
 -0.000649884792  -0.000565002967   0.000117842985
 -0.000831329966   0.000445886441   0.000028282691
 -0.000877225259   0.000116906399   0.000424522497
  0.000645942109  -0.000703128907  -0.000218222451
  0.000651950831   0.000798155558  -0.000268427155
 -0.000015473311   0.000114122414   0.000440698156
  0.000487671819   0.000933800159   0.000433517400
  0.000284205148  -0.001124904693   0.000520449436
 -0.001816785125  -0.000194036498  -0.001818188443
 -0.000840309590  -0.000580672733   0.000648464796
 -0.000680073188   0.000850980873   0.000225683741
 -0.000237592673   0.000053261647  -0.001075496455
  0.001315250740  -0.000876693289   0.000712317204
  0.000903671903   0.000912898957   0.000406051542
 -0.006749217065  -0.004147114036   0.146179387108
 -0.000125618940  -0.001278972134  -0.002520615309
 -0.000046285115  -0.000110006223  -0.001527125837
   26    1  0.0150  0.0000  0.0000
 -0.000276895553  -0.000505576155  -0.001050225754
  0.001597920090   0.000094832020   0.001124907699
 -0.000201359707   0.000764954434  -0.000742300255
 -0.000204487108   0.000693038645   0.001187438050
  0.001251958948  -0.000057291218  -0.001112199324
 -0.000199950847  -0.000887712304   0.001064664932
 -0.000465384143   0.000041186089   0.000134293286
  0.000007826720  -0.000031094885  -0.000289514583
 -0.000597497918  -0.000112485578  -0.000005960109
  0.006365310750   0.000020010460  -0.000161762093
  0.006573675237  -0.000094099421   0.000002021131
  0.000986972397   0.000042288624  -0.000119303901
  0.005848130898   0.001865845266  -0.004079171611
  0.006014098670  -0.001916263904  -0.003799005425
  0.000665046398   0.000247424826  -0.000900321931
  0.005856179602  -0.002276647290   0.004220449088
  0.005985438509   0.002003793125   0.004257244160
  0.000680272344   0.000088146464   0.001346083359
 -0.002847906846   0.001448428593  -0.001415480582
  0.035429875987   0.000051478094   0.012159548665
 -0.003082175283  -0.000955908024  -0.001555674621
 -0.003285188341  -0.001128669099   0.001587068107
  0.036609737138  -0.000169861716  -0.012477980588
 -0.003713238250   0.000789213365   0.001345188351
 -0.002382823549   0.000401846656  -0.000287999506
 -0.082405652218  -0.000035500485  -0.008141716531
 -0.002803380567  -0.000466526691  -0.000215404065
  0.000158037092   0.000159738007  -0.000273815129
  0.000089630078  -0.000121439166  -0.000717024938
  0.000215374334  -0.000154469851  -0.000558706073
  0.000274069267   0.000165716531   0.000189206981
  0.000076894146   0.000144747917   0.000910129733
  0.000337252003  -0.000132741924   0.000203628377
  0.000530536082   0.000094299845   0.000068679586
 -0.000749584353  -0.000013042428   0.000033460963
  0.000401470234  -0.000067341883   0.000009059515
  0.002396621812  -0.000866304092   0.000989896355
 -0.007636665803  -0.000318232498   0.001176728704
  0.001860097082  -0.000045196013   0.001045045371
  0.002181711977   0.000544577251  -0.001194375233
 -0.007612638381  -0.000038976609  -0.002584674265
  0.002196841435  -0.000057618356  -0.001039270996
  0.000702125169   0.000390547449   0.000027915295
 -0.007606181094   0.000381843069   0.009785796230
  0.000777905561   0.000019042861  -0.000146566426
   26    2  0.0000  0.0150  0.0000
 -0.000821607601  -0.000071123155   0.001174582211
  0.000048595303  -0.000310603981   0.000077166900
  0.000776638299  -0.000086044733  -0.000837139515
  0.000485011811  -0.000226984593   0.001207740378
  0.000133802994  -0.000391342446  -0.000160781715
 -0.000490781231  -0.000332667425  -0.001058817441
 -0.000109957221   0.001555424012  -0.001616998657
  0.000042350658   0.000208890153   0.000047514266
  0.000038227355   0.001636002109   0.001440716887
 -0.000226502798   0.000920281461  -0.001010449334
 -0.000166404225   0.000789998102   0.001299406776
  0.000030666547   0.000962811943  -0.000025036604
  0.001760802876   0.005567910895  -0.003659438464
 -0.001733973819   0.005874021105   0.004103805436
  0.000168533659   0.006490113011   0.000046069879
 -0.001827740428   0.005788184507  -0.003780156306
  0.002112933354   0.005748976788   0.003941596576
 -0.000114528868   0.006276033281  -0.000130770919
  0.000832079303  -0.003856800741   0.001340652816
 -0.000039844825  -0.002674692658  -0.000202988273
 -0.000597522948  -0.003392030440  -0.001288266381
 -0.000948837179  -0.003565378189   0.001067257108
  0.000237486915  -0.002412194576  -0.000292114699
  0.000775320016  -0.003069094064  -0.001717793839
  0.000073449620   0.036674534199  -0.012905272140
 -0.000095325244  -0.075590473158  -0.005045834900
  0.000153020701   0.036295288255   0.012553394326
 -0.000090095686   0.000060601103   0.000128665960
 -0.000053175308   0.000139223943   0.000061973481
 -0.000054477671   0.000065051224  -0.000259826670
  0.000285749300   0.000052019806   0.000087752947
 -0.000000660159   0.000466665909   0.000034839789
 -0.000069565961   0.000082242354  -0.000213082852
 -0.000020039533   0.000077377539   0.001186904469
 -0.000058850509  -0.001081787461  -0.000050932528
 -0.000203263161   0.000172387201  -0.001061976994
  0.000010823277   0.002172151493  -0.001081435825
 -0.000309677848   0.000115511041   0.000033809844
 -0.000406686299   0.001953882681   0.001297311891
  0.000157219465   0.002743517727  -0.000732404487
  0.000219182715   0.000560312564  -0.000023846148
 -0.000647877126   0.002404604381   0.001502072149
  0.000496167736  -0.008599021465  -0.002779956643
  0.000137831923  -0.009993457740   0.004280008843
  0.000111501824  -0.010200321961   0.003022078400
   26    3  0.0000  0.0000  0.0150
 -0.000888949906   0.001081475391  -0.001684044163
  0.001116048958   0.000274575136   0.002129968222
 -0.001178513131  -0.000990553373  -0.001670610964
  0.001301406653   0.001102527572  -0.002034406279
 -0.001301864512  -0.000428744031   0.002629593666
  0.001052825490  -0.001047303752  -0.001712519606
  0.000097555839  -0.001342120188   0.002720503512
  0.000038495715  -0.000076726436  -0.003038740945
 -0.000224051666   0.001381490777   0.002480873867
  0.000163504203  -0.001019968225   0.001282060354
 -0.000048369642   0.000943820314   0.001024591433
  0.000138796365  -0.000010271784   0.000731954574
 -0.008269626215  -0.008119846559   0.013411017316
 -0.008046606181   0.008445366923   0.013198559437
 -0.001234676567  -0.000149852051   0.001448814439
  0.008554321875  -0.008002316239   0.013367787110
  0.008520750432   0.008254999092   0.013642887075
  0.000990670787  -0.000000361468   0.001234550142
  0.001327139308  -0.001422841053   0.000302574925
 -0.011860969705  -0.000125559894  -0.002201048642
  0.001369376070   0.001428060615   0.000393964198
 -0.001670125793  -0.001553229097  -0.000007776535
  0.012543503052  -0.000125979741  -0.002245336299
 -0.001558858413   0.001469614072   0.000282339292
 -0.000240197539   0.012463090636  -0.002255266239
 -0.008238409639  -0.005164135118  -0.192720820658
 -0.000208906232  -0.012135054433  -0.002146126697
 -0.000511342003   0.000510372424  -0.000030858376
  0.001300869206  -0.000019532584   0.000506694102
 -0.000438115560  -0.000836188056   0.000051047321
  0.000301508745   0.000757050747  -0.000070275726
 -0.001115302166   0.000146810275   0.000428597588
  0.000317847247  -0.000750615705  -0.000055522992
 -0.000031059798  -0.000946090442   0.000207972935
  0.000029854511   0.000110492591   0.000119326362
  0.000147261896   0.000915246215   0.000343394582
 -0.001039133748   0.000510963036   0.000273226927
 -0.000075236330   0.000116994754  -0.000746597123
 -0.000824898098  -0.000356984081   0.000023815547
  0.000869735044   0.000428213815   0.001034861147
  0.002150508159   0.000127714145  -0.002239960163
  0.000959713850  -0.000767597126   0.000561905064
  0.000258432880   0.000907184515  -0.002696012025
  0.005537605341   0.003234143396   0.146206102940
 -0.000082518783   0.000781664995  -0.002483060645
   27    1  0.0150  0.0000  0.0000
 -0.000117332991   0.000866339772  -0.001048663206
 -0.000271552625  -0.000766724067  -0.001082379301
  0.002023663463   0.000051058127   0.001358161072
 -0.000155676293  -0.001035874892   0.000970017594
 -0.000154859308   0.000644735557   0.001230012239
  0.001673208953  -0.000166591185  -0.001364453965
 -0.000483270146  -0.000047107564  -0.000131783439
 -0.000384352924   0.000073048111  -0.000066487938
  0.000317733952  -0.000134452703  -0.000338528919
  0.001083169296  -0.000073204451   0.000075938578
  0.006581177956   0.000198220707  -0.000061154907
  0.006450819669  -0.000048270935   0.000056804179
  0.000836815939   0.000004249062  -0.000947367717
  0.005805961266   0.001907282220  -0.003772788303
  0.005752475291  -0.001764732337  -0.003797097082
  0.000839200774  -0.000095689119   0.001308646746
  0.005720544476  -0.001669530265   0.004113178488
  0.005748073079   0.001509448855   0.003734406842
 -0.003372660556  -0.000832376476  -0.001472217451
 -0.003130417712   0.001320085673  -0.001555637003
  0.036228964176   0.000015957758   0.012551740930
 -0.003584277048   0.000628479396   0.001334195419
 -0.003584025038  -0.000912822895   0.001423372078
  0.037089065950   0.000042542730  -0.012835261594
 -0.002801158770  -0.000236356287  -0.000076603790
 -0.002802722804   0.000154751885  -0.000255783889
 -0.078392728813  -0.000308017182  -0.003122827857
 -0.000015657757  -0.000150293161  -0.000286932465
  0.000073000388   0.000069868016  -0.000221399369
 -0.000219425891   0.000178522751  -0.000775587790
  0.000075307312  -0.000115359614   0.000113622391
  0.000085550534   0.000426821643   0.000122405632
 -0.000026217271   0.000169421318   0.001088134731
  0.000301062198  -0.000124282901   0.000033097403
  0.000403851379   0.000217472905   0.000012612576
 -0.001129029774  -0.000033248221   0.000169213598
  0.001748992748  -0.000257201206   0.001200477256
  0.002141276050  -0.000313996281   0.001142805615
 -0.007792535668  -0.000288629208   0.001447444721
  0.001722753480   0.000477271372  -0.001310258702
  0.002360574204   0.000352825237  -0.001141021618
 -0.008497503777   0.000364949920  -0.002953433376
  0.000221297224  -0.000313768484   0.000062610070
  0.000181657027  -0.000025819715  -0.000072605897
 -0.008550791618   0.000040996134   0.005141377418
   27    2  0.0000  0.0150  0.0000
  0.000911686177  -0.000023211177  -0.000949284013
 -0.000922947215  -0.000112981145   0.001039945082
 -0.000045836878  -0.000419793149  -0.000066679829
 -0.000774323762  -0.000179583406  -0.000832642605
  0.000452287061  -0.000212457761   0.001220495893
 -0.000019640194  -0.000428189277   0.000035761984
 -0.000012004547   0.001852998553   0.001252776462
 -0.000161300137   0.001504296637  -0.001391256338
 -0.000065290502   0.000220753703  -0.000136993759
 -0.000085681455   0.001098298739   0.000043187005
  0.000008866771   0.000716884606  -0.000974272716
 -0.000069143825   0.000724009712   0.001293821533
  0.000167923230   0.006606716938  -0.000048153956
  0.001776580641   0.005777961176  -0.003896752550
 -0.001823075135   0.005895158667   0.004124278635
 -0.000086699458   0.006505804663  -0.000085236382
 -0.001806684677   0.005742698540  -0.003951958386
  0.002038244784   0.006004263912   0.004188305930
 -0.000670709808  -0.003050961238  -0.001682503436
  0.001233135191  -0.003677063103   0.001331114617
 -0.000305351949  -0.002847739182  -0.000203014323
  0.001235599652  -0.002832357678  -0.001580081164
 -0.001145899028  -0.003439671918   0.001449215419
  0.000234608729  -0.002507815607  -0.000200861141
 -0.000064217119   0.035897319240   0.012253657160
 -0.000439667307   0.036308377950  -0.012227492189
 -0.000365018532  -0.082182045057  -0.007397639780
 -0.000075463375   0.000063137245  -0.000261555227
  0.000027642037   0.000113332468   0.000186688030
 -0.000053372840   0.000138761393   0.000057442993
  0.000041628594   0.000102823071  -0.000234933902
  0.000316859579   0.000058608077   0.000202083332
  0.000090429340   0.000459350330  -0.000021857000
  0.000085499822  -0.000105584860  -0.000796160307
  0.000170606983   0.000034966431   0.001100957953
  0.000037021314  -0.001075433056   0.000023172869
 -0.000234470098   0.001476667278   0.001404061176
  0.000123252352   0.001889210188  -0.000880877480
 -0.000254586268   0.000109312968  -0.000086065811
 -0.000144390222   0.001940525019   0.001301568597
  0.000510230057   0.002201416511  -0.000973823911
  0.000138991908   0.000580587661   0.000027864130
 -0.000345970473  -0.007721110722   0.001526199185
  0.000075268931  -0.006390782506  -0.001646217724
  0.000295381650  -0.006817460836   0.006463715942
   27    3  0.0000  0.0000  0.0150
 -0.001147838989  -0.001045539509  -0.001706484339
 -0.000797340923   0.000858211196  -0.001713437552
  0.001242582412   0.000191776829   0.002188723117
  0.000928122859  -0.000622366118  -0.001847876835
  0.001263386025   0.001258745845  -0.001778643773
 -0.001524698099   0.000057511019   0.002515330793
 -0.000033913523   0.001233639434   0.002222605866
  0.000060846012  -0.001806730950   0.002595269563
  0.000006608244  -0.000025580413  -0.003211011210
  0.000162322789  -0.000025705848   0.000676863031
 -0.000106890543  -0.001302270067   0.001205352964
  0.000112162969   0.000958024068   0.001175310075
 -0.001157105347  -0.000111084728   0.001167790435
 -0.008273132884  -0.007935079063   0.013123039065
 -0.008087669697   0.008355466022   0.013415333390
  0.001118563526   0.000287278363   0.001116206211
  0.008496004448  -0.008051749420   0.013587521812
  0.008222144762   0.008268207355   0.013694852035
  0.001204725324   0.001556150552   0.000189281938
  0.001447746740  -0.001672279533   0.000470409482
 -0.012387734297  -0.000114779199  -0.002274777725
 -0.001528575876   0.001562152531   0.000411273911
 -0.001629218806  -0.001597133991   0.000157370835
  0.012958502284  -0.000157506920  -0.002105995183
 -0.000173995248  -0.012214030554  -0.002423209273
 -0.000289041093   0.012576314774  -0.002103035645
 -0.003212988824  -0.007538918915  -0.194151767588
 -0.000680277532  -0.000730589317  -0.000122087470
 -0.000828681455   0.000726354005  -0.000057066086
  0.001128762915   0.000037989014   0.000402069404
  0.000692647297  -0.000840513421   0.000006418087
  0.000616835529   0.000606574689  -0.000142684973
 -0.000802190896  -0.000202484023   0.000494369658
  0.000086339103   0.001250345260   0.000365313103
 -0.000201820230  -0.000610089789   0.000496869111
  0.000008024647  -0.000064060225   0.000427503183
 -0.000898433039  -0.001020640971   0.000075761745
 -0.000875868489   0.000840823808   0.000430178389
 -0.000221775410   0.000229677245  -0.001730580998
  0.000904976762  -0.001168489100   0.000491511554
  0.000976256048   0.001197255530   0.000897207815
  0.001051489987  -0.000176372316  -0.002966752061
  0.000476326823   0.000100585945  -0.001202121978
 -0.000033938255   0.001888936099  -0.001859139341
  0.001727751950   0.004991974809   0.147396935459
   28    1  0.0150  0.0000  0.0000
 -0.008110073611   0.000168907386   0.004567399861
  0.000684586346   0.000082328141  -0.000063044455
  0.000286322935  -0.000222739315  -0.000156564148
 -0.008648986738  -0.000167174283  -0.000889093449
  0.002467309858   0.000752156525  -0.000952010285
  0.002213657291  -0.000620069432  -0.000691122706
 -0.007532070352  -0.000040068614  -0.000173358078
  0.002135560585   0.000243631436   0.000695991519
  0.002016528787   0.000022246747   0.000507420572
  0.001062414281   0.000251626591  -0.000826327486
  0.000055103762   0.000234540175  -0.000476464742
  0.001112838440  -0.000152942985  -0.001156030694
  0.000073280725   0.000086459165   0.000006962671
 -0.001470213675  -0.000065910083   0.000437251101
  0.000017660863  -0.000125390286  -0.000134834142
  0.000890748044  -0.000341280493   0.001367018788
  0.000045967542  -0.000133660863   0.000578109580
  0.001192210510   0.000297419116   0.001486737185
 -0.000897117908  -0.000034642207   0.000166342636
  0.000309020921   0.000295214643   0.000043312680
  0.000277652846  -0.000210861936   0.000022528902
  0.000122327453   0.000081109766  -0.000925817838
  0.000161615455   0.000079180812   0.000222818493
 -0.000020634930  -0.000044527522   0.000665170929
 -0.000297890483   0.000013408144   0.001042604581
  0.000155261848  -0.000140335537  -0.000432635891
 -0.000010775380  -0.000062223213  -0.000743387664
  0.004880344892  -0.000085494353  -0.005443243157
  0.002123125068  -0.001485688309  -0.000437366819
  0.001750623550   0.001301650959  -0.000377533453
  0.003019016280   0.001217208629   0.007360442056
 -0.001593074860  -0.002405613233   0.000223833647
 -0.001279731100   0.001615698390  -0.000111122242
  0.004886903762  -0.001111344941  -0.004576588690
 -0.001561066230   0.001484684648  -0.000828034717
 -0.001213487681  -0.000864041233  -0.000400059661
 -0.000464192876  -0.000047497143   0.000200685426
  0.000047597814   0.000188885486   0.000002182682
  0.000181145200  -0.000115072574   0.000000761508
  0.000621757084  -0.000218635292   0.000466609401
 -0.000007395655   0.000333863750   0.000048761931
 -0.000007266641  -0.000174319972  -0.000218188525
  0.000327136246   0.000048063777  -0.000454644396
  0.000013925599  -0.000281336706   0.000137364879
 -0.000017665869   0.000352586240   0.000217162210
   28    2  0.0000  0.0150  0.0000
  0.000075267412  -0.007490571817   0.000698456405
 -0.000021252608  -0.008193465112  -0.000946062102
  0.000043417880  -0.008995154292  -0.001006894958
 -0.000080157097   0.000537289426  -0.000015123210
  0.000595585427   0.002531188251  -0.000848259774
 -0.000224299540   0.002464516215   0.000838501169
  0.000067952872   0.000266657190   0.000076891081
 -0.000195358791   0.002252637705  -0.000421885178
  0.000046042422   0.001941367335   0.000857814110
  0.000315672059   0.001170162640  -0.001158824984
  0.000097481108  -0.000207342743  -0.000135051417
 -0.000479711863   0.001014894262   0.001629265442
 -0.000018327461   0.000103457188  -0.000485677986
 -0.000103969511  -0.001658013532   0.000195183933
 -0.000108410328   0.000046263503   0.000635068891
 -0.000160824817   0.001264654843  -0.001011558201
  0.000032686774   0.000068936449  -0.000106871928
  0.000366100817   0.001269954233   0.001338708048
 -0.000015366473  -0.001072819690   0.000136199651
  0.000156381452   0.000140860839  -0.001104873465
 -0.000234928521  -0.000054880223   0.001124785753
  0.000093472406   0.000388721655  -0.000178477962
  0.000019494817   0.000175005394   0.000539667360
 -0.000197348021   0.000186854741  -0.000582041366
 -0.000100452373   0.000029382609   0.000156217536
  0.000140217401   0.000060784970   0.000515152350
 -0.000143089880   0.000064691625  -0.000702395326
 -0.000129027961   0.005525252375  -0.001191111117
  0.000648354948   0.003201543342   0.006859034288
 -0.001166210929   0.004292966437  -0.004328101350
 -0.001005878279   0.002160826192  -0.000338504478
 -0.002274654866  -0.001642562095   0.000152061822
  0.001611294428  -0.001518146598  -0.000736875026
  0.001037631190   0.001816100263  -0.000158473864
  0.001839268008  -0.001400677569   0.000036827602
 -0.000761010780  -0.001431523087  -0.000638000135
  0.000013606069  -0.000460740180   0.000152094313
 -0.000122532707   0.000458461753   0.000580241536
  0.000190067664   0.000521539140  -0.000450396757
  0.000185294935   0.000025113379   0.000046860866
  0.000452780354  -0.000075974408  -0.000182786501
 -0.000266922719   0.000002239450   0.000165721302
 -0.000124454849   0.000161743910  -0.000105103351
 -0.000426335441  -0.000086282549  -0.000202790626
  0.000332455371   0.000144086582   0.000301387602
   28    3  0.0000  0.0000  0.0150
  0.008315580816   0.003803885532   0.147356686059
 -0.000297512587   0.002505896515  -0.002381380257
 -0.000214526068  -0.002156815454  -0.001350966176
  0.002986160300  -0.000249955592  -0.003005740541
  0.001058570881   0.001458911804   0.000196143543
  0.001180467836  -0.000776474623   0.000362262987
 -0.001472531792  -0.000155964964  -0.001392813387
 -0.000945404322   0.001207715825   0.000525824209
 -0.001069987124  -0.001181022002   0.000504680589
  0.000030635083  -0.000036509365   0.002608661490
  0.000116122318   0.000010790032  -0.000275937218
  0.000069253791  -0.000016206381   0.002295732006
  0.000004276480  -0.000011597004  -0.000310654803
 -0.000083763350  -0.000131541032   0.000352135069
  0.000143450664   0.000183059373  -0.000211628201
 -0.000324579934   0.000121358857   0.001863922917
  0.000146534112   0.000038787072  -0.000301429669
 -0.000354336879  -0.000227552828   0.001487136990
  0.000018221311  -0.000048954053   0.000448426342
 -0.000146077058   0.001105714138   0.000335703006
 -0.000196880383  -0.000867138384   0.000663986107
  0.001046643655  -0.000083623783   0.000408535899
  0.000247226178   0.000250019543   0.000152155309
  0.000064459180  -0.000378482738  -0.000043189014
 -0.000711881131  -0.000122583023   0.000627097418
 -0.000265212873   0.000108805632   0.000051277788
 -0.000255811446  -0.000241464008  -0.000035945770
 -0.005455119923  -0.001250398206  -0.152898226007
 -0.000238485356  -0.007328175678   0.002123658738
 -0.000294510063   0.004676951946   0.001007881485
 -0.008047646492  -0.000552491019   0.002587987643
 -0.000679559512  -0.000905947141  -0.002008652686
 -0.000088667036   0.000805795866  -0.001771960618
  0.004377299670  -0.000288037190   0.001155766377
  0.000827186363  -0.000432155313  -0.001865932444
  0.000329597638   0.000761865463  -0.001452912160
 -0.000177633358  -0.000204183865   0.001091797831
  0.000021629502   0.000400106793   0.000292488897
  0.000169725029  -0.000290365094   0.000051676630
  0.000509155388   0.000078217863   0.000236806069
 -0.000015001695  -0.000130222759   0.000026414224
 -0.000196868590   0.000250479005   0.000183261172
 -0.000447450160   0.000120263022  -0.000033879193
  0.000047019690  -0.000265234352   0.000121846870
  0.000270231245   0.000444471569   0.000221294481
   29    1  0.0150  0.0000  0.0000
  0.000535386122  -0.000264588395   0.000209843056
 -0.007279012842  -0.000311619580   0.007886937613
  0.000368810937   0.000025737538   0.000324535158
  0.002625486070  -0.000527690825  -0.000395815348
 -0.010202485122  -0.000344815605   0.001191387055
  0.002198925615   0.000679516521  -0.000971997290
  0.001906317830  -0.000123319254   0.001049256862
 -0.006713468438   0.000284172203   0.001484690793
  0.001932639328   0.000499602521   0.001006043676
  0.001148478803  -0.000471189940  -0.001489149336
  0.001052295345   0.000768841440  -0.001433064093
  0.000151232068   0.000059542838  -0.000800015866
  0.000038570796  -0.000168051755  -0.000053088030
  0.000072779265   0.000192831331   0.000070140601
 -0.001567820903  -0.000220172135   0.000127364848
  0.001149737862   0.000257908721   0.001256732938
  0.001004183639  -0.000253768253   0.001121289094
  0.000176853481  -0.000085354274   0.000458767104
  0.000360504875  -0.000100396180   0.000185362416
 -0.000689983803  -0.000058023899  -0.000085340492
  0.000363726186   0.000033543036   0.000015239593
  0.000091860325   0.000037967026   0.000713681479
  0.000250537273  -0.000051718161  -0.001183903693
 -0.000007029843   0.000005965401   0.000624485185
  0.000192239110   0.000171019120  -0.000629004754
  0.000111505137  -0.000049485624   0.001288864377
  0.000074347579   0.000015427925  -0.000837407780
  0.002088993211   0.000654993426  -0.000329310776
  0.007309398315   0.000405660726  -0.008620565950
  0.002197988677  -0.000451108306  -0.000524657625
 -0.001196947433   0.001228686036  -0.000304756610
  0.002732006577   0.000243015133   0.005956160278
 -0.001495416956  -0.001904391898   0.000297025559
 -0.001684296810  -0.001878186510  -0.000567235602
  0.002882444938  -0.000912517680  -0.006324320880
 -0.001661748596   0.002460547355  -0.000844619640
  0.000036383083  -0.000070480446  -0.000065257960
 -0.000596316967   0.000039149860   0.000267439669
 -0.000007791734   0.000176945744  -0.000084194505
 -0.000177676988  -0.000246897407  -0.000152038280
  0.000421509305   0.000102353545   0.000560697040
 -0.000044454035   0.000339106614  -0.000229948174
 -0.000151794689   0.000178144702   0.000155897739
  0.000034457549  -0.000103344778  -0.000509454227
 -0.000033354141  -0.000263557859   0.000183304778
   29    2  0.0000  0.0150  0.0000
 -0.000072558201  -0.008216474459   0.000802851520
 -0.000352675230  -0.010178396956  -0.004121539512
 -0.000222423263  -0.005672015222  -0.002623048882
 -0.000379203845   0.002588422633   0.000539281152
 -0.000117386518   0.000790104993   0.000153564496
  0.000299438172   0.002320710227  -0.001209966196
  0.000362069580   0.001777326537   0.000883318935
  0.000142250422   0.000104539663  -0.000011736732
  0.000342335743   0.001665910790  -0.000934169289
 -0.000201865943   0.000895031055   0.001078051569
 -0.000020504692   0.000993781439  -0.000870370458
 -0.000166679260  -0.000178923720   0.000119211300
  0.000030286498  -0.000016729317   0.000621242930
  0.000042356571   0.000088766460  -0.000495920449
 -0.000220262821  -0.001477684056   0.000057212307
  0.000436739765   0.001345939489   0.001003975739
  0.000068056931   0.001219282397  -0.000810123015
  0.000179044025   0.000127643800  -0.000163973340
 -0.000169616357   0.000030695339   0.000659296853
 -0.000058129135  -0.001024831047  -0.000030833443
  0.000181166780   0.000012375486  -0.000873676168
 -0.000159730365   0.000324352254  -0.000411987638
 -0.000106572845   0.000422266101   0.000009845456
  0.000351487583   0.000259972316   0.000399517008
  0.000140775320  -0.000012742488  -0.000573813789
 -0.000115829305   0.000127195180  -0.000019704800
  0.000063973122   0.000105348506   0.000725574706
 -0.001501835959   0.003197385607  -0.007291823560
  0.000378712812   0.005930131410   0.004811871444
  0.001134240350   0.003279970301   0.007334150835
  0.002035086993  -0.001201707763   0.000053621697
  0.000209816393   0.002125505112  -0.000057744280
 -0.002406965012  -0.001496933690   0.000708499069
 -0.001539803164  -0.001078893276  -0.000062755628
 -0.000194252021   0.001921427591   0.000224989268
  0.001636754750  -0.001260569070   0.000374644786
  0.000059229161   0.000588728581  -0.000343413410
  0.000171194688  -0.000343770039  -0.000058458552
 -0.000118831058   0.000238059320   0.000481175748
 -0.000224863101  -0.000111024359   0.000058126389
 -0.000017379066   0.000068677859  -0.000007897832
  0.000342176288  -0.000287435287  -0.000146109360
  0.000143301735  -0.000132728971   0.000234568135
  0.000074255653   0.000292231602   0.000042363828
 -0.000457382178  -0.000150922328  -0.000257888836
   29    3  0.0000  0.0000  0.0150
 -0.000147624778  -0.002420740942  -0.002108279353
  0.008144362288  -0.003894875432   0.147991269024
 -0.000007923445   0.001550511244  -0.001959985638
  0.000778509132  -0.000721213103   0.001050625434
  0.003420624885  -0.000042513855  -0.001821090477
  0.001431845137   0.001507627468   0.000434867549
 -0.001428204628  -0.001058708546   0.000504107928
 -0.001302425556  -0.000146397738  -0.001166717848
 -0.000814226185   0.001164702390   0.000874873525
 -0.000052019747   0.000113477393   0.002440569538
  0.000115899250   0.000125475466   0.002107511743
 -0.000067694892  -0.000167893691  -0.000188143558
  0.000140254115   0.000214411758  -0.000303441410
 -0.000002458077  -0.000256229698  -0.000325626660
  0.000090417244  -0.000100074513   0.000427120555
 -0.000263142386  -0.000155295305   0.001734033857
 -0.000411445438   0.000292482272   0.001396311574
  0.000156588383   0.000115993635  -0.000516736011
 -0.000205078644  -0.001050340182   0.000702675641
  0.000184784958  -0.000061324038   0.000439194443
 -0.000076502968   0.000895943662   0.000552313207
  0.000148279024  -0.000251259915  -0.000145469685
  0.000903740028   0.000004855786   0.000628698378
  0.000165398044   0.000313288879   0.000144721672
 -0.000298347020  -0.000302379843   0.000189161035
 -0.000674599690   0.000057280650   0.000633571224
 -0.000212154662   0.000173307107   0.000025169244
 -0.000415596242   0.006981919318   0.002127382234
 -0.008676708237   0.004783334541  -0.154009679368
 -0.000758484692  -0.006767870489   0.002337818694
  0.000363050611  -0.000575387888  -0.002702378048
 -0.006920615939  -0.000293496563   0.001484715582
 -0.000709216756  -0.000319749869  -0.002039260473
  0.000935529722  -0.000147040636  -0.001739642319
  0.005886843584  -0.000165532079   0.001249233092
  0.000557969565   0.000261571070  -0.002001750023
  0.000078724042  -0.000358512998   0.000114468637
 -0.000226468174   0.000035999011   0.001166037567
  0.000015938142   0.000564092885   0.000114679598
  0.000011800531   0.000149179053   0.000172042674
  0.000598916592   0.000046616028   0.000006528468
 -0.000049979903  -0.000199922462   0.000036126287
  0.000140268740   0.000277669663   0.000028782979
 -0.000630961371   0.000045156183  -0.000150644650
  0.000082135413  -0.000218135678   0.000064234136
   30    1  0.0150  0.0000  0.0000
 -0.000027853841   0.000120378047  -0.000058502525
  0.001021765319  -0.000910460112   0.000085325722
 -0.006280688664  -0.000890863736   0.011404174566
  0.002264255431   0.001198275932  -0.000634784345
  0.002725583504  -0.001030131147  -0.000491407100
 -0.010782874822  -0.000482173775   0.001779798871
  0.001453612274   0.000495447772   0.000828136549
  0.002116947049  -0.000511540198   0.000903436512
 -0.005184055999   0.000180782134   0.002177990569
 -0.000010940638   0.000006094927  -0.000616972031
  0.001003004559  -0.000460216545  -0.001372617803
  0.001056721291   0.000668958206  -0.001392752208
 -0.001420323914  -0.000010854227   0.000202432976
  0.000012814941  -0.000311440051  -0.000028982382
 -0.000047369560   0.000142301835   0.000049101972
  0.000108451724  -0.000080896654   0.000401600749
  0.001106037646   0.000108097989   0.001081038592
  0.001138014595  -0.000035649137   0.001187535044
  0.000281898128   0.000243032490   0.000221782330
  0.000320133795  -0.000258897242  -0.000098344179
 -0.000996641039  -0.000159131456  -0.000014824279
 -0.000044026561   0.000094141965   0.000623775069
  0.000259140060  -0.000103737421   0.000288787660
  0.000247435915   0.000042882183  -0.000792734067
  0.000049988085   0.000204803116  -0.000808198728
  0.000224711686  -0.000036112668  -0.000399655754
 -0.000203631543  -0.000046832339   0.001143685675
  0.001743089395  -0.001137481907  -0.000273374823
  0.002193020811   0.001145424696  -0.000876328098
  0.003098776795   0.001990377355  -0.012597154957
 -0.000910863257  -0.001762854500  -0.000059919889
 -0.001369535756   0.001313472534  -0.000322954626
  0.003464347732  -0.000301081715   0.005994828398
 -0.001256224184   0.001050868052  -0.000605051768
 -0.001674485027  -0.002366228875  -0.000995112249
  0.004015711136   0.001895136507  -0.005849975854
  0.000294488631   0.000198649535  -0.000161394560
  0.000020446710  -0.000100895468  -0.000033140403
 -0.000372049525   0.000090659811   0.000180329641
 -0.000116152857   0.000214720024  -0.000253279112
 -0.000135844299  -0.000243691342  -0.000084052537
  0.000504050165   0.000020796556   0.000344254085
 -0.000038310908  -0.000451975497   0.000348101025
 -0.000027117843   0.000429765027   0.000107538017
  0.000174542859  -0.000161920682  -0.000532139746
   30    2  0.0000  0.0150  0.0000
  0.000236789449  -0.006783129178  -0.000829353091
 -0.000318558768  -0.010363353016  -0.000907188097
 -0.000744371589  -0.006294445677  -0.008324450149
 -0.000012776093   0.002062291745  -0.001185256269
 -0.001370066652   0.003219646092   0.000318862580
 -0.000843276661   0.000974899501   0.000025940996
  0.000745146062   0.001344965090  -0.000916335783
  0.000602664817   0.002107308960   0.000344137575
 -0.000188515219   0.000084831564   0.000111906476
 -0.000012596502  -0.000305601602  -0.000078671511
 -0.000379531032   0.000998886389   0.001348524196
  0.000253779249   0.000967387848  -0.001507407284
 -0.000149517732  -0.001515699860   0.000065727804
  0.000005926442  -0.000058681961   0.000607774692
 -0.000286404278   0.000148680661  -0.000411875368
  0.000197204599   0.000271235179   0.000377794667
  0.000572121345   0.001176173545   0.001193090758
 -0.000250225933   0.001219694789  -0.001130673672
  0.000161111119  -0.000150037297  -0.001445058715
 -0.000211092407   0.000217691437   0.000684559539
 -0.000137673044  -0.000993312929  -0.000077793366
  0.000046396113   0.000259036139   0.000498250655
 -0.000194416047   0.000190060494  -0.000455985280
 -0.000128889435   0.000409439785  -0.000319992658
  0.000207386441  -0.000048695164   0.000426710488
 -0.000140539339   0.000063800831  -0.000845060688
  0.000185922204   0.000123439409   0.000025626535
  0.001293987934   0.004298110241   0.004604429526
 -0.000469025910   0.003248175141  -0.006708669057
  0.001964952735   0.004088633863   0.009785886427
 -0.001988722292  -0.001837500877   0.001244500483
  0.001970708487  -0.001041520490   0.000679830223
  0.001693483972   0.002117375768   0.000611459369
  0.000701750148  -0.001362871436   0.000903699427
 -0.001703452372  -0.001003251397   0.000410357201
 -0.001524354472   0.001747728003   0.000303511143
 -0.000064038533   0.000153349356   0.000628987103
  0.000247467382   0.000512150593  -0.000282478359
  0.000028059016  -0.000329714050  -0.000153500752
  0.000325784399   0.000129405384  -0.000181931566
 -0.000130795253  -0.000287115579   0.000021858182
 -0.000119529629   0.000024678492   0.000194704852
 -0.000399872276   0.000057536839  -0.000112208024
  0.000155846930  -0.000080130993   0.000349435601
  0.000171752626   0.000238448369   0.000106323189
   30    3  0.0000  0.0000  0.0150
 -0.000000259663   0.001269977792  -0.001301911173
 -0.000140146626  -0.003426415460  -0.002574654207
  0.012122556174  -0.010389714071   0.141864666978
  0.000930038367   0.001421872308   0.000174161346
  0.001034213808  -0.000565604510   0.000776440024
  0.003872415289   0.000042206521  -0.002611063572
 -0.001365776750   0.001035647750   0.000002083812
 -0.001019867118  -0.001050000867   0.000661323927
 -0.000773285541  -0.000096026405  -0.001617195986
  0.000002799476  -0.000165883628  -0.000172446463
 -0.000356635680   0.000259479999   0.003073674117
 -0.000054158902   0.000079968691   0.002084759522
  0.000142029297   0.000000431370   0.000374386358
  0.000189198837   0.000059048565  -0.000368797022
  0.000040866258  -0.000181236770  -0.000181660032
  0.000223524631  -0.000060917705  -0.000358145152
 -0.000147980694  -0.000016769199   0.002038121468
 -0.000427119553   0.000397372696   0.001059256806
 -0.000225772369   0.000852147143   0.000516225253
 -0.000196702607  -0.001025866302   0.000558722015
  0.000238917768   0.000011791679   0.000594329228
  0.000147649890   0.000378968111   0.000004824914
  0.000233127448  -0.000342879348   0.000167312412
  0.001158965313   0.000083191584   0.000613893116
 -0.000127749604   0.000227953813   0.000117862452
 -0.000526545660  -0.000240508844   0.000140472188
 -0.000754706757   0.000056991639   0.000563878012
 -0.000386973502  -0.004347748864   0.000989524217
 -0.000543535228   0.007437410662   0.002346751148
 -0.012662803306   0.009778442684  -0.147669340409
 -0.000012175292  -0.001020633746  -0.001594120783
 -0.000181305335  -0.000084180427  -0.002566187399
 -0.007021930454   0.000098904261   0.002060259220
  0.000735888045  -0.000818078887  -0.000960144398
  0.000709304444   0.000092240059  -0.002002983933
  0.005073120149   0.000326296849   0.001574943769
  0.000011637832   0.000534123338  -0.000014739030
  0.000124801407  -0.000408956798   0.000139828329
 -0.000157394161   0.000014046444   0.001040751057
 -0.000212797981  -0.000160106392   0.000134900858
 -0.000111759075   0.000183374538   0.000096675673
  0.000369371425  -0.000106692878   0.000096594736
  0.000274509042  -0.000236214878   0.000100456678
  0.000295133732   0.000215669930   0.000051782811
 -0.000522686773  -0.000113122445  -0.000025472884
   31    1  0.0150  0.0000  0.0000
 -0.007917327348  -0.000302307739   0.001472236471
  0.002703397135  -0.000479908364   0.000346206889
  0.001956413704   0.000516263704   0.000684605153
 -0.010054128037  -0.000331954590  -0.002895707452
  0.001082774088  -0.000298735226   0.000160651483
  0.000045386191  -0.000093949309   0.000165953330
 -0.006439985644   0.000041735163  -0.001501071128
  0.002352622524   0.000150449764  -0.001120429180
  0.001486419994   0.000145251009  -0.001009571800
  0.000979501891  -0.000115311263   0.000957448581
 -0.000066860445   0.000131552387   0.000617286720
  0.001187657527   0.000294175273   0.000757434913
  0.001008413531   0.000080747325  -0.001042617058
  0.000007753830  -0.000070493899  -0.000475957421
  0.001108497065  -0.000100013217  -0.001056761112
 -0.000056414823  -0.000151531642   0.000186962053
 -0.001393379314  -0.000103067117   0.000036634436
  0.000114279124   0.000092073286  -0.000060962485
 -0.000083202595  -0.000008517909   0.000658647412
  0.000294303220  -0.000159936301  -0.000254587304
 -0.000027389657   0.000083359540  -0.000687383475
 -0.000995667028  -0.000024492595  -0.000021414274
  0.000427215278  -0.000061126059   0.000070928055
  0.000231089921   0.000034355814  -0.000061876142
 -0.000101327174   0.000088200933  -0.000859300183
  0.000267076826   0.000293929870   0.000312082746
  0.000076700509   0.000025884474   0.000728704874
  0.003029553866  -0.001040084665  -0.007950510074
 -0.001179589303   0.002041511285   0.000401841712
 -0.000915975816  -0.001968168784  -0.000101939118
  0.005235889815   0.000997537311   0.003917005349
  0.002188708373   0.000891455269   0.000215722242
  0.001827497407  -0.000844960338   0.000078636266
  0.004291888315   0.001428703961   0.006081414988
 -0.001733328689  -0.001823959491   0.000814724737
 -0.001272602970   0.000971888394   0.000654969042
  0.000609729286   0.000138223861  -0.000464440476
 -0.000089094269  -0.000287056250  -0.000056621507
 -0.000187341379   0.000160636152   0.000201125859
 -0.000420459290   0.000091928436  -0.000160881559
 -0.000097228643  -0.000121488769   0.000015350005
  0.000201694304   0.000021176960   0.000054499317
  0.000343395799  -0.000191148081   0.000489764213
 -0.000007979275   0.000309516658  -0.000002488613
 -0.000018577823  -0.000452345224  -0.000296316485
   31    2  0.0000  0.0150  0.0000
 -0.000373417851   0.000613461808   0.000303569677
 -0.000746705921   0.002664782503  -0.000162094260
 -0.000387155536   0.001662021346   0.001163854672
 -0.000539642157  -0.006944151546   0.010060564930
 -0.000428218157  -0.011120153959   0.001657233385
  0.000362793836  -0.006289713524   0.001660236936
 -0.000020125050   0.000447685012   0.000005065930
  0.000887636101   0.002591668960  -0.000731915449
  0.000486777079   0.001957600776   0.001138314702
 -0.000614475674   0.001268224935  -0.001419915317
 -0.000263501767   0.000177396755  -0.000022508852
  0.000175710236   0.001107913320   0.001172930458
  0.000768297525   0.000922878713  -0.001467324557
  0.000262943178  -0.000047237252  -0.000064163758
 -0.000194042812   0.000961696469   0.001186119420
  0.000004142487   0.000022900783  -0.000811537409
 -0.000122165300  -0.001558710191   0.000043699415
 -0.000109820978   0.000194559131   0.000466307443
 -0.000089088853   0.000262359459   0.000306777653
  0.000006209061  -0.000011110214   0.000600000388
  0.000000908599   0.000219221076  -0.000691103896
 -0.000019001746  -0.000650918137   0.000027795429
  0.000110829963   0.000120799196  -0.000971846612
 -0.000330342602  -0.000072940752   0.001449030473
  0.000178750742   0.000462593810   0.000107537866
  0.000174045484   0.000056767444   0.000751380240
 -0.000116606735   0.000098270996  -0.000845486663
  0.001239689569   0.002166146227  -0.000548621556
  0.001240319876  -0.001198790881  -0.000585754077
 -0.001762983173  -0.001832683270  -0.000991107064
  0.000958655423   0.006800908340  -0.011522646570
  0.000371670948   0.002718406937   0.006158472318
 -0.000341347523   0.003434075592  -0.005750863822
 -0.000903117399   0.001981225435  -0.000398814043
 -0.001899882015  -0.001479677283   0.000062283712
  0.001982260786  -0.001588950837  -0.001136573596
 -0.000181054695  -0.000071273834  -0.000223930935
 -0.000261137296  -0.000093663622  -0.000042695498
  0.000271285986   0.000093092111   0.000155269104
 -0.000052735496  -0.000725182779   0.000240312111
 -0.000014639389   0.000650936536   0.000597621580
  0.000184246534   0.000321989900  -0.000677165397
  0.000223269514  -0.000085542609  -0.000198335317
  0.000194018813  -0.000178329840  -0.000159592458
 -0.000313253615  -0.000030553042   0.000109619265
   31    3  0.0000  0.0000  0.0150
 -0.002263084299   0.000001409487  -0.002668031130
 -0.000848744833   0.000693037159   0.000933946301
 -0.000898848516  -0.001402058311   0.000386103710
 -0.004406050557   0.010784583480   0.145812010226
 -0.000124823847   0.003924630440  -0.002289173705
 -0.000154547128  -0.001120612858  -0.001342123251
  0.001752577797  -0.000056084019  -0.001869673196
  0.001308551247   0.001132377397   0.000426071120
  0.001338735754  -0.001229761920   0.000178350264
  0.000176434244  -0.000165820195   0.002721320917
  0.000161112735   0.000095201645  -0.000352107928
 -0.000177578224  -0.000264239112   0.001779507224
  0.000038663316   0.000103093334   0.002306353335
 -0.000105401402   0.000108444215  -0.000088508706
  0.000362703817  -0.000504192498   0.001375738745
 -0.000148644939   0.000000220936  -0.000219700926
 -0.000103545211   0.000153529845   0.000427359213
  0.000049773079   0.000108324551  -0.000345734384
 -0.000955530177  -0.000157909812   0.000542555342
 -0.000323579607   0.000251920853  -0.000013554804
 -0.000161776374  -0.000333675542   0.000068097363
  0.000032509208   0.000186189649   0.000311496961
 -0.000146907159   0.000905830613   0.000448710582
  0.000008678924  -0.000739155715   0.000447763350
  0.000879122179  -0.000036051294   0.000542069209
  0.000181590923   0.000083708678   0.000001308718
  0.000117950272  -0.000214420857   0.000075937388
  0.007472318509  -0.000324688196   0.002586777187
 -0.000330794144   0.000049659882  -0.002677194419
 -0.000039223289   0.001270085285  -0.001581453898
  0.003921264878  -0.011611014582  -0.151591088195
 -0.000286733425  -0.007230594772   0.001758252773
 -0.000264171012   0.005347806522   0.001161640992
 -0.005930606167  -0.000463929111   0.001892834522
 -0.000318070937  -0.000603410307  -0.002113336295
 -0.000393480369   0.001297614634  -0.001319047629
 -0.000508559495   0.000053782032   0.000222391935
  0.000193183973  -0.000035845611   0.000160988044
  0.000258111243   0.000133807534   0.000136719024
  0.000222250180  -0.000241452133   0.001204054113
  0.000067907567   0.000527791318   0.000229225470
  0.000074219275  -0.000527075692   0.000036309331
  0.000501174584  -0.000046572860   0.000058731919
 -0.000048918544  -0.000076168963   0.000172699321
 -0.000179214050   0.000171684872   0.000065403868
   32    1  0.0150  0.0000  0.0000
  0.001583454578  -0.000529733757   0.000979000976
 -0.005923026962  -0.000313592444   0.001885467636
  0.002496506139   0.000239193611   0.000425776991
  0.000203091215  -0.000211349214   0.000228210084
 -0.008149476077   0.000207118702   0.007250368711
  0.000850435452   0.000269195969  -0.000272942421
  0.002014569630  -0.000329443749  -0.000780483916
 -0.009367880112   0.000099321510   0.000012080429
  0.002396315316   0.000810569768  -0.001277541355
  0.001135102132   0.000237274164   0.001037244587
  0.001097163961  -0.000056396931   0.001250134518
  0.000164023800   0.000091784421   0.000552485811
  0.001099016489  -0.000389118343  -0.001183748183
  0.001070885863   0.000449942028  -0.001257526907
  0.000134168781  -0.000134042995  -0.000725085289
  0.000156312187  -0.000167234403   0.000071734051
 -0.000066825301   0.000165776127   0.000150215026
 -0.001491553722  -0.000228755138   0.000252068713
  0.000131567901   0.000186919158  -0.000738796191
 -0.000115998667  -0.000027052555   0.001089608309
  0.000098918125  -0.000092457279  -0.000564203917
  0.000371296262  -0.000197889949   0.000119330204
 -0.000641030826   0.000050826496   0.000032146163
  0.000393999853   0.000112875975   0.000039862715
 -0.000006499565   0.000002358606   0.000671043238
  0.000076892088  -0.000006128222  -0.001095377587
  0.000080936748   0.000319289676   0.000628672111
 -0.001581141831  -0.002272348691  -0.000651812185
  0.002689040462   0.000188144830  -0.006817052352
 -0.001333311274   0.001960254000  -0.000162166709
  0.002192758587   0.000371363354  -0.000393142532
  0.006455210450  -0.000125259497  -0.007925048204
  0.002204074674  -0.000623476571  -0.000278751021
 -0.001337277165   0.001663655702   0.000125540072
  0.002253874551   0.000821827104   0.006957731229
 -0.001629195719  -0.002134352419   0.000311604564
 -0.000130952270   0.000204030089   0.000192636266
  0.000455325746   0.000019295502  -0.000572812118
 -0.000082208345  -0.000443840625   0.000088997361
  0.000014467264  -0.000047669226  -0.000051648802
 -0.000632145298  -0.000055940102   0.000124668507
  0.000007976308   0.000096758594  -0.000041248155
 -0.000031231249  -0.000326973404  -0.000133937773
  0.000738308644  -0.000048642248   0.000584173700
 -0.000045938825   0.000193922377  -0.000137476357
   32    2  0.0000  0.0150  0.0000
 -0.000826109029   0.001475656505   0.001208588194
 -0.000239163574   0.000219183708   0.000241105111
 -0.000126246355   0.002055961062  -0.000557075486
 -0.000338611297  -0.005280678688   0.002753963882
  0.000172931221  -0.008625551594   0.007823480005
  0.000033448194  -0.009330072477   0.000368669966
  0.000050454965   0.002237329897   0.000866251740
  0.000323660504   0.000628077781  -0.000108321827
  0.001165097489   0.002507331987  -0.001127159199
  0.000075453818   0.001127587082   0.000710341061
 -0.000327839478   0.001118276655  -0.001049341638
 -0.000179551036   0.000280093702  -0.000057284838
  0.000045657334   0.000966229401   0.001163601211
  0.000456924722   0.001060889546  -0.001390014766
  0.000077829342  -0.000205113481   0.000166786037
  0.000164054681   0.000153685009   0.000484080508
 -0.000070222904   0.000112626270  -0.000733777750
 -0.000153099793  -0.001405373343   0.000001183663
  0.000094090259   0.000127319524  -0.000477774914
 -0.000164209652   0.000235437476   0.000073776829
 -0.000064467648  -0.000042324968   0.000505741216
 -0.000151868318  -0.000036663578   0.001080436596
  0.000041472347  -0.000607221344   0.000073408739
  0.000240775285   0.000158734187  -0.000873998204
 -0.000006853199   0.000110018874  -0.000721474267
  0.000152346777   0.000451517423   0.000150508901
  0.000433099647   0.000058079399   0.000610268188
 -0.002422030394  -0.001649770262  -0.000906086103
  0.000266846813   0.002125237652  -0.000290957353
  0.001319263227  -0.001045132091  -0.000100862489
  0.000888952492   0.002759968622  -0.007178771658
 -0.000159425615   0.005935683540  -0.008635164455
  0.000351475732   0.002907816260   0.006707748471
  0.002056839881  -0.001444721694  -0.000301849442
 -0.000539189970   0.002043674767  -0.000250118015
 -0.001926722700  -0.001214945929   0.000066475382
  0.000354410550   0.000018833492   0.000123387404
 -0.000024299143   0.000060688426  -0.000081400631
 -0.000300392828  -0.000098730823  -0.000136454624
 -0.000177273001   0.000462050074  -0.000566346435
 -0.000036932137  -0.000559558503  -0.000071802257
 -0.000158064527   0.000340929274   0.000444779037
 -0.000430955310  -0.000079504835   0.000255290699
 -0.000051507067   0.000068784305  -0.000110693404
  0.000109949694  -0.000182338294  -0.000153143083
   32    3  0.0000  0.0000  0.0150
 -0.001355300676  -0.001268848298   0.000926732062
 -0.001138340575   0.000004883813  -0.000969390090
 -0.000834379224   0.000650367296   0.001418429665
 -0.000125151152  -0.001042524874  -0.001258982235
  0.007872992822   0.007511301278   0.147334032191
 -0.000013509054   0.003063715717  -0.001770991797
  0.000663924995  -0.001031438216   0.001045043766
  0.003097545630   0.000058824042  -0.001742451212
  0.001266544866   0.001022675572   0.000938165649
 -0.000547624837  -0.000614867808   0.001245730007
 -0.000321642049   0.000279543090   0.001761607056
  0.000164716101   0.000116180428  -0.000519919899
  0.000196303165  -0.000341717533   0.001904630355
  0.000007459828   0.000035252832   0.002567868734
 -0.000106874966   0.000083493909  -0.000285960708
  0.000100197698   0.000073755947  -0.000466343570
  0.000009605366  -0.000117405692  -0.000351577865
  0.000144824269   0.000195067573   0.000397001329
 -0.000160567419  -0.000167372556   0.000070403799
 -0.000763466136  -0.000071819192   0.000398973431
 -0.000221307525   0.000035862772  -0.000188495868
 -0.000060516440  -0.000790778885   0.000402332463
  0.000085590364   0.000049238584   0.000116190526
 -0.000172695811   0.000739665785   0.000597720032
  0.000186906998  -0.000086197206  -0.000208706039
  0.000906953345   0.000022256590   0.000495807616
  0.000124262418   0.000205279612  -0.000118459205
  0.000248908067   0.000168541933  -0.002059295626
  0.006062499997  -0.000052451411   0.001482040129
 -0.000322150614   0.000676840356  -0.002603102352
  0.000231559490   0.006274233249   0.001752096213
 -0.007956120067  -0.008696059822  -0.153450797201
 -0.000190214388  -0.006886523547   0.001759276480
  0.000282023102  -0.000212202976  -0.002171338188
 -0.007150619038  -0.000306375427   0.001698839993
 -0.000139781659   0.000361097023  -0.002390197543
  0.000061995001   0.000097357204   0.000016049424
 -0.000539638980   0.000042997427   0.000186217584
  0.000046528923  -0.000013070705   0.000106674470
 -0.000012153453  -0.000594640495   0.000129075145
 -0.000112726099   0.000138606921   0.001339291844
  0.000086827125   0.000591206987   0.000056080884
 -0.000086461508  -0.000075476308   0.000068641304
  0.000541823116  -0.000076646244   0.000259158062
 -0.000058751016  -0.000051828742   0.000081899186
   33    1  0.0150  0.0000  0.0000
  0.001959898512   0.000062116031   0.000617585152
  0.001909450409  -0.000700657954   0.000701480711
 -0.005082783083  -0.000494180608   0.002815729048
  0.000425163857   0.000553356673  -0.000072989444
  0.000439307864  -0.000256079970  -0.000063416530
 -0.008304575760  -0.000048571225   0.009197047757
  0.002414392974   0.001352808999  -0.000809217199
  0.002054113584  -0.000294117126  -0.000951351482
 -0.010122572940   0.000249171888   0.000993138993
  0.000015745692   0.000282201181   0.000443867774
  0.001110495563   0.000058455650   0.000712890435
  0.001285767405   0.000099642337   0.001225619032
 -0.000034541247  -0.000305326830  -0.000609866580
  0.001005260967  -0.000423539643  -0.001140124234
  0.001121324404   0.000428666833  -0.001481270032
 -0.001454497707  -0.000021146355   0.000190859286
  0.000109946635  -0.000243996650  -0.000063978195
 -0.000261468732   0.000171095380   0.000258081036
  0.000189509687  -0.000020879807  -0.000764490760
  0.000310846525   0.000048275335  -0.000313437688
 -0.000292348797  -0.000175544501   0.000897473599
  0.000295846768   0.000081198434   0.000232769410
  0.000398613430  -0.000183038708  -0.000069814389
 -0.001094180394  -0.000002705046  -0.000014093650
 -0.000073765216   0.000214977270   0.000641541851
  0.000319836683  -0.000087564961   0.000329571746
 -0.000027408523   0.000081891101  -0.000794999626
 -0.001285264379   0.001606448673  -0.000092741076
 -0.001473661556  -0.002399879027  -0.000691629451
  0.003464788534   0.001667306727  -0.006964739464
  0.001858111322  -0.000309317083  -0.000258442046
  0.002193613666   0.000354071690  -0.000305210826
  0.005024799736  -0.000354923591  -0.009915687646
 -0.001032626396  -0.001290595431  -0.000116394615
 -0.001561763333   0.001677669166   0.000409483791
  0.003618933904  -0.001536118049   0.005982023768
 -0.000021177774  -0.000359233358   0.000269342394
 -0.000154079938   0.000352882288   0.000041687648
  0.000500625032  -0.000014747694  -0.000461227228
  0.000198501026   0.000127169514  -0.000126806469
  0.000018931431  -0.000118506062  -0.000087462690
 -0.000336219874   0.000099936713   0.000098403760
 -0.000129451312   0.000281199719  -0.000219504469
 -0.000184553144  -0.000341987588  -0.000087467252
  0.000683114492   0.000132115665   0.000417765846
   33    2  0.0000  0.0150  0.0000
 -0.000041149513   0.001848401623  -0.001120169245
 -0.000576629643   0.001747864163   0.000518758536
 -0.000299919950   0.000233753826  -0.000191230383
  0.000349872197  -0.009839855747   0.001105033473
 -0.000090279450  -0.006804076885   0.001486622108
  0.000115645596  -0.007675205231   0.004571242131
  0.000969329071   0.002535692173  -0.000999627407
 -0.000097523181   0.002656853281   0.000545018086
  0.000349098296   0.000703849841  -0.000033726385
  0.000073931401   0.000378869702   0.000240296073
  0.000313019747   0.001054471434   0.001031652249
 -0.000521051576   0.001204564488  -0.001142552750
  0.000072606996  -0.000192825712   0.000017876403
 -0.000278502252   0.001057022288   0.001304182879
  0.000450582890   0.000934554073  -0.001752730609
 -0.000016739948  -0.001538324706   0.000083607811
  0.000178650892   0.000184093761   0.000596879931
 -0.000277631570   0.000114041901  -0.000672326050
  0.000002069473   0.000029984381   0.000644879818
 -0.000121931461   0.000155987516  -0.000607598927
 -0.000053749358   0.000243378957   0.000120768490
  0.000049363465   0.000151855023  -0.001176572226
 -0.000303707277   0.000085797893   0.001203886867
  0.000031911897  -0.000673408218  -0.000076166547
  0.000131442312   0.000063579019   0.000804848561
 -0.000141994817   0.000074939109  -0.000745037718
  0.000172063138   0.000436538683  -0.000192773859
  0.001623796255  -0.001521457572   0.000802059138
 -0.001902287146  -0.001499404554  -0.000300728815
 -0.000280353619   0.002127128173   0.000105645418
 -0.000850750785   0.003418230135   0.005251960410
 -0.000657290027   0.002905899840  -0.006837055268
 -0.000380127338   0.006482948446  -0.004612168106
 -0.001411474998  -0.001504839957   0.000437185534
  0.002455769091  -0.001436194069  -0.000036273735
  0.000549005113   0.002135695230  -0.000158482262
 -0.000268317831  -0.000035996151  -0.000131328112
  0.000318657000  -0.000090725652   0.000158196293
  0.000075539838   0.000011936378  -0.000042137157
  0.000155522264   0.000245332393   0.000498853272
  0.000166959983   0.000272661056  -0.000575384350
 -0.000074256771  -0.000557541790  -0.000031559785
  0.000284243121  -0.000030819080  -0.000308397237
 -0.000197554219  -0.000117834510   0.000110686425
 -0.000045857307   0.000022585049   0.000103887027
   33    3  0.0000  0.0000  0.0150
 -0.001529403658   0.000671641735   0.000638737534
 -0.000966289030  -0.001367049605   0.000672276859
 -0.001009028106   0.000103985282  -0.001807112130
  0.000000619752   0.002928692083  -0.001446546470
  0.000052948852  -0.001461766265  -0.001653913363
  0.008580918639   0.002613431863   0.147828645957
  0.000870095029   0.000892868066   0.000639386485
  0.001112688176  -0.001180912276   0.000817005854
  0.003383210711   0.000052276366  -0.002121587039
  0.000200172323  -0.000166652290  -0.000403211638
 -0.000376404443  -0.000358602640   0.001578111913
 -0.000251067609   0.000276654839   0.001727722689
 -0.000120296464   0.000006592962  -0.000183994294
  0.000002961519  -0.000157044002   0.002202592336
 -0.000092673449   0.000009779593   0.002415741371
  0.000200207357   0.000167066048   0.000384242802
  0.000140120600   0.000116278537  -0.000432757804
  0.000041855160  -0.000059447360  -0.000225666524
 -0.000312918562   0.000194330321  -0.000112017543
 -0.000293211823  -0.000135231755   0.000124445552
 -0.000888798658  -0.000200023761   0.000340592526
 -0.000156186112   0.000727996656   0.000658075697
 -0.000035086521  -0.000780693024   0.000344244851
  0.000291659442   0.000046432969   0.000299766017
  0.000177483820   0.000203707084  -0.000202027235
  0.000211546634  -0.000203333291   0.000018581971
  0.001103774788  -0.000029705859   0.000628390923
 -0.000115665709  -0.000754515427  -0.001813187554
  0.000304457053   0.000742201436  -0.002036952369
  0.006094907228   0.000607173512   0.002058712260
  0.000061639659  -0.005791795671   0.001144123433
 -0.000280958457   0.006827460498   0.001762808272
 -0.009954692560  -0.004667733733  -0.153719782819
  0.000373917001  -0.000585575650  -0.001806006146
 -0.000172087267   0.000195732869  -0.002348788997
 -0.006477802475   0.000308558082   0.001838461478
  0.000321734658   0.000018780771   0.000160993787
  0.000249361142   0.000102899583   0.000060953412
 -0.000471297356   0.000002134342   0.000224929477
  0.000005892774   0.000607981080  -0.000082771950
 -0.000012679956  -0.000589480225   0.000055418638
 -0.000146570719   0.000038210676   0.001191426050
 -0.000279709055  -0.000080201059   0.000250106027
 -0.000208121085   0.000139458691   0.000126573322
  0.000368776757  -0.000032562049   0.000203256384
   34    1  0.0150  0.0000  0.0000
 -0.008133839074   0.000159505537   0.000151209243
  0.002134165245   0.000103348913  -0.001002267766
  0.001559446051   0.000094880609  -0.001039551007
 -0.009620359121  -0.000168498110  -0.000690304866
  0.002762644947  -0.000805015855   0.000442587931
  0.002196919782   0.000401873401   0.000173814578
 -0.006622739557  -0.000174105824  -0.003727517833
  0.000931637035  -0.000204013115   0.000056490038
  0.000263665137   0.000100233541   0.000027444237
 -0.000118326786  -0.000005394249  -0.000065648337
 -0.001453510102   0.000068771061   0.000054216888
  0.000020344039   0.000149544456   0.000214742963
  0.001169678289  -0.000458297652   0.001486081186
 -0.000052932694  -0.000102235033   0.000570262173
  0.001154581991   0.000482485458   0.001402368811
  0.000978372781   0.000179202566  -0.001545735140
  0.000138470190  -0.000118377130  -0.000470110630
  0.001162890344  -0.000310525131  -0.001404709859
 -0.000141778209   0.000066093604  -0.001123122251
  0.000214694299   0.000002461935   0.000549841037
 -0.000043861832   0.000029953303   0.000779481499
  0.000028561340  -0.000085208779   0.000833563400
  0.000216288387  -0.000100138218  -0.000311051569
  0.000039033953  -0.000104088186  -0.000646938449
 -0.000932591075  -0.000101816513  -0.000021769072
  0.000501580531  -0.000018707783  -0.000035826934
  0.000279823673   0.000083988167   0.000107928161
  0.004880739010   0.001014337868   0.004308344637
 -0.001684382112  -0.001537717610   0.000897601401
 -0.001236186842   0.000702136273   0.000738904967
  0.004276738157  -0.000946053959  -0.005846735315
 -0.001319435473   0.002071879967   0.000306657556
 -0.001036750440  -0.001408337319   0.000278752904
  0.003271004390   0.000637572149   0.004369948348
  0.002205168509   0.000976396382   0.000291285106
  0.001858567656  -0.000926164246   0.000091166801
  0.000230779189  -0.000090536881   0.000458659219
  0.000048758029   0.000334367660  -0.000149440922
  0.000023205437  -0.000257760561  -0.000272689690
  0.000430879163   0.000203754381  -0.000368370795
 -0.000124783710  -0.000207722457  -0.000025079632
 -0.000137404295   0.000168175186   0.000220048904
 -0.000405671573   0.000048302108  -0.000156603578
 -0.000064098818  -0.000105237868   0.000059949256
  0.000150014162   0.000156687951   0.000032122402
   34    2  0.0000  0.0150  0.0000
  0.000211815666   0.000255924919  -0.000066692892
  0.000860106273   0.002549002862  -0.000556904407
  0.000275693873   0.001782215760   0.000857673455
 -0.000379562501   0.000851997357  -0.000100093151
 -0.000665861254   0.002442982709  -0.000605122427
 -0.000071255032   0.002164818199   0.000610385967
 -0.000359506666  -0.006057517438   0.006523193191
 -0.000405354272  -0.010292467362   0.000961577994
  0.000446250560  -0.007700348471   0.000020792936
  0.000049685148   0.000015818977  -0.000541163352
  0.000120768503  -0.001520445078   0.000145572078
 -0.000088162482   0.000059340176   0.000521988841
 -0.000404666214   0.001262528960  -0.001365831019
 -0.000214943920   0.000035149478  -0.000151131707
  0.000253754651   0.001225350858   0.001403987191
  0.000488625019   0.001051267120  -0.001445859821
  0.000086474208  -0.000194957906   0.000024946321
 -0.000344815432   0.001114394979   0.001549502321
  0.000082828462   0.000346405365   0.000181520017
 -0.000036854262  -0.000009893252   0.000804257921
  0.000043488046   0.000120622682  -0.000706114507
 -0.000165073939   0.000315357406  -0.000123271160
 -0.000048534878   0.000260705226   0.000437825271
 -0.000046703579   0.000231036496  -0.000396327844
 -0.000030251489  -0.001062568087   0.000143834038
  0.000082572584   0.000086412628  -0.000919712879
 -0.000121307451  -0.000089315540   0.001268729961
 -0.001094132927   0.001822516366  -0.000291170269
 -0.001866141227  -0.001072926828  -0.000161474122
  0.001054961578  -0.001361332307  -0.000804804503
  0.001456314383   0.001977714874  -0.000465702079
  0.001668823839  -0.001434930448  -0.000221564675
 -0.001287555678  -0.001499782371  -0.000557850104
  0.000601652161   0.003397680184  -0.007501853300
 -0.000330650637   0.003921682383   0.005909390154
 -0.000123277868   0.004782769238  -0.004281052694
  0.000134533959   0.000179560426  -0.000156984798
  0.000296548370  -0.000126443034  -0.000304566986
 -0.000358949157   0.000007409386   0.000281794795
 -0.000091656042  -0.000066962012  -0.000029541691
 -0.000318537397  -0.000132373054  -0.000012789044
  0.000325977501  -0.000014817712   0.000043291393
  0.000130596375  -0.000476562298   0.000151665770
  0.000320988062   0.000581314407   0.000469032162
 -0.000138704914   0.000271663777  -0.000543382345
   34    3  0.0000  0.0000  0.0150
  0.001815629378  -0.000150728627  -0.001578519185
  0.001118813245   0.000809584639   0.000336007981
  0.001316661216  -0.001335838804  -0.000079887592
 -0.002579801885  -0.000126813571  -0.002182946122
 -0.000828257435   0.001338720942   0.000511160928
 -0.000858483225  -0.000890317315   0.000623807392
 -0.004650105330   0.008519924865   0.147543914339
 -0.000044687294   0.003216131730  -0.002402491826
 -0.000057562430  -0.001450528145  -0.001252940841
  0.000024419898   0.000034403631  -0.000244513409
 -0.000001177259  -0.000034769754   0.000339386088
 -0.000052833472   0.000195927054  -0.000287784727
  0.000007266643  -0.000103744466   0.002657799634
 -0.000052205404   0.000010446778  -0.000380128593
 -0.000142432656  -0.000159254381   0.001789290434
  0.000122246920   0.000055934996   0.002212962289
 -0.000095126976   0.000042791769  -0.000140766712
  0.000391960434  -0.000334300068   0.001396668359
  0.000746960485  -0.000202244695   0.000501697554
  0.000316208515   0.000135569359   0.000091848658
  0.000186347920  -0.000277366922   0.000088821499
 -0.000967314219  -0.000132806953   0.000496642573
 -0.000340379730   0.000312569716   0.000268336737
 -0.000109967916  -0.000331294967   0.000025351341
  0.000061235051   0.000030741040   0.000562095898
  0.000077591854   0.001131973976   0.000356985465
  0.000030711796  -0.000761440039   0.000522002664
 -0.004650230975  -0.000154607110   0.001163264366
 -0.000600971846  -0.000083662576  -0.001724492865
 -0.000618128798   0.000923241443  -0.000951642924
  0.006154941205  -0.000401131846   0.001903352223
  0.000118297206  -0.000317874698  -0.002144404795
 -0.000076935267   0.000469402631  -0.001783459018
  0.004391033456  -0.007591000915  -0.153035962811
 -0.000054833333  -0.006668092030   0.001978303625
 -0.000134782848   0.004249603201   0.001003270472
  0.000567165475   0.000187434582  -0.000030981948
 -0.000151879665  -0.000252745711   0.000008383322
 -0.000321095715   0.000269506355   0.000144638742
 -0.000398266451   0.000157024981   0.000084312438
  0.000015906041  -0.000252356192   0.000056487447
  0.000144933251   0.000196998510   0.000221102404
  0.000088115999  -0.000206717068   0.001054817464
  0.000057589246   0.000380637060   0.000258064998
  0.000033424899  -0.000448932407   0.000020146034
   35    1  0.0150  0.0000  0.0000
  0.002189248484  -0.000290801131  -0.001329090188
 -0.009436647097   0.000228307362   0.000466220217
  0.002246729672   0.000613110591  -0.001393378938
  0.002038487708  -0.000509359203   0.000306440007
 -0.007057960142   0.000043838639   0.001199563120
  0.002516836505  -0.000049790706   0.000395400596
  0.000314918367  -0.000233011189  -0.000192916544
 -0.008453386758   0.000228088852   0.003784509763
  0.000450248562   0.000306260195  -0.000178865479
  0.000103480184   0.000262440903   0.000204001338
 -0.000046639398   0.000018397280  -0.000246771971
 -0.001689749827  -0.000075788800  -0.000041954785
  0.001081677604   0.000384208392   0.000832815627
  0.001207835262  -0.000400581048   0.000998787089
  0.000185542488  -0.000037997119   0.000378057446
  0.001149830466  -0.000493993643  -0.001431032532
  0.001072863010   0.000455369967  -0.001744760641
  0.000147452686  -0.000200516282  -0.001000525782
  0.000023513601  -0.000134882397   0.000642477875
  0.000233110293   0.000002449636  -0.001293796101
  0.000123281695   0.000144956182   0.000877986952
  0.000176420385  -0.000097686425  -0.000704192009
  0.000024494116  -0.000128976953   0.001205111168
  0.000059348167   0.000078288472  -0.000745643963
  0.000257234756  -0.000193675461   0.000406011976
 -0.000747015368  -0.000072858376  -0.000050230994
  0.000391436223   0.000161706015  -0.000300007718
 -0.001549856969   0.001861122703   0.001076726143
  0.002907054434  -0.000218315313   0.005962331500
 -0.001698231687  -0.001721290729   0.000908186631
 -0.001729763790  -0.001885547012  -0.000064249673
  0.002280909101  -0.000552428128  -0.006877379701
 -0.001516652585   0.002451577771   0.000055177322
  0.002167498600  -0.000312769354   0.000060150121
  0.008280614681  -0.000142600729  -0.003569064390
  0.002396188765   0.000261081164   0.000160691040
 -0.000146343301  -0.000229764484   0.000106806689
  0.000192565069   0.000057035304   0.000674592118
  0.000045517331   0.000254931830  -0.000113695718
  0.000061213406   0.000330136923   0.000387612566
  0.000538312912   0.000042653970  -0.000515650339
 -0.000223098261  -0.000352510585   0.000400113108
 -0.000038477648   0.000204946580  -0.000005894904
 -0.000586386990  -0.000043583842  -0.000068920875
  0.000056345284  -0.000012179821   0.000378252833
   35    2  0.0000  0.0150  0.0000
 -0.000113397012   0.001990765077   0.000790087735
  0.000275454416   0.000466853520  -0.000281166941
  0.001174112624   0.002489721036  -0.001088716537
 -0.000438701737   0.001984386380   0.000661096790
 -0.000129760574   0.000451737302  -0.000044849155
 -0.000102320643   0.002002046800  -0.000968903961
 -0.000302815907  -0.005933864896   0.001904185935
 -0.000198940997  -0.010587447484   0.004790554503
 -0.000176972818  -0.007978390552  -0.001705605582
  0.000170234695  -0.000033425757   0.000514351011
 -0.000010923175  -0.000025664509  -0.000527013880
  0.000028582387  -0.001438727842   0.000217891194
  0.000132991365   0.001147169169   0.000725247326
 -0.000056656683   0.001154379409  -0.000735615796
 -0.000172971175   0.000180177930  -0.000180739483
 -0.000086304909   0.001039881499   0.001171936060
  0.000151411329   0.001062625894  -0.000851919739
 -0.000090665189  -0.000148887382   0.000191716772
 -0.000081748206   0.000178235332  -0.000624497524
  0.000128088641   0.000368446608   0.000342628618
  0.000242620574   0.000044044313   0.000635683201
  0.000076600797   0.000186536574  -0.000215594517
 -0.000203372481   0.000263073467  -0.000169327821
 -0.000122889506   0.000228775443   0.000363919371
 -0.000139897273  -0.000269335371   0.000944297904
 -0.000009435114  -0.001052700840   0.000129702019
  0.000209989333   0.000043515965  -0.000579901349
  0.001481235009  -0.001396190160  -0.000410860582
 -0.000887064924   0.001913401023  -0.000174452957
 -0.002355072586  -0.000988751555   0.000060003511
 -0.001819087186  -0.001469833097  -0.000566114218
  0.000846677236   0.002034022729  -0.000301038370
  0.001679768034  -0.001431697842   0.000179357254
  0.000968533711   0.003941534732  -0.006637615575
 -0.000204319876   0.006315997260  -0.005631272764
  0.000177908825   0.002684543647   0.008111840925
 -0.000429597794  -0.000073754947   0.000291077735
  0.000119451463   0.000239095793  -0.000136962871
  0.000228013089  -0.000239202532  -0.000175335663
  0.000354226604  -0.000047493707   0.000078894788
 -0.000059392707   0.000083306241   0.000017242597
 -0.000282136769  -0.000111630662  -0.000052359537
 -0.000069868147   0.000484505662  -0.000468164720
  0.000043953510  -0.000334946867   0.000029560178
  0.000054459746   0.000583167199   0.000376754115
   35    3  0.0000  0.0000  0.0150
  0.000887102573  -0.001492441823   0.000508792085
  0.002811726840  -0.000149932044  -0.001555662264
  0.001473928599   0.000887870380   0.000454815701
 -0.001443423850  -0.000873071376   0.000803913664
 -0.001708668483  -0.000013799984  -0.001660032923
 -0.000704558015   0.001259951236   0.000784765256
 -0.000049155244  -0.001368536618  -0.001783515316
  0.002409278074   0.006557347057   0.148375473490
  0.000037141779   0.002718711342  -0.002803501226
 -0.000060145450   0.000195796331  -0.000297805118
  0.000114471446  -0.000162198745  -0.000326552418
  0.000094143525   0.000048700711   0.000460628284
 -0.000313565996  -0.000303559540   0.001609066893
 -0.000152425929   0.000052511504   0.002158909223
  0.000099985396   0.000183684357  -0.000496790290
  0.000244215444  -0.000259170475   0.001810540147
  0.000022454335   0.000056314276   0.002368874158
 -0.000122399399  -0.000047408061  -0.000120883832
  0.000144832957  -0.000185246358  -0.000133667157
  0.000720873139  -0.000107372988   0.000768263339
  0.000220527564   0.000175382892  -0.000037900972
 -0.000116167776  -0.000261159509   0.000044790063
 -0.000892517536   0.000042939560   0.000435038795
 -0.000261149911   0.000293693381   0.000095097044
 -0.000124401996  -0.000926586633   0.000561175033
  0.000031872449  -0.000046445594   0.000236894161
  0.000033332277   0.001056971522   0.000631173146
 -0.000870443502   0.000050752539  -0.001885448669
 -0.006413551846   0.000222348127   0.001246756552
 -0.001002792862   0.000405827157  -0.002002526284
  0.000856316116   0.000072757824  -0.002118804880
  0.007076334278  -0.000242753119   0.001695751333
  0.000400271733  -0.000048175004  -0.002333191018
  0.000302853839   0.006015806682   0.001962458345
 -0.003809278823  -0.005678576316  -0.154209107396
 -0.000329268793  -0.007991392484   0.002738516783
 -0.000183922286   0.000180190652   0.000164317974
  0.000522211024   0.000087618346  -0.000129202735
 -0.000069662536  -0.000301070104   0.000073617102
  0.000183685684   0.000077771794   0.000144957364
 -0.000611786536   0.000032219119   0.000171929093
  0.000030373107  -0.000246722663   0.000055213874
  0.000069617908  -0.000480064256   0.000123779561
  0.000419216349   0.000050657311   0.001233258481
  0.000032520337   0.000459859594   0.000175825554
   36    1  0.0150  0.0000  0.0000
  0.002346960975   0.000910931652  -0.000863806731
  0.002318617671  -0.000982946616  -0.001139314144
 -0.010552047147  -0.000046555883   0.001803414222
  0.001907301066   0.000067329011   0.000502405778
  0.002130772710  -0.000614683634   0.000266710202
 -0.006079106289   0.000302442178   0.001882129007
  0.000104798091   0.000572904739  -0.000247869777
  0.000765749392  -0.000408510672  -0.000118666571
 -0.007256375528  -0.000185946674   0.008299422080
 -0.001543231415   0.000287707133   0.000097988541
 -0.000009849566  -0.000133321038   0.000221094081
 -0.000093982933   0.000157507468   0.000022709745
  0.000074845213   0.000036952504   0.000426706151
  0.001141372572   0.000160053115   0.001095606956
  0.001260800232  -0.000137475748   0.001206768827
 -0.000032256876  -0.000167807768  -0.000627429750
  0.001076328539  -0.000654353540  -0.001326890849
  0.001021383914   0.000425533622  -0.001524327193
  0.000074361338   0.000076710785   0.000878899810
  0.000260345425  -0.000196374163   0.000449582266
  0.000068864644   0.000176278447  -0.000847675479
  0.000035957029   0.000134282453  -0.000525066929
  0.000284653897  -0.000266915621  -0.000302460541
 -0.000346884636  -0.000060433795   0.001146866865
  0.000309127578   0.000302544149   0.000323892970
  0.000380054500  -0.000200065362   0.000175699079
 -0.001127358103   0.000031564564   0.000055297511
 -0.001211321751  -0.000765563832   0.000300252636
 -0.001675293107   0.001636087011   0.000560068326
  0.004010034781  -0.001538722838   0.004994147251
 -0.001290661000   0.001974754373  -0.000392634111
 -0.001608124160  -0.001922479314  -0.000112734792
  0.003618738366   0.000528010623  -0.006406097896
  0.001879184003  -0.000093477481  -0.000118610641
  0.002409287924   0.000188190627  -0.000443824247
  0.004746058501   0.000518763868  -0.008928612973
 -0.000098130324   0.000167450993  -0.000286511728
 -0.000133682884  -0.000201205095  -0.000101878507
  0.000484970950  -0.000002689231   0.000343958093
  0.000022353509  -0.000388670198   0.000223480666
 -0.000003295176   0.000422683576   0.000075656617
  0.000555393558  -0.000019648036  -0.000538375106
  0.000127052588   0.000056501465  -0.000207678249
 -0.000020147650  -0.000034221944  -0.000160269096
 -0.000333620423  -0.000113115871  -0.000132022373
   36    2  0.0000  0.0150  0.0000
  0.000439532757   0.002423335403  -0.000837030109
 -0.001137375167   0.002900034723   0.000680236375
 -0.000279758503   0.000680245307   0.000291398140
  0.000536508022   0.001498469428  -0.001175543913
 -0.000045786081   0.002144790540   0.000164074176
 -0.000310740943   0.000285406779  -0.000003854456
  0.000321960279  -0.007829033740   0.000376382143
 -0.000019789971  -0.008607230454   0.001227272975
 -0.000140588010  -0.008067684665  -0.003118845581
  0.000220205271  -0.001520200998  -0.000141110929
  0.000251736123  -0.000028361118   0.000587693342
 -0.000287409588   0.000073210135  -0.000555608632
  0.000101581742   0.000329026269   0.000163582415
  0.000237727164   0.001139558083   0.000665831009
 -0.000328142868   0.001059247704  -0.001154363110
 -0.000107846306  -0.000259240453   0.000082460292
 -0.000310705055   0.001041763366   0.001230088290
  0.000273088972   0.001168169170  -0.001764145487
 -0.000017961990   0.000096814403   0.000872377357
 -0.000048465507   0.000083806906  -0.000664781229
 -0.000106997966   0.000424309722  -0.000082616306
 -0.000034949103   0.000176492563   0.000346331363
 -0.000105086770   0.000186145058  -0.000332833682
  0.000188108591   0.000175767778  -0.000147621638
  0.000328827620  -0.000143223378  -0.001130583776
 -0.000065962003   0.000180219562   0.000882780123
 -0.000034479193  -0.001050507986  -0.000090516885
 -0.000851095281  -0.001432179064   0.000722734840
  0.002443405688  -0.001253123341   0.000266417689
  0.001917259258   0.001740624907   0.000338258788
  0.000975618916  -0.001582866454   0.001272097149
 -0.002135746998  -0.001204781179   0.000373006895
 -0.001517338589   0.002128616682   0.000328378847
 -0.000932268255   0.004793071542   0.004176017987
  0.000268458270   0.002675971668  -0.007922726277
  0.000490612474   0.005299139450   0.004460281816
  0.000427118460   0.000065285358  -0.000333893355
 -0.000163642586  -0.000238387130   0.000233364600
 -0.000214379445   0.000175710293   0.000091816091
 -0.000391729932   0.000091449054  -0.000196571157
  0.000290929438  -0.000125986346  -0.000020953437
  0.000161332115   0.000032339133   0.000063006320
 -0.000038932050   0.000172593378   0.000471006539
 -0.000185931630   0.000491954175  -0.000439154227
 -0.000060901373  -0.000390762230  -0.000254141372
   36    3  0.0000  0.0000  0.0150
  0.000905295626   0.000912453585   0.000222287943
  0.001104847761  -0.001365788827   0.000288246772
  0.003474275282   0.000074154611  -0.002245438106
 -0.001561973970   0.001362291727   0.000014581658
 -0.000872898114  -0.000596649946   0.000843606824
 -0.001241003945   0.000031988883  -0.001905885357
  0.000001593636   0.001854038935  -0.001347548633
  0.000065966362  -0.002640203232  -0.002923609258
  0.007462066867  -0.007179623688   0.146429873133
  0.000235289214   0.000000666935   0.000377433949
  0.000067147346   0.000078399893  -0.000416638353
  0.000197891803  -0.000120606342  -0.000042509030
  0.000067146314  -0.000171656295  -0.000416500362
 -0.000089662319  -0.000009286393   0.002087097559
 -0.000379297018   0.000363017890   0.001404412929
 -0.000100712427  -0.000085338565  -0.000118043321
 -0.000223139649   0.000145921764   0.002685060049
 -0.000005351028   0.000078119228   0.001997660403
  0.000136287241   0.000241990040  -0.000196088800
  0.000382145926  -0.000223984036   0.000194543904
  0.000910177117  -0.000086423696   0.000692953657
 -0.000175020760   0.000266212989   0.000249090723
 -0.000384414712  -0.000211661660   0.000093089392
 -0.001015603787   0.000032988960   0.000317371725
 -0.000057758510   0.000808811343   0.000660834184
 -0.000002238578  -0.001004902863   0.000478789370
  0.000167037617   0.000022140051   0.000554341744
 -0.000429101019  -0.000662620403  -0.001460419731
 -0.000851432526   0.000394256740  -0.001966978946
 -0.005912550731   0.000298989292   0.001577770271
  0.000662715559  -0.001152207538  -0.001306733322
  0.000344213669   0.000086287899  -0.002347836066
  0.006081738975  -0.000159904965   0.001848429441
  0.000070956501  -0.004303598216   0.000982876527
 -0.000092397162   0.008233466051   0.002760876528
 -0.008986180539   0.004424434637  -0.152017476620
 -0.000315711649  -0.000197854037   0.000259088821
 -0.000209333697   0.000243237526   0.000087257464
  0.000426864871  -0.000034005292   0.000054089322
  0.000313949532  -0.000127920923   0.000056055784
  0.000111497002   0.000158110906   0.000082278980
 -0.000458936803   0.000003700283   0.000235164160
 -0.000029142252   0.000479656317  -0.000085278845
 -0.000015014011  -0.000520100145   0.000186678681
  0.000219770985   0.000259000581   0.001075142855
   37    1  0.0150  0.0000  0.0000
 -0.001070668075   0.000007376256   0.000004497436
  0.000406557481   0.000109600785  -0.000025380116
  0.000106041975  -0.000057443473   0.000067622072
  0.000190645401   0.000117490132   0.000892165043
  0.000255186468   0.000118364578  -0.000348750305
 -0.000000111505  -0.000025092315  -0.000827169094
  0.000025763636  -0.000040890951  -0.001146542770
  0.000302302694  -0.000111869403   0.000507594532
 -0.000005965352  -0.000077981985   0.000735952285
  0.000975760219   0.000244607495   0.001031953753
 -0.000019137851   0.000074084136   0.000657076383
  0.001194922707  -0.000486097656   0.001078797070
 -0.000041286791   0.000105033946  -0.000047436335
 -0.001581923968   0.000019929761  -0.000147019886
  0.000137736742  -0.000177341801   0.000127203648
  0.001030299848  -0.000142170155  -0.000992346838
  0.000119776995   0.000080812937  -0.000585882703
  0.001276633462   0.000318036162  -0.000929269469
 -0.009291819590   0.000408454860  -0.006094658931
  0.000912244923   0.000360836142  -0.000003265293
  0.000111880146   0.000041305620  -0.000027186068
 -0.008914761426   0.000090295925   0.000426096700
  0.003070447896   0.000720194920   0.000644399331
  0.002091547600  -0.000418924217   0.000661116675
 -0.006017562643  -0.000213428018  -0.001824474798
  0.002347011709   0.000050708823  -0.000999329513
  0.001742192801  -0.000295003518  -0.000876898865
 -0.000458591735   0.000009524502  -0.000188285596
  0.000045321103   0.000059049680   0.000068679045
  0.000272325292  -0.000067245531   0.000017684078
  0.000611133569  -0.000181977625  -0.000519828948
 -0.000132160775   0.000348727645   0.000052373968
 -0.000000649934  -0.000270075997   0.000327030724
  0.000228869128   0.000116453098   0.000563164263
 -0.000133696556  -0.000407812603  -0.000161900672
 -0.000097573031   0.000433120424  -0.000420373252
  0.006562761042  -0.000697870603   0.007009257949
  0.002217415813  -0.001104237962   0.000257258166
  0.001929649422   0.000782813878   0.000276699407
  0.002307509622   0.001319309434  -0.007460687940
 -0.001724540233  -0.002499147333  -0.000157296201
 -0.001376628318   0.001593884956  -0.000084593159
  0.003511875094  -0.001330070436   0.006584102665
 -0.001778220352   0.002387379340   0.001097641618
 -0.001338514654  -0.001312713857   0.000780209939
   37    2  0.0000  0.0150  0.0000
 -0.000019036482  -0.000956586061   0.000025271763
  0.000084595477   0.000100574094   0.000674892682
 -0.000100094475  -0.000099299353  -0.001151456176
  0.000116012251   0.000418184759  -0.000027424382
  0.000142786524   0.000211945852  -0.000421674733
 -0.000005497616   0.000251040496   0.000324190013
 -0.000140643021   0.000090218955  -0.000273905169
 -0.000014035323  -0.000035243575  -0.000626426693
 -0.000127862202   0.000004738683   0.000645799422
  0.000381338483   0.000977904152   0.001260735365
  0.000107001627  -0.000128143009   0.000043008489
 -0.000076168961   0.000949586961  -0.001069027398
 -0.000053181658  -0.000038086935   0.000609930485
 -0.000127371102  -0.001496404200  -0.000122115064
 -0.000002629260   0.000086351498  -0.000366117053
 -0.000433057302   0.001142616381   0.001255077692
 -0.000101670014   0.000066426774   0.000036500945
  0.000201509280   0.001187879038  -0.000921404570
  0.000304661156  -0.008300861196  -0.007511000834
 -0.000025580952  -0.009986603130  -0.000736252369
 -0.000033557368  -0.006315221837  -0.001658511980
  0.000294334635   0.000817769292  -0.000012095353
  0.001002679836   0.002717675231   0.000790510554
  0.000131590903   0.002203077793  -0.000911639210
 -0.000197832270   0.000100517193  -0.000212235153
 -0.000812747226   0.002139769688   0.000498738695
 -0.000285555992   0.001410420783  -0.001020948580
 -0.000038980215  -0.000467890097  -0.000213183068
 -0.000069814623   0.000580795736  -0.000368758510
  0.000195914663   0.000149718037   0.000533417758
  0.000141916968  -0.000070845460   0.000049350237
  0.000204729244   0.000015851514   0.000101457512
 -0.000361903792  -0.000033409920   0.000014244707
 -0.000088126834   0.000179938493   0.000187398768
 -0.000227372627  -0.000072402348   0.000178841992
  0.000165769375   0.000070040482  -0.000218633936
 -0.000735950424   0.006095869036   0.008332918538
  0.001493770177   0.003559986634  -0.006213298795
 -0.001013011851   0.004042361948   0.005882250142
 -0.000882614309   0.002116417468   0.000434151074
 -0.002041533436  -0.001429677581   0.000162515357
  0.001827747445  -0.001704033894   0.000762799284
  0.000842109889   0.001806372421   0.000325571203
  0.001425271342  -0.000976712552   0.000227289976
 -0.001047909936  -0.001382628245   0.000699246370
   37    3  0.0000  0.0000  0.0150
 -0.000115592406  -0.000195697728   0.000442332460
  0.000087339910  -0.001179678225   0.000512937223
  0.000168846773   0.000685231831   0.000595298425
 -0.001127650777   0.000162769529   0.000525268423
 -0.000319385756  -0.000159149360   0.000242863865
 -0.000133427506   0.000442673299   0.000053874673
  0.000830579533   0.000146783306   0.000640775365
  0.000330573334  -0.000147462509   0.000023014880
  0.000286091068   0.000238714777  -0.000019527966
  0.000183988829   0.000082337407   0.002861383629
  0.000084237846  -0.000110939260  -0.000157990614
  0.000011046417   0.000143780401   0.002091844562
 -0.000062707952  -0.000043357918  -0.000133872672
 -0.000004464261  -0.000063245625   0.000438737225
 -0.000066820748  -0.000139922704  -0.000304431703
  0.000071247071   0.000003137709   0.002135355796
 -0.000270538135  -0.000029005882  -0.000314577065
  0.000262585343   0.000349042396   0.001334129537
 -0.007576458804  -0.008206447956   0.145695019944
  0.000177320972  -0.003353701745  -0.002669595811
  0.000122442139   0.001408543410  -0.001941115218
 -0.002996726856   0.000065726380  -0.002611763517
 -0.001159205851  -0.001162949054   0.000418964336
 -0.001122101221   0.001061808701   0.000221025564
  0.001256045846  -0.000003334941  -0.001762070554
  0.001019236691  -0.001057366881   0.000382616985
  0.001233222352   0.001360497177   0.000136375563
  0.000237118412   0.000170669776   0.001080491363
 -0.000066557246  -0.000328860720   0.000137439816
 -0.000138773104   0.000614452503  -0.000009961469
 -0.000447107860  -0.000219918276   0.000226774794
  0.000207802023   0.000110413166   0.000022686838
  0.000269220260  -0.000124946040   0.000169786581
  0.000452774432  -0.000153548514  -0.000020920768
 -0.000115999157   0.000302259674   0.000168803214
 -0.000281156159  -0.000344302492   0.000247799603
  0.007045009938   0.008334412980  -0.151456104043
  0.000612720169   0.006844121581   0.002211845141
  0.000424361735  -0.005306796948   0.001693202506
  0.008054297045   0.000558412764   0.002333553239
  0.000715883776   0.000050389029  -0.002555578956
  0.000543975115  -0.000611741955  -0.001790018539
 -0.006137290537   0.000490836941   0.001702682480
 -0.001430018169   0.000033386704  -0.001844753166
 -0.001115984523  -0.000718026708  -0.001154601968
   38    1  0.0150  0.0000  0.0000
  0.000323108976  -0.000349182616   0.000008305672
 -0.000561020979  -0.000104626429  -0.000159367947
  0.000482901602   0.000198390349  -0.000134920642
  0.000010614697   0.000025881623  -0.000610471281
  0.000213475304   0.000149470873   0.001113685211
  0.000031968979   0.000081238554  -0.000794844367
  0.000011762087  -0.000026399891   0.000667564954
 -0.000129796243  -0.000259900051  -0.001377104494
  0.000155229769  -0.000130467066   0.000839066892
  0.001098688901  -0.000663404732   0.001300781787
  0.001150258644   0.000489718379   0.001638229569
  0.000120357654  -0.000149899171   0.000684691121
  0.000273612900  -0.000206561697   0.000213504415
 -0.000184051223   0.000178729628  -0.000008700311
 -0.001487747687  -0.000017555446  -0.000193418514
  0.001030098681   0.000458057001  -0.001431424306
  0.000988470932  -0.000192735976  -0.001742181507
  0.000211508492   0.000112212545  -0.000591560009
  0.000430622488   0.000098818007  -0.000192020654
 -0.005095184751   0.000290006217  -0.009337485484
  0.000528815780   0.000599715103   0.000099453467
  0.002179173596  -0.000321605454   0.000511756030
 -0.010741458453   0.000249962396  -0.001181498996
  0.002858361739   0.001385991772   0.000576449016
  0.001628573078  -0.000875219065  -0.000860759969
 -0.007595907123  -0.000311538465  -0.000115125293
  0.002140731888   0.000140247023  -0.000888310111
  0.000055804229  -0.000124770228   0.000015585194
 -0.000591062107   0.000168557473  -0.000230225812
  0.000016692306   0.000246001415   0.000113681175
 -0.000084450556  -0.000260420535   0.000181805664
  0.000459071596  -0.000023129272  -0.000526863727
 -0.000148660126   0.000315143173   0.000250799569
  0.000049951224   0.000292291192  -0.000163352944
  0.000215541387   0.000123992297   0.000530425429
 -0.000133276811  -0.000165915474  -0.000202272843
  0.002220018439   0.001504911839   0.000522294451
  0.005303319947  -0.000649903739   0.010705142445
  0.001867793156  -0.001727122856   0.000532429212
 -0.001167658413   0.001745591558   0.000343038917
  0.002698975344  -0.001030201698  -0.006409618061
 -0.001379057346  -0.001788704596   0.000273903415
 -0.001775407785  -0.001694886474   0.000884953669
  0.003858953581   0.000760065833   0.004283148077
 -0.001539717794   0.001459156683   0.000860831920
   38    2  0.0000  0.0150  0.0000
 -0.000177826534  -0.000103526861  -0.000897320488
 -0.000069917464  -0.000928844231  -0.000109663725
  0.000073000485  -0.000098200059   0.000754810566
 -0.000152425285   0.000210206945   0.000345192338
  0.000077026768   0.000416189776   0.000079267344
  0.000234125741   0.000231830040  -0.000386688648
 -0.000068463872   0.000099467084   0.000567323510
 -0.000114485514   0.000273551322  -0.000115137738
 -0.000096440010   0.000078962184  -0.000669251886
 -0.000073167351   0.001048871933  -0.001140686655
  0.000313471560   0.001054875265   0.001380365256
  0.000220182539  -0.000087367391  -0.000031342561
 -0.000045666956   0.000035858025  -0.000472920256
 -0.000054351956  -0.000007870320   0.000508379269
 -0.000093694409  -0.001345986994   0.000029687827
  0.000088070110   0.001179274260  -0.001047169443
 -0.000229698188   0.001128716341   0.001145985374
 -0.000094452731   0.000053805629  -0.000097454687
 -0.000115359101  -0.006215007825  -0.002018236125
  0.000376930863  -0.008036087819  -0.005211643489
  0.000207968371  -0.008814633111  -0.000377146121
  0.000021995853   0.002468989851  -0.000589641304
  0.000453048936   0.000944557924   0.000034664048
  0.000952515058   0.002425450093   0.001019932723
 -0.000380953536   0.001707704118  -0.000583835967
 -0.000305767669   0.000159467533   0.000097164242
 -0.000298077358   0.001866701987   0.000828899510
  0.000177939657   0.000465137100   0.000417026488
  0.000042103268  -0.000340854061   0.000043721635
 -0.000100454616   0.000515074693  -0.000410204272
 -0.000289500780  -0.000095671964  -0.000033850202
  0.000022824657   0.000067246311   0.000050727512
  0.000358034219  -0.000093986090   0.000118390765
  0.000337926089  -0.000131051898  -0.000256203587
  0.000066642228   0.000239467652   0.000100090502
 -0.000205139470  -0.000244021410   0.000253127493
 -0.001111459569   0.003571427777   0.006772135810
 -0.000701262028   0.002925376611   0.005617151928
  0.000860128339   0.004502916306  -0.005778235813
  0.002319330345  -0.001249054899   0.000164670511
  0.000020042682   0.002174866532   0.000235247328
 -0.001676927254  -0.001501486257  -0.000351012792
 -0.001746486941  -0.001064003431   0.000128082926
 -0.000097852291   0.001651417448   0.000035254236
  0.001076523114  -0.001139756120  -0.000149653382
   38    3  0.0000  0.0000  0.0150
  0.000143668750   0.000813477606   0.000351009557
 -0.000041406636  -0.000138738641   0.000424925384
  0.000147119066  -0.001072376652   0.000628146041
 -0.000117550360   0.000280395563   0.000000343880
 -0.000891041248   0.000075129813   0.000432243549
 -0.000192975263  -0.000350941251   0.000023760341
  0.000263051004   0.000175075268   0.000160534262
  0.000640156685   0.000211132681   0.000616539284
  0.000160482043  -0.000044704862  -0.000015361493
 -0.000121776113   0.000094522394   0.002309143559
  0.000062908601   0.000112765205   0.002779073259
 -0.000048738023   0.000006921814  -0.000355472128
 -0.000145491434  -0.000160953433  -0.000473511508
 -0.000106646984   0.000099153860  -0.000176906658
 -0.000040026679  -0.000178973435   0.000312313487
  0.000614314977   0.000439797036   0.001184402036
  0.000364899449  -0.000210736513   0.001596179027
 -0.000119095704   0.000023101319  -0.000428535108
  0.000162176309   0.001280188603  -0.001728103762
 -0.012025328325  -0.004961985371   0.145253033906
  0.000147799519  -0.002692320216  -0.002095116409
 -0.000871627301   0.000996080181   0.000993593542
 -0.003702186416  -0.000001252834  -0.002268732774
 -0.001035480543  -0.000972490116   0.000598314154
  0.001011825576   0.001290168712   0.000719003156
  0.001243065329   0.000034996864  -0.000637233175
  0.001173109207  -0.000879769964   0.000549194604
  0.000027470170   0.000597370618   0.000274919479
  0.000260661512  -0.000056705099   0.001170952888
 -0.000022059223  -0.000278369999   0.000129598519
 -0.000048972890  -0.000040355427   0.000152714203
 -0.000579242738  -0.000072294654   0.000191874634
  0.000045817136   0.000143658697   0.000063506629
 -0.000149584456  -0.000300388427  -0.000001218197
  0.000481508074  -0.000137854643  -0.000136771783
 -0.000087855371   0.000233889375   0.000066828559
  0.000258815252  -0.006242489637   0.002221087438
  0.010727476982   0.005589860034  -0.151055310480
  0.000381136681   0.005848228783   0.001714253614
 -0.000122013793   0.000305283246  -0.002479583729
  0.007634046490   0.000019732412   0.001815186364
  0.000461425240   0.000206570650  -0.002058306973
 -0.000667517826   0.000276237900  -0.001786994818
 -0.004321144468  -0.000062662258   0.000493552642
 -0.000955172259  -0.000297375202  -0.001529069000
   39    1  0.0150  0.0000  0.0000
  0.000497734013   0.000153479899  -0.000142157074
  0.000287215361  -0.000195340656  -0.000010621039
 -0.000977965094  -0.000108231667  -0.000064089112
  0.000079979109   0.000017854103  -0.000625109900
  0.000102978995  -0.000007962885  -0.000351018902
  0.000016395279   0.000099404755   0.000932867479
  0.000053272714   0.000207800994   0.000865518994
  0.000181055628   0.000042786097   0.000420414916
 -0.000358050225  -0.000037964052  -0.001096967643
 -0.000070998774  -0.000140030731   0.000547080544
  0.001074843613  -0.000457105710   0.001317705472
  0.001149979288   0.000491230553   0.001666231517
 -0.001495177512  -0.000085509438  -0.000167119852
  0.000127464810  -0.000232752224   0.000163774137
 -0.000162592791   0.000126074702  -0.000004518981
 -0.000001347028   0.000229307190  -0.000509680950
  0.001161478357   0.000270761577  -0.001189034325
  0.001109586402  -0.000232228586  -0.001700335641
  0.000606730252   0.000274402633  -0.000020475597
  0.000502416251  -0.000167285261  -0.000170541090
 -0.006557985058  -0.000015810461  -0.006130727862
  0.002479646455   0.001034980080   0.000681165075
  0.002396988645  -0.000545589061   0.000390286478
 -0.010400815883   0.000051997657  -0.001330457315
  0.002087793292  -0.000187257640  -0.000668538417
  0.001834984011  -0.000489802778  -0.000818129455
 -0.007752876747  -0.000250716938  -0.000256251271
  0.000182737412   0.000192386631   0.000164760820
 -0.000001571231  -0.000120481640   0.000011492636
 -0.000373845702   0.000031189812  -0.000164351186
 -0.000183301094   0.000274964054   0.000261461478
 -0.000083409774  -0.000298785699   0.000046607628
  0.000505045307   0.000074473530  -0.000468490987
  0.000020131290  -0.000360101627  -0.000316500514
  0.000062796285   0.000225401097  -0.000082274649
  0.000487675000  -0.000212272018   0.000434335093
  0.001927673623  -0.001025727866   0.000451847490
  0.001872443721   0.000873250846   0.000281903361
  0.003928158324  -0.000310925356   0.006911650772
 -0.001147653872  -0.001726428150   0.000224543988
 -0.001397203693   0.001362252318   0.000010541820
  0.004370265530   0.000250141661  -0.005338147923
 -0.001436781094   0.001297007078   0.000309722467
 -0.001576221372  -0.001341305807   0.000910904493
  0.004870327979   0.000968468984   0.004620723027
   39    2  0.0000  0.0150  0.0000
  0.000109162003   0.000096293390   0.000801655350
 -0.000077769095  -0.000149198573  -0.001100167354
  0.000043189399  -0.001027243616   0.000032898679
  0.000275308795   0.000156464748  -0.000579872321
  0.000072267054   0.000176098402   0.000254139427
  0.000108394648   0.000374316348  -0.000058742505
  0.000042778433   0.000044803689  -0.000790256230
 -0.000200796417   0.000120952734   0.000671446643
 -0.000288495116   0.000288506323  -0.000173149935
 -0.000071900736  -0.000092114677  -0.000162088798
 -0.000271175330   0.001104677994  -0.001213639032
  0.000433130432   0.001027253247   0.001405986588
 -0.000046215241  -0.001488984325  -0.000220735827
  0.000074590393   0.000113200030  -0.000493833372
  0.000004504975  -0.000020284865   0.000566755184
  0.000082802237   0.000057528885  -0.000099369026
  0.000285992172   0.001254732568  -0.001259950486
 -0.000411144540   0.001151173119   0.001363956270
  0.000228480675  -0.009744458310  -0.000931752795
  0.000089827167  -0.006946864084  -0.000795177000
  0.000230198768  -0.007424698892  -0.004627736983
  0.000709614700   0.002577375398   0.001112095859
  0.000095463592   0.002506980009  -0.000297755527
  0.000300049897   0.000878675257   0.000348197276
 -0.000504749835   0.002074674985   0.000842763013
 -0.000099459050   0.001874561249  -0.000358707717
 -0.000275158811   0.000144915911   0.000210583049
 -0.000115481616   0.000524301040  -0.000287243155
  0.000170252512   0.000236101974   0.000569360206
  0.000090709797  -0.000329392217   0.000022508521
  0.000156371159   0.000093124164   0.000146277046
 -0.000451029809  -0.000094127479  -0.000010011164
 -0.000014106320   0.000017416498   0.000011033144
 -0.000256858523   0.000005948741   0.000272367959
  0.000264296074  -0.000240119801  -0.000297225086
  0.000003630517   0.000172385020  -0.000014071126
  0.000771812495   0.004017729592  -0.005281008523
 -0.001726000728   0.004508864904   0.005769405730
 -0.000360381334   0.003648434456   0.004947963032
 -0.001852615056  -0.001569748865  -0.000541802065
  0.002179484522  -0.001584543536   0.000375118932
 -0.000115208965   0.002157823363   0.000088527711
  0.001262555898  -0.001264386440  -0.000347699604
 -0.001177606427  -0.001291074892   0.000155031936
  0.000231284636   0.001861926532  -0.000026075927
   39    3  0.0000  0.0000  0.0150
  0.000089270238  -0.000879368864   0.000653552256
  0.000191337862   0.000935457477   0.000361958452
 -0.000091797579  -0.000050239577   0.000592720071
 -0.000282742324  -0.000262621614   0.000136880985
 -0.000117645284   0.000320945753   0.000117094402
 -0.001058851925   0.000090450641   0.000374042401
  0.000268938377  -0.000246158094  -0.000006454986
  0.000348656389   0.000141343505   0.000146548012
  0.000836582624  -0.000077376006   0.000546474318
 -0.000052639673  -0.000124205144  -0.000256311882
 -0.000052567857   0.000079740731   0.002167396354
  0.000107969695   0.000018621556   0.002581254928
  0.000003333224  -0.000083340616   0.000374828746
 -0.000131746836  -0.000064769069  -0.000291011761
 -0.000018929498   0.000068744571  -0.000151061602
 -0.000117845371  -0.000057237069  -0.000256678891
  0.000246776717   0.000275908348   0.001605019827
  0.000183148901  -0.000015773241   0.001926509434
  0.000133543105  -0.002673843150  -0.002058641762
  0.000129730710   0.001609159487  -0.002045395557
 -0.007386928774  -0.003999252227   0.147717899842
 -0.001132606221  -0.001111280061   0.000292212579
 -0.001140327847   0.000979806076   0.000405269677
 -0.003225685937  -0.000018981571  -0.002421236739
  0.001083490173  -0.000971929369   0.000298856683
  0.001073904211   0.001265717609   0.000092062192
  0.001517085091  -0.000082052664  -0.001684843052
  0.000024457675  -0.000436318768   0.000042076816
 -0.000081268320   0.000476591235   0.000137848021
  0.000204319561  -0.000160293037   0.001051373807
  0.000215221441   0.000145227994   0.000134159158
  0.000091767660  -0.000118139750   0.000112972735
 -0.000463669366  -0.000035732860   0.000243642823
 -0.000261334792   0.000296584062   0.000145617048
 -0.000344542675  -0.000164371001   0.000078949767
  0.000346919446   0.000087346777   0.000042006930
  0.000303501835   0.005961266971   0.001714210099
  0.000502221546  -0.005822817916   0.001712944894
  0.006929216827   0.004916007783  -0.153117885113
  0.000023638247   0.000837034903  -0.001881249268
  0.000650229978  -0.000790102698  -0.001967027538
  0.006321661011   0.000033106588   0.001915373161
 -0.000333068480   0.000545795619  -0.001487062139
 -0.001103386140  -0.000608472692  -0.001313414709
 -0.004429337644  -0.000230180628   0.001216518583
   40    1  0.0150  0.0000  0.0000
  0.000034517961  -0.000108599950  -0.001018360343
  0.000180999678  -0.000203273760   0.000298450183
  0.000068522263  -0.000165657343   0.000584407935
 -0.000940623445  -0.000069914696   0.000051521366
  0.000421128837   0.000005277460   0.000125514223
  0.000206888278   0.000202783926   0.000019753943
 -0.000105787902   0.000135640525   0.000881760731
  0.000213915029   0.000158763506  -0.000498816822
 -0.000048920289  -0.000076420170  -0.000658022214
  0.001099182946  -0.000301811403  -0.000886511023
 -0.000027416540  -0.000029353159  -0.000540667302
  0.001171899450   0.000139065799  -0.000835544324
  0.001021271928   0.000230319508   0.001536223920
  0.000113358512  -0.000069383235   0.000595975598
  0.001222951906  -0.000213989895   0.001378531244
 -0.000177904760  -0.000065850390   0.000137994573
 -0.001506040489   0.000072063323   0.000083194954
  0.000066877003   0.000132098227  -0.000247661800
 -0.007477418992  -0.000091570493  -0.001881239671
  0.002454447598  -0.000599886308  -0.000849148808
  0.001907488571   0.000163615562  -0.000709440566
 -0.008430812206  -0.000125305481   0.000867841601
  0.000782822989  -0.000015724589  -0.000186678101
  0.000087198946  -0.000196795141  -0.000257231496
 -0.008163508469   0.000060163789  -0.000203357172
  0.002160717595   0.000118607526   0.000864618261
  0.001706843282  -0.000108923721   0.000916324816
  0.000609331633   0.000186686541   0.000480854464
 -0.000176456072  -0.000221086303  -0.000007252099
 -0.000119261472   0.000329372385  -0.000230982551
 -0.000412389961  -0.000047174504   0.000209845894
  0.000018414108  -0.000177542944  -0.000012301609
  0.000198092870   0.000154173362  -0.000010419605
  0.000427208276  -0.000089420575  -0.000403955824
  0.000030105512   0.000351127503   0.000175725714
  0.000013000347  -0.000391057909   0.000289493510
  0.002304892440  -0.000891564685   0.007970462420
 -0.001190784455   0.002280581498  -0.000121384748
 -0.001136800768  -0.001844155983  -0.000104134126
  0.005916337712   0.000338168155  -0.001673581092
  0.002475082220   0.001114452511  -0.000331773611
  0.001912078607  -0.001025846219  -0.000036917079
  0.003995511928   0.001558391294  -0.004904018844
 -0.001581879764  -0.001632429879  -0.000433109766
 -0.001325082841   0.001031386336  -0.000425984754
   40    2  0.0000  0.0150  0.0000
 -0.000229968925   0.000182557427  -0.000043506462
 -0.000051791648   0.000053500379  -0.000552636677
  0.000065285590   0.000051719275   0.000825031215
 -0.000066028684  -0.000655900054  -0.000059522703
  0.000084829852   0.000380677121   0.001112531908
 -0.000100241813   0.000044193040  -0.001232871375
  0.000193154293   0.000310564160  -0.000298918761
  0.000066650181  -0.000016038762  -0.000511212625
 -0.000134146972   0.000107090314   0.000631547161
 -0.000556805880   0.001126515852   0.001286435642
 -0.000224697453   0.000134649445   0.000121441425
  0.000260387146   0.001163472829  -0.001104866529
  0.000453639021   0.000952490043   0.001148502058
  0.000109567401   0.000091154018  -0.000046023571
 -0.000083373372   0.000980159779  -0.001114858717
 -0.000017007704   0.000100356463   0.000800537906
  0.000109755393  -0.001486288893  -0.000241533670
 -0.000035653062   0.000255647620  -0.000543735513
 -0.000068466863   0.000470825311  -0.000229131818
 -0.000621829914   0.002311856517   0.000507878382
 -0.000437632898   0.001917656517  -0.001008860959
 -0.000277989859  -0.007956300156  -0.007959848482
 -0.000206193960  -0.009283108566  -0.000004169863
  0.000294551581  -0.005961487006  -0.001592274959
  0.000185422968   0.000418399926   0.000065184859
  0.000505320657   0.002679853689   0.000403972885
  0.000493731518   0.001905749374  -0.001183034493
 -0.000204627614   0.000023830257   0.000077143138
 -0.000245429284  -0.000109688489   0.000149394409
  0.000212572357   0.000127189944  -0.000170041026
  0.000096673482  -0.000722838972  -0.000239693288
 -0.000045226993   0.000452977728  -0.000589492685
  0.000124788647   0.000244276101   0.000605690382
  0.000206410768  -0.000068847498   0.000149363028
  0.000342957881  -0.000047436546   0.000084469130
 -0.000386682198   0.000088700754  -0.000128500572
  0.001344279881   0.002112030463   0.000565324579
  0.001748444773  -0.001244443443   0.000309458794
 -0.001722646838  -0.001567503765   0.000805126798
  0.000303295713   0.006304861195   0.009066322316
  0.000641459651   0.001527552708  -0.007636433581
 -0.000860141852   0.003403620564   0.006078005951
 -0.001206618401   0.001916482334   0.000292012578
 -0.002333297015  -0.001099157689   0.000229848655
  0.002273320447  -0.001621571309   0.001175945132
   40    3  0.0000  0.0000  0.0150
  0.001002529840   0.000025380350   0.000517348214
  0.000293837739  -0.000209919651  -0.000122037670
  0.000206082642   0.000264895010  -0.000129950626
 -0.000092230481  -0.000152224172   0.000263004264
 -0.000025788263  -0.000848631485   0.000469522622
  0.000107140307   0.000711638513   0.000571572824
 -0.000991419366   0.000155459667   0.000593195106
 -0.000280187170  -0.000045543606  -0.000108180521
 -0.000134777633   0.000166430053   0.000104464563
 -0.000004145564   0.000134895610   0.002561723540
 -0.000149733932  -0.000160604974  -0.000472148082
  0.000178125164   0.000361586397   0.001669320438
 -0.000105018238  -0.000139032351   0.002148703524
  0.000136883971  -0.000181460097  -0.000224487515
 -0.000409317871   0.000543563813   0.001266813591
 -0.000002366751   0.000104720675  -0.000368612470
  0.000005991006  -0.000079028642   0.000389734179
  0.000118182806  -0.000237308183  -0.000444642766
  0.002287166826  -0.000027790517  -0.002226154304
  0.000913239802  -0.001124485574   0.000967950225
  0.001009386222   0.000910710602   0.000897211442
  0.003952093156  -0.009944451900   0.147133953630
  0.000007817288  -0.003121750508  -0.002008675932
  0.000033301565   0.001146642402  -0.001073810647
 -0.002092584236   0.000101347078  -0.000987692390
 -0.001164378796  -0.000728945131   0.001192707509
 -0.001273403751   0.001307010705   0.000612520503
  0.000491114824   0.000056896219   0.000213191755
 -0.000157230481   0.000049191128   0.000170565643
 -0.000254786080  -0.000170464603   0.000124484228
 -0.000164903439   0.000236647449   0.001182014598
 -0.000044960850  -0.000543418226   0.000132309591
 -0.000113143744   0.000487987555  -0.000082207629
 -0.000353846568  -0.000028626638   0.000070156115
  0.000203386414   0.000076955668   0.000139113329
  0.000214337206  -0.000204031057   0.000037236095
 -0.007548915844   0.000421058433   0.002347182309
  0.000319029566   0.000178807789  -0.002482852221
  0.000224176195  -0.000558284209  -0.001909735597
 -0.001670606222   0.009056556280  -0.153182506154
  0.000454437588   0.008367341208   0.002155957298
  0.000413602824  -0.005399495640   0.001176426839
  0.005021341543   0.000339786867   0.001088976032
 -0.000489776198  -0.000376717169  -0.002722364629
 -0.000069683015  -0.000923295136  -0.001651300856
   41    1  0.0150  0.0000  0.0000
  0.000223345051   0.000020875708   0.000482593504
 -0.000086814948  -0.000145995880  -0.000966204812
  0.000072465456  -0.000403074433   0.000589223207
  0.000297835146  -0.000233792031  -0.000144679564
 -0.000705706471  -0.000037680972  -0.000050621887
  0.000355424889   0.000202515875   0.000008235462
  0.000165814456  -0.000195272280  -0.000399132462
  0.000157580740   0.000191583759   0.000929104579
  0.000018135381   0.000238865271  -0.000717504821
  0.001041747549   0.000045745570  -0.000811642880
  0.001003710915  -0.000159375727  -0.000878261105
  0.000104393545   0.000108486689  -0.000563482098
  0.001088750387  -0.000184206910   0.000624364374
  0.001010788357   0.000158355781   0.000916831834
  0.000058970524  -0.000178146670   0.000650009227
  0.000273479645  -0.000056990764  -0.000137074881
  0.000069245882   0.000131503274   0.000071914481
 -0.001407866618   0.000141570856  -0.000312960512
  0.002172292616  -0.000556536948  -0.000793649419
 -0.005451504366   0.000214613389  -0.002453090745
  0.002006582168   0.000142016969  -0.000940606065
  0.000605591764  -0.000031271751  -0.000046044050
 -0.011242062701   0.000107365487  -0.005022115437
  0.000420552667   0.000195089429   0.000100809742
  0.002066919661  -0.000463239639   0.001315054286
 -0.007567058855   0.000199986215   0.002203514299
  0.002332980574   0.000485529555   0.000970647345
 -0.000022682056   0.000456044101  -0.000032630234
  0.000423218283  -0.000014873784   0.000593264494
 -0.000137291735  -0.000135516995  -0.000114505785
 -0.000092867260  -0.000013502199   0.000059673369
 -0.000635612693  -0.000032350782  -0.000120465177
  0.000017525025   0.000166541602  -0.000025180096
 -0.000123452096  -0.000318716545   0.000006349618
  0.000558287699  -0.000057755930  -0.000607718754
 -0.000003356787   0.000289178348   0.000112037031
 -0.001750222200  -0.002036231804   0.000720451635
  0.002706555898   0.000001806568   0.007526355067
 -0.001417371965   0.002171923038   0.000614043117
  0.002455083798   0.000656456528   0.000333656997
  0.008786484885   0.000157429709   0.005671952590
  0.001975322958  -0.000871853281   0.000156452218
 -0.001665545098   0.002518809401  -0.000524739323
  0.001119648457  -0.000700000667  -0.008966543697
 -0.001279318530  -0.002175907131  -0.000027684674
   41    2  0.0000  0.0150  0.0000
  0.000096533159   0.000191865463   0.000695022258
  0.000065273508   0.000297489911  -0.000011985081
 -0.000162920479   0.000063429019  -0.000605165672
 -0.000038832108   0.000096106435  -0.000987557196
 -0.000144873103  -0.000768788785  -0.000018660403
  0.000214954510   0.000042214183   0.001164797092
 -0.000287759936   0.000115089807   0.000838650967
 -0.000023986735   0.000427480942  -0.000029123114
  0.000114833721   0.000094697734  -0.000660766688
  0.000121166043   0.001195389783  -0.000655471343
 -0.000324818789   0.001024419400   0.001138732833
 -0.000023716721   0.000133183172  -0.000230451920
 -0.000219024819   0.001140150852  -0.001045483188
  0.000343381521   0.001086841686   0.001353576574
 -0.000057485211  -0.000063609616  -0.000094624918
  0.000086490947   0.000103024936  -0.000672782294
 -0.000131615683   0.000113416569   0.000656419703
  0.000106221173  -0.001604615874  -0.000151524014
 -0.000177722471   0.002104102003  -0.000548281610
 -0.000205706362   0.000285448576  -0.000114714875
  0.000147347835   0.001805732612   0.001227514584
 -0.000258676974  -0.007141286342  -0.002142473067
 -0.000110668577  -0.009726621013  -0.000217152067
  0.000018051099  -0.008316204733   0.000478760815
 -0.000575398515   0.002494298381  -0.000863808924
 -0.000014621810   0.000596521065   0.000168612941
  0.000326218619   0.002164209143   0.001189065551
  0.000320390712  -0.000074352499  -0.000142319428
  0.000106730189   0.000065718603   0.000052778146
 -0.000242832584  -0.000285188492   0.000189160230
 -0.000126783603   0.000655504215   0.000538513810
 -0.000060303902  -0.000551763516   0.000143519950
 -0.000116665730   0.000275008133  -0.000595279384
 -0.000207775095  -0.000135518239  -0.000254355800
  0.000041403955   0.000078064682   0.000029163151
  0.000424553231  -0.000128596892   0.000179058812
 -0.002509212584  -0.001429112886   0.000032925603
 -0.000997145957   0.002166596494   0.000021109687
  0.001359099132  -0.001584191462  -0.000773318611
  0.001103336052   0.001536904006   0.008246548153
  0.000112148857   0.009329848143  -0.000371124717
  0.001149901522   0.002883896709  -0.006030278859
  0.002159226636  -0.001337191504  -0.000145731521
  0.000801862966   0.002266055045  -0.000379336412
 -0.002200577636  -0.001685665849  -0.000602159758
   41    3  0.0000  0.0000  0.0150
  0.000234416254   0.000226380454   0.000052966852
  0.000724501983   0.000042108012   0.000611000136
  0.000076717244  -0.000065249940  -0.000044961479
  0.000076874917   0.000909736451   0.000482830982
 -0.000007132207  -0.000163432109   0.000137390470
  0.000117078767  -0.000815624522   0.000576758155
 -0.000251650430   0.000222711981   0.000084107456
 -0.000814294533   0.000019327266   0.000514319223
 -0.000052881227  -0.000260358499  -0.000193482793
  0.000366318947   0.000271543853   0.001640654424
  0.000439095037  -0.000326890659   0.001474209923
 -0.000202682868  -0.000000191092  -0.000431486151
 -0.000078421907   0.000125651922   0.002315465403
 -0.000239853355  -0.000143290210   0.002091673444
  0.000108209016   0.000032084855  -0.000346322418
  0.000010872374  -0.000122976028  -0.000513756012
 -0.000139455119   0.000128555880  -0.000242319707
 -0.000032627725  -0.000063589361   0.000421271660
  0.001053411428   0.000976881177   0.001240119153
  0.001280610979  -0.000039956777  -0.001330633630
  0.001158963573  -0.001383469006   0.000806130383
  0.000034794794   0.002216618901  -0.001911803087
 -0.006662657945   0.002367146233   0.148854167838
  0.000046495418  -0.002292982864  -0.000932292580
 -0.000908145012   0.001323675549   0.000843856065
 -0.002599020584  -0.000019437460  -0.002170328748
 -0.001114127589  -0.000968674462   0.001075809998
  0.000057775455  -0.000176789815   0.000012721062
  0.000539897694  -0.000007614946   0.000008947310
 -0.000074479558   0.000019553546   0.000091574215
  0.000010074290   0.000591163089   0.000219672585
  0.000129269366  -0.000064264746   0.001338669557
 -0.000077113529  -0.000566540337   0.000055045227
 -0.000020049070  -0.000008755227   0.000048366527
 -0.000699153984   0.000019297890   0.000169284724
  0.000077763157  -0.000031386418   0.000070223357
 -0.000160341959   0.000157615264  -0.002597134776
 -0.006503173818   0.000218607348   0.001802691072
 -0.000012812415   0.000391489094  -0.002004631063
 -0.000316748593  -0.007708208783   0.002149036767
  0.005672430777  -0.000422007275  -0.155255869968
  0.000310112919   0.005862889233   0.001120666158
  0.000363204158  -0.000024173903  -0.002416240195
  0.008573475638  -0.000351207453   0.002560278413
 -0.000495540757  -0.000095966106  -0.002478645933
   42    1  0.0150  0.0000  0.0000
  0.000115508084  -0.000082524036   0.000546859987
  0.000251729298   0.000040840108   0.000304388319
 -0.000375404877  -0.000066892882  -0.000759210653
  0.000315759481   0.000297968364  -0.000057059504
  0.000349854231  -0.000219470515  -0.000120031309
 -0.001088118046   0.000057450181  -0.000101116223
  0.000122299862   0.000156806227  -0.000472867547
  0.000213676440  -0.000239497865  -0.000377090654
  0.000062657809  -0.000000226628   0.000679425732
 -0.000009194174   0.000044187308  -0.000546018003
  0.001091247719  -0.000053921994  -0.001031781330
  0.001145344741  -0.000077488060  -0.001132666302
 -0.000084630123  -0.000072035675   0.000493329110
  0.001083372778  -0.000190033483   0.000673243762
  0.001017889437   0.000192892142   0.001048737835
 -0.001358089042   0.000075000763  -0.000186279845
  0.000098913136  -0.000194866088   0.000009534032
 -0.000101528437   0.000275401891   0.000087537723
  0.002203812338   0.000090045018  -0.000689087394
  0.001729962787  -0.000610873460  -0.000665507381
 -0.005791891674   0.000114509992  -0.001891823935
  0.000575554838   0.000556527123   0.000131396459
  0.000384492274  -0.000145502663   0.000146765172
 -0.009642543982   0.000121030429  -0.006406438482
  0.002445222082   0.001108539155   0.000909320514
  0.002138850401  -0.000591253239   0.000953447092
 -0.008455753110   0.000130868331   0.001124911395
 -0.000012667042  -0.000269340082  -0.000182476054
 -0.000042198238   0.000336304782  -0.000054880289
  0.000501590120  -0.000120738559   0.000378667054
  0.000199156185   0.000184021240   0.000076629367
  0.000006017469  -0.000156566742   0.000086672125
 -0.000338440157  -0.000072002105  -0.000145632404
 -0.000140827186   0.000327388600   0.000155667341
 -0.000199799555  -0.000281978007   0.000032731617
  0.000552371312   0.000161298160  -0.000437608473
 -0.001381795239   0.001817357795   0.000515950126
 -0.001406997998  -0.001671002035   0.000450639524
  0.004374754269  -0.000128100171   0.006243821871
  0.001890999760  -0.000878169019   0.000435693035
  0.001964623005   0.001147405553   0.000203674692
  0.004624656107  -0.000622572735   0.007481293362
 -0.001263416281  -0.001479411756  -0.000069302709
 -0.001044660124   0.002166089095  -0.000013143809
  0.003277639323  -0.001177464457  -0.007830314946
   42    2  0.0000  0.0150  0.0000
 -0.000008910997   0.000200541729  -0.000742749506
 -0.000152802008   0.000068172634   0.000739493751
 -0.000206465513   0.000319575722   0.000046707194
  0.000152696124   0.000198515237   0.001423903991
 -0.000140135168   0.000025905891  -0.001254670089
  0.000091348117  -0.000747842611  -0.000086737784
  0.000141337574  -0.000015122216  -0.000840543643
 -0.000039435341   0.000140862320   0.000747154014
  0.000044965417   0.000431539405  -0.000372810028
 -0.000163244288   0.000157964356  -0.000017217814
  0.000401063906   0.001191804051  -0.001302896949
 -0.000560575473   0.001060364161   0.001180857467
  0.000121405439  -0.000163114706  -0.000260005254
 -0.000428540236   0.001180975407  -0.001517979345
  0.000612824614   0.001117071087   0.001660688029
  0.000113656338  -0.001695601820   0.000014770215
  0.000173237144   0.000169949468  -0.000580153127
 -0.000149395421   0.000157710053   0.000732754500
 -0.000059603404   0.001974642785   0.001001600297
 -0.000387154247   0.002074048224  -0.000444699444
 -0.000029442385   0.000276886361   0.000136319992
  0.000327476583  -0.010006928505  -0.001054669545
  0.000003568582  -0.008263553147  -0.000337003939
  0.000168789304  -0.006609310159  -0.004323218735
  0.000916102878   0.002648156010   0.000899220710
 -0.000033987526   0.002342584656  -0.000770210069
  0.000387555794   0.000612001071  -0.000146525493
 -0.000174524256   0.000001605415   0.000257995487
  0.000329840994  -0.000273100218  -0.000199326228
  0.000024969991   0.000022137762  -0.000091704472
  0.000022276074   0.000320456756  -0.000522150600
  0.000094372914   0.000337392618   0.000598563061
  0.000100343319  -0.000551561062   0.000046945515
  0.000163079287  -0.000014057485   0.000208768589
 -0.000347592464  -0.000107886946  -0.000239505160
 -0.000016377252   0.000025317783   0.000021651678
  0.001597314886  -0.001702218593  -0.000613168598
 -0.001789444266  -0.001494291662   0.000186109655
  0.000272863267   0.002159907111   0.000046008561
 -0.001036299466   0.003391122167  -0.005339359181
 -0.000853294270   0.002872393788   0.005776443215
 -0.000671968707   0.007129502035   0.004916379402
 -0.001361187715  -0.001542587561  -0.000337344461
  0.002301718008  -0.001755716599   0.000405858103
  0.000047573846   0.002333787227   0.000346456039
   42    3  0.0000  0.0000  0.0150
  0.000212568592  -0.000258686969  -0.000048530787
  0.000240716705   0.000142349603   0.000138808341
  0.000903857522  -0.000094882939   0.000585488720
 -0.000015288811  -0.000754397173   0.000606324681
  0.000155416000   0.000961215688   0.000469302890
 -0.000066097918  -0.000006916637   0.000384629222
 -0.000183970262  -0.000324439901  -0.000125759061
 -0.000199068020   0.000296686004   0.000112057813
 -0.000990680575   0.000060482764   0.000570891487
 -0.000191902292  -0.000102760465  -0.000270169124
  0.000398720510   0.000417541843   0.001446321212
  0.000267000554  -0.000166207052   0.001838122924
  0.000116170184  -0.000111842997  -0.000280568773
 -0.000134761608   0.000121799916   0.002126787930
  0.000124584091   0.000037740989   0.002581398596
 -0.000098771483  -0.000153093904   0.000410745274
 -0.000001329843  -0.000023233751  -0.000396434311
 -0.000184289217   0.000177696431  -0.000256846465
  0.001291939542  -0.001332844310   0.000490825181
  0.001068572944   0.000970178056   0.000728624037
  0.001082061424  -0.000071470325  -0.001679390304
  0.000082825647  -0.002992396187  -0.001806424777
  0.000051225382   0.001833760767  -0.001049906929
 -0.008877077395  -0.004594983391   0.147075523361
 -0.000966836554  -0.000851820448   0.000508506648
 -0.000994980673   0.001488655488   0.000650262874
 -0.002928977403   0.000030143198  -0.002950477982
 -0.000198559421   0.000175903447   0.000160028985
 -0.000243825744  -0.000138973119   0.000035167839
  0.000349410022   0.000186217011   0.000082826896
  0.000071548822  -0.000676523135   0.000018797064
 -0.000028650444   0.000428716809   0.000065154542
  0.000112028923  -0.000032856348   0.001197548078
  0.000229377498   0.000038396919   0.000205384528
  0.000175764329  -0.000050486545   0.000048522095
 -0.000537518032   0.000056645145   0.000207298547
 -0.000072196785   0.000791975151  -0.001811732039
  0.000268253707  -0.000373353675  -0.002057341820
 -0.005402125677   0.000068361629   0.001905634342
 -0.000049617076   0.006190576174   0.001176480215
  0.000150672986  -0.006078549189   0.001125602620
  0.007497913522   0.004879695002  -0.152848649948
  0.000058336092   0.000891274741  -0.001868135597
 -0.000460324500  -0.000889783219  -0.002220940328
  0.007917884736  -0.000165511096   0.002718241304
   43    1  0.0150  0.0000  0.0000
  0.000211167355   0.000151798395   0.001088736252
  0.000205954041   0.000241017218  -0.000624526271
  0.000088599890   0.000154355777  -0.000754384357
 -0.000058538164  -0.000139514521  -0.001183169222
  0.000248642725   0.000028686068   0.000353241514
  0.000059897667  -0.000147505980   0.000642246169
 -0.001020892352   0.000077555041  -0.000234317557
  0.000394458298   0.000234189561  -0.000082893714
  0.000221560693  -0.000311382209   0.000100648898
 -0.000120975704   0.000123778022  -0.000174750574
 -0.001593052837  -0.000050385211  -0.000248650237
  0.000016898281  -0.000107150797  -0.000031041488
  0.001059553450  -0.000378725899  -0.001539345889
  0.000109812225  -0.000048500044  -0.000589372135
  0.001216243083   0.000372302404  -0.001578971061
  0.001107387113   0.000457105899   0.001324596513
  0.000034667361   0.000076387264   0.000527675990
  0.001224932715  -0.000366471259   0.001295736589
 -0.010052215605  -0.000046139704  -0.000573561435
  0.002417352832   0.000977114955   0.001412024037
  0.002086802695  -0.000699113463   0.001059651520
 -0.007616306344  -0.000050209878  -0.000105781691
  0.002372957080   0.000271368415  -0.000287277891
  0.001919626353  -0.000333624390  -0.000210859871
 -0.006328172432   0.000378708128  -0.006721204155
  0.000727704258   0.000511532398   0.000252627876
  0.000224812861  -0.000343798118   0.000440006320
  0.000323041527  -0.000121267243  -0.000439285178
 -0.000153673947   0.000138015236   0.000143941878
 -0.000045670727  -0.000393877783   0.000267180306
  0.000338329553   0.000221587935   0.000497640849
 -0.000034520810  -0.000422857060  -0.000090489360
 -0.000128211657   0.000286265693  -0.000283293863
 -0.000398545944   0.000134443674   0.000093765823
 -0.000011283649  -0.000075336153   0.000074646391
  0.000123891141  -0.000036119895  -0.000035572657
  0.003501780671   0.000813748969  -0.006053275399
 -0.001747928732  -0.001741447725  -0.000660222109
 -0.001451694700   0.001257382553  -0.000289405849
  0.003991613723  -0.001207012982   0.004971506885
 -0.001695205780   0.002115220157   0.000368138181
 -0.001258757002  -0.001354219490  -0.000072777717
  0.004943043865  -0.000584809788   0.007492655475
  0.002529866349  -0.000620476331   0.000352007297
  0.002015048583   0.000557382162   0.000105754917
   43    2  0.0000  0.0150  0.0000
  0.000217003239   0.000366924824  -0.000164799127
  0.000028253036   0.000063686435  -0.000782177327
  0.000064411949  -0.000028261695   0.000802894731
 -0.000124830455   0.000229988979  -0.000065726351
 -0.000023487957   0.000252413761  -0.000234621495
  0.000042434561   0.000295060280   0.000284363165
  0.000101822471  -0.001026311492  -0.000221086610
  0.000087431874   0.000185350374   0.000936390571
 -0.000252337270  -0.000109669172  -0.001110904068
 -0.000225046393  -0.000003561662   0.000533411077
  0.000027568698  -0.001474428190  -0.000220534777
  0.000234386612   0.000077115503  -0.000504478403
 -0.000263518992   0.001082597710   0.000756837149
 -0.000114550298   0.000157211210   0.000098153098
  0.000309706334   0.000981455649  -0.001105388190
  0.000244759543   0.001129282676   0.001416353200
  0.000103851110  -0.000158313529   0.000003605914
 -0.000334190873   0.001252221132  -0.001784151514
  0.000371450809   0.000405974761   0.000031785046
  0.001192925937   0.002560968473   0.000744163200
 -0.000513777645   0.002167124049  -0.000863419271
  0.000048335136   0.000477571046  -0.000039480233
 -0.000001862154   0.002221724709   0.000560133700
 -0.000722053226   0.001800966617  -0.000855909557
  0.000145735033  -0.007580701136  -0.004063530490
  0.000375682599  -0.008532240195   0.000948684547
 -0.000318920840  -0.007686051157   0.000043487500
  0.000052946228   0.000162878001   0.000138768753
  0.000181300299  -0.000129875282   0.000285618098
 -0.000450526757   0.000057767576  -0.000215530631
 -0.000190174908  -0.000076456647  -0.000028395242
 -0.000326788674  -0.000078762161  -0.000064730167
  0.000280494846  -0.000029750918  -0.000070284677
  0.000049905953  -0.000471371615  -0.000181425526
  0.000224647616   0.000483409406  -0.000458850879
  0.000055814226   0.000170822854   0.000497476809
 -0.001310926718   0.001801094395   0.000525616273
 -0.001688167560  -0.001057806368   0.000303216030
  0.001298436805  -0.001260938395   0.000534260679
  0.001581460888   0.001916481826   0.000352424571
  0.002522075261  -0.001330550613  -0.000019498834
 -0.001481161847  -0.001532111679   0.000877745239
 -0.000630666963   0.004621262863   0.005024297372
 -0.002067844223   0.003004109880  -0.007361564532
  0.001197992692   0.004641696917   0.004716801177
   43    3  0.0000  0.0000  0.0150
 -0.000990873087   0.000060442166   0.000815152195
 -0.000240351772  -0.000317747879   0.000153385989
 -0.000198275584   0.000371454359   0.000044809247
  0.000887929502   0.000231232650   0.000479915956
  0.000422676013  -0.000120232771   0.000127823948
  0.000157658880   0.000222202999   0.000027679627
  0.000025335921   0.000021124852   0.000663912306
  0.000200804212  -0.001066250061   0.000527830492
  0.000088263795   0.000737216461   0.000780064071
 -0.000008501502   0.000041796917  -0.000322095394
 -0.000122484314   0.000069473540   0.000406613281
  0.000003855378  -0.000282778091  -0.000323032635
  0.000167706296  -0.000133884225   0.001942045883
 -0.000238813135  -0.000062185226  -0.000358855788
  0.000387393435   0.000378439336   0.001192598482
  0.000160868406   0.000212669294   0.002748682546
  0.000045577326  -0.000070345132  -0.000275859179
 -0.000000761746   0.000092437768   0.001918236275
 -0.003386834561   0.000219531717  -0.002387379977
 -0.000777757378  -0.001176433787   0.000243071341
 -0.001023495498   0.001121111690   0.000407097056
  0.001299855132   0.000126851127  -0.000999190933
  0.001345299302  -0.001051316939   0.000810685944
  0.001326309650   0.001053829723   0.000669756217
 -0.008290720111  -0.007794175948   0.146261115430
  0.000055999264  -0.002766629752  -0.002668305776
  0.000115245176   0.001582335707  -0.001150205564
 -0.000445539315  -0.000097593410  -0.000062562994
  0.000143642390   0.000217973327   0.000031172252
  0.000358668716  -0.000120613183   0.000087830959
  0.000498788976  -0.000203651645   0.000044061921
 -0.000118579634   0.000247794184   0.000066757705
 -0.000218273470  -0.000299082645   0.000248229169
 -0.000159742254   0.000161335998   0.001037194775
 -0.000203178764  -0.000466608856   0.000119210027
 -0.000191019827   0.000469571983  -0.000112579943
  0.006682819790   0.000324185365   0.001708667904
  0.000884297928   0.000144571005  -0.001781716623
  0.000332597266  -0.000358263834  -0.001508720621
 -0.004981179390   0.000287194289   0.001092505511
 -0.000548982331  -0.000130924598  -0.002409232365
 -0.000076243658  -0.000362938733  -0.001877299565
  0.007514252389   0.004990589003  -0.152011255462
 -0.000553093485   0.007871821701   0.002495411591
 -0.000331144326  -0.004375530444   0.001096774721
   44    1  0.0150  0.0000  0.0000
  0.000141325160  -0.000048493508  -0.000390361989
 -0.000088414298   0.000191065709   0.001346150270
  0.000015516493   0.000153444503  -0.001001626508
  0.000059814575   0.000063563451   0.000628231362
  0.000151401104  -0.000096067832  -0.001073412477
  0.000072034412  -0.000042209078   0.000742811003
  0.000266466674   0.000098197995   0.000072057231
 -0.000685417554  -0.000022076071   0.000049985210
  0.000513074403  -0.000292415026   0.000039635060
  0.000237543838   0.000182197662  -0.000212930976
 -0.000006636140  -0.000110439549  -0.000186049878
 -0.001594921765  -0.000155537487   0.000108794039
  0.001189771964   0.000344958696  -0.000921313923
  0.000969895461  -0.000393812216  -0.001072930635
  0.000103459104   0.000024524422  -0.000721527004
  0.000935578404  -0.000275922628   0.001329144223
  0.001017420823   0.000438020924   0.001620863663
  0.000180197907  -0.000091126900   0.000677839182
  0.001949724266   0.000282245138   0.001167542352
 -0.008061255703  -0.000267424815  -0.000164560423
  0.001646998304  -0.000280438442   0.001248739727
  0.002599651125   0.000578112900  -0.000344985110
 -0.009116113167   0.000191647642  -0.000928144842
  0.002512153708  -0.000711845961  -0.000403557664
  0.000740607163   0.000017898584  -0.000108371614
 -0.007635006707   0.000157703627   0.005498125934
  0.000201718196   0.000091018293  -0.000018635332
  0.000011623127  -0.000427049520   0.000026241945
  0.000035397677   0.000073488858  -0.000628909290
 -0.000026119424   0.000153545817   0.000281573348
 -0.000011463447   0.000194611254  -0.000069478285
  0.000735416013  -0.000044323082   0.000536099858
 -0.000182825374  -0.000201760033  -0.000207347781
 -0.000059951110   0.000319649795   0.000038718434
 -0.000619619784   0.000044955251   0.000396800437
 -0.000021823586  -0.000186826982  -0.000039344768
 -0.001754368711   0.001422240160  -0.001411096858
  0.003861591883  -0.000117560530  -0.004241126277
 -0.001549714054  -0.001176403261  -0.001087905173
 -0.001605466509  -0.002336279750  -0.000490477200
  0.001113119313   0.000783862142   0.008463339407
 -0.001070772592   0.002292551255  -0.000473201420
  0.002533147200  -0.002046477940  -0.000656047505
  0.008333012685  -0.000723489982  -0.007045678083
  0.001962228943   0.001948476516  -0.000373671669
   44    2  0.0000  0.0150  0.0000
 -0.000192517622   0.000034753507   0.000714918883
  0.000020083471   0.000264811329  -0.000023788186
  0.000057379061   0.000033476537  -0.000517419876
  0.000179495576   0.000301892258   0.000304501493
  0.000182230161   0.000345204342   0.000058651944
 -0.000064908623   0.000234203326  -0.000475897631
 -0.000111739276   0.000021327520  -0.000618408371
  0.000077123606  -0.001092723602   0.000023572002
  0.000142538509  -0.000168704648   0.001030968196
  0.000075133938  -0.000070352061  -0.000592509985
  0.000014955585   0.000037428215   0.000524967210
  0.000187384836  -0.001461193212  -0.000142701295
  0.000172588940   0.001186845004  -0.000942111059
 -0.000168632569   0.001130302692   0.000883568120
  0.000019416622   0.000067115144  -0.000077879168
 -0.000147145838   0.001114870737  -0.000801919075
  0.000008597898   0.001007413699   0.001016462974
  0.000033098312  -0.000074251815  -0.000139799244
 -0.000665192344   0.002266189031  -0.000659462850
  0.000022438976   0.000161438655  -0.000192192685
 -0.000000749284   0.001912264867   0.000938700264
  0.000484128278   0.002538598885  -0.000375635398
  0.000289980945   0.000775955146   0.000189738312
  0.000178424710   0.001886592011   0.001230251362
  0.000499101213  -0.007722668583  -0.001335935372
  0.000347013384  -0.010029116237   0.003224472083
 -0.000029708860  -0.006369620141   0.001942998148
 -0.000286557310  -0.000090370637  -0.000270177129
 -0.000102822793   0.000292125409   0.000045678321
  0.000437459886  -0.000081849083   0.000223088983
  0.000308831767  -0.000185858000  -0.000084298004
 -0.000051913865   0.000075067584  -0.000090243613
 -0.000344003927  -0.000122538793   0.000148193942
 -0.000106432239   0.000587075293   0.000384823624
 -0.000050150610  -0.000340681288   0.000050437290
 -0.000033733922   0.000495160452  -0.000530523342
  0.002396546264  -0.000977839950   0.000026906770
  0.000786253173   0.001647350725  -0.000053535413
 -0.001340358257  -0.001287307649  -0.000584758401
 -0.001636146118  -0.001106874831  -0.000406876457
 -0.000683605488   0.002263187712  -0.000361116601
  0.002175835059  -0.001762863942  -0.000870675645
 -0.000636425338   0.002998759014   0.007769410998
 -0.000778982229   0.005668204779  -0.003978966916
 -0.001664313659   0.003597200600  -0.006605479205
   44    3  0.0000  0.0000  0.0150
 -0.000328956432   0.000036651209  -0.000014823146
 -0.000610704849  -0.000125348826   0.000597783133
 -0.000072903509  -0.000085235496   0.000002928706
  0.000134124699   0.000467638442   0.000099427872
  0.000878394007   0.000140771993   0.000427005396
  0.000211060823  -0.000339635949  -0.000023059113
 -0.000160691163   0.000973363678   0.000508936306
 -0.000106143817  -0.000093658454   0.000211571864
  0.000091229503  -0.000979125001   0.000496924321
  0.000070081867  -0.000180453054  -0.000363518088
  0.000167800781   0.000155851699  -0.000208133951
 -0.000024900329   0.000012400134   0.000331128179
 -0.000001260845  -0.000131443150   0.002649481172
  0.000071317256  -0.000051131366   0.002320257558
  0.000063904480   0.000127932721  -0.000521308876
 -0.000376253890   0.000269941609   0.001754718461
 -0.000531428850  -0.000360815315   0.001404797860
  0.000114569964  -0.000026556392  -0.000063366818
 -0.001329848087   0.001123366565   0.000498744887
 -0.001737198199   0.000061822454  -0.000807906936
 -0.001203937136  -0.001345547227   0.000205887482
  0.000781753960   0.000895014635   0.001031636683
  0.003228269111   0.000009792711  -0.002620692863
  0.000936745999  -0.001091560073   0.000708523077
  0.000031676306   0.002411997400  -0.002474087187
  0.009884440453   0.004277441775   0.146334757112
 -0.000056703802  -0.001648232837  -0.001793330921
  0.000157397690  -0.000200662111   0.000109872318
 -0.000510877147   0.000040163475  -0.000134546873
  0.000121603957   0.000334058213   0.000051894514
  0.000001880779  -0.000149680522   0.000168429159
  0.000589308080  -0.000092900380   0.000267804305
 -0.000076149846   0.000103022287   0.000135853666
  0.000058549728   0.000472446209   0.000253031966
 -0.000282977704   0.000036058113   0.001234027731
 -0.000147220537  -0.000447936017   0.000172477099
  0.001134982802   0.000233385325  -0.001861941565
  0.004360281834   0.000025219749   0.000490004869
  0.000919650710   0.000173357355  -0.001316722894
 -0.000434579151   0.000222781250  -0.002694692932
 -0.009050848815  -0.000382274740   0.002559832737
 -0.000047355153   0.000412217564  -0.002205720059
  0.000341895495  -0.007434908640   0.002486254557
 -0.007092385633  -0.004020310956  -0.152283448022
 -0.000167595392   0.006170719940   0.001873307254
   45    1  0.0150  0.0000  0.0000
  0.000047849052   0.000028198136  -0.000656879208
  0.000173467507   0.000023949835  -0.000310283025
 -0.000155095955   0.000025703566   0.001066569307
  0.000070740986   0.000046821419   0.000584543242
  0.000225071894   0.000062018180   0.000504404886
 -0.000055497567  -0.000038195894  -0.000724037409
  0.000343905734  -0.000084073086   0.000002874723
  0.000345395894   0.000112537101   0.000089496140
 -0.001116341743   0.000134289203   0.000140969798
 -0.001462022028   0.000076971951   0.000030987665
  0.000063876478   0.000027934297  -0.000132654942
  0.000062373440  -0.000039070213  -0.000099118991
 -0.000049670703  -0.000057380607  -0.000570130109
  0.001119300120   0.000092739061  -0.001045641656
  0.001144359474  -0.000232777726  -0.000863307196
 -0.000013722321   0.000126141055   0.000505376490
  0.001169108202  -0.000328552799   0.001399044053
  0.000917034069   0.000365058589   0.001426630152
  0.001931762129  -0.000136963037   0.001004244924
  0.002016488316  -0.000230632214   0.001028538037
 -0.008146514605  -0.000354145065  -0.000445159792
  0.002329352221  -0.000532697252  -0.000538906820
  0.002703363675   0.000541604384  -0.000174200723
 -0.007890589150   0.000437552039  -0.001484699251
  0.000337265181   0.000002147977  -0.000043502683
  0.000812722420   0.000134173403  -0.000072326943
 -0.008607626361   0.000307087959   0.001700745893
 -0.000013430247   0.000331980558   0.000260075279
 -0.000038380348  -0.000447478342   0.000070883217
  0.000175286228   0.000173025565  -0.000527794926
 -0.000017043086  -0.000316313119  -0.000184141264
 -0.000044653433   0.000113020358  -0.000071426197
  0.000683138869  -0.000041351737   0.000363691465
  0.000156358500  -0.000142891137   0.000013727604
  0.000034958816   0.000052443898   0.000018188387
 -0.000332401871  -0.000059310043   0.000194096596
 -0.001328315154  -0.001044212675  -0.001126241630
 -0.001513577835   0.001076460770  -0.000920630358
  0.004874064740   0.000207961901  -0.004386706114
 -0.001306640564   0.002272790403  -0.000089619294
 -0.001308100253  -0.002195495934  -0.000495913430
  0.003267266366   0.000025744451   0.007812103650
  0.001991824045   0.001175013674  -0.000324807934
  0.001941398214  -0.001659632981  -0.000270514970
  0.004461890654  -0.000032195873  -0.002658546645
   45    2  0.0000  0.0150  0.0000
 -0.000003661132   0.000046899902  -0.000973189004
  0.000075090228  -0.000105454226   0.000616903435
  0.000002580650   0.000287569223   0.000005922921
  0.000031994414   0.000211382600  -0.000422852273
 -0.000052121895   0.000329929430   0.000365702878
  0.000119679115   0.000338400817  -0.000073549410
  0.000112328456  -0.000072473553   0.001162445857
 -0.000139958996  -0.000024449205  -0.001007017401
  0.000009264348  -0.001053508231  -0.000030889101
 -0.000152760561  -0.001617810227   0.000035070002
  0.000151647298  -0.000023776694  -0.000555117700
 -0.000188744868   0.000087827307   0.000525153754
  0.000142758781   0.000087350763  -0.000164276861
  0.000484122124   0.001126311476  -0.001145465123
 -0.000206535384   0.001156905701   0.001308149260
 -0.000220065491  -0.000227337366   0.000104357134
 -0.000513822595   0.001215703234  -0.001428270380
  0.000295427807   0.001099635589   0.001604621031
  0.000079563836   0.001868039199   0.000917934911
 -0.000770717767   0.002452045829  -0.000398727444
 -0.000387740980   0.000224344951  -0.000081729271
  0.000059539040   0.002082150385   0.000940131789
  0.000527233273   0.002408381570  -0.000380049068
 -0.000241870001   0.000704719531  -0.000168757681
 -0.000345366443  -0.008019775316  -0.000060546581
  0.000025638542  -0.010127221341   0.000711579432
  0.000010748875  -0.006836569942   0.004962735213
  0.000352865469   0.000144936905   0.000428286806
 -0.000268912080  -0.000142648575  -0.000219026282
 -0.000161270284   0.000239351263  -0.000123226261
 -0.000445583135  -0.000026584961   0.000158176837
  0.000191324007  -0.000177193069  -0.000063235211
  0.000134775649   0.000028823525  -0.000044082911
  0.000156813203   0.000270112928  -0.000461904237
 -0.000031708371   0.000581126428   0.000444980579
 -0.000106776650  -0.000389335376   0.000237557251
 -0.001306623135  -0.001377304209  -0.000707872355
  0.001463041827  -0.001136241377  -0.000305755756
  0.000993658844   0.001862847591  -0.000232926448
  0.001034851763  -0.001618203166  -0.000899311356
 -0.002175034048  -0.001677223272  -0.000116078698
 -0.001154259760   0.002330691981  -0.000182754681
  0.000550764973   0.004641877222  -0.004372630934
  0.001954298361   0.003568161561   0.006064901399
 -0.000086477306   0.005257583192  -0.005975368058
   45    3  0.0000  0.0000  0.0150
 -0.000113269604  -0.000224782842   0.000019705190
 -0.000379588824   0.000162249220   0.000114922947
 -0.000717120445  -0.000171583587   0.000605211945
  0.000178939712  -0.000475526341   0.000210829123
  0.000259213485   0.000342883600   0.000144551014
  0.001057580493  -0.000024725496   0.000447983031
 -0.000046872817  -0.000797350867   0.000485259505
 -0.000083340089   0.001175962883   0.000482808126
 -0.000171880648   0.000045484348   0.000511435444
 -0.000099167808   0.000083788219   0.000385726549
  0.000067035086   0.000017453315  -0.000298658846
 -0.000056150798   0.000109695965  -0.000147400683
 -0.000000580631   0.000010782129  -0.000320069298
 -0.000097894921  -0.000211291378   0.002692594399
  0.000205763215  -0.000123397014   0.002086881929
  0.000090475266  -0.000006202224  -0.000115063094
 -0.000015807801   0.000100955536   0.002079612845
 -0.000342356178  -0.000289064662   0.001422144657
 -0.001233167884  -0.001516008011  -0.000041254050
 -0.000987840910   0.000968394802   0.000187361045
 -0.001941896595  -0.000017726981  -0.001512841353
  0.000964212972  -0.001297674104   0.000089303798
  0.001054192566   0.000911805873   0.000660837039
  0.002398724213   0.000169263175  -0.003084769048
 -0.000088704347  -0.001845039645  -0.001459668388
 -0.000096539972   0.003057925230  -0.002440224832
  0.005223755957   0.006459269717   0.147490703432
  0.000242582287   0.000315132612   0.000216097201
  0.000154236159  -0.000254377339   0.000082774658
 -0.000521218944   0.000108186323  -0.000014503178
 -0.000274531754   0.000106791166   0.000067007589
 -0.000130775204  -0.000127446355   0.000092465261
  0.000426789955   0.000106114288   0.000227886359
  0.000048984921  -0.000530640413   0.000030502057
  0.000147382646   0.000389070299   0.000193208622
 -0.000114290264  -0.000268960749   0.001073755111
  0.000818016446   0.000734638687  -0.001149035977
  0.000871778460  -0.000154515137  -0.001498996177
  0.004681937748  -0.000039688895   0.001212405139
 -0.000446214279   0.001189210741  -0.001602641760
 -0.000019406295  -0.000621292490  -0.002439202080
 -0.007913889148   0.000319931708   0.002720443972
  0.000064664742   0.004786660912   0.001112748899
 -0.000372456539  -0.006640233493   0.001873188565
 -0.002691303631  -0.006034122725  -0.152896026683
