Automatically generated mesh
    1771
Reciprocal lattice
    0.00000000000000    0.00000000000000    0.00000000000000             1
    0.02439024390244    0.00000000000000    0.00000000000000             6
    0.04878048780488    0.00000000000000    0.00000000000000             6
    0.07317073170732    0.00000000000000    0.00000000000000             6
    0.09756097560975    0.00000000000000    0.00000000000000             6
    0.12195121951220    0.00000000000000    0.00000000000000             6
    0.14634146341464    0.00000000000000    0.00000000000000             6
    0.17073170731708    0.00000000000000    0.00000000000000             6
    0.19512195121951    0.00000000000000    0.00000000000000             6
    0.21951219512195    0.00000000000000    0.00000000000000             6
    0.24390243902439    0.00000000000000    0.00000000000000             6
    0.26829268292683    0.00000000000000    0.00000000000000             6
    0.29268292682927    0.00000000000000    0.00000000000000             6
    0.31707317073171    0.00000000000000    0.00000000000000             6
    0.34146341463415    0.00000000000000    0.00000000000000             6
    0.36585365853659    0.00000000000000    0.00000000000000             6
    0.39024390243903    0.00000000000000    0.00000000000000             6
    0.41463414634146    0.00000000000000    0.00000000000000             6
    0.43902439024390    0.00000000000000    0.00000000000000             6
    0.46341463414634    0.00000000000000    0.00000000000000             6
    0.48780487804878    0.00000000000000    0.00000000000000             6
    0.02439024390244    0.02439024390244    0.00000000000000            12
    0.04878048780488    0.02439024390244    0.00000000000000            24
    0.07317073170732    0.02439024390244    0.00000000000000            24
    0.09756097560975    0.02439024390244    0.00000000000000            24
    0.12195121951220    0.02439024390244    0.00000000000000            24
    0.14634146341464    0.02439024390244    0.00000000000000            24
    0.17073170731708    0.02439024390244    0.00000000000000            24
    0.19512195121951    0.02439024390244    0.00000000000000            24
    0.21951219512195    0.02439024390244    0.00000000000000            24
    0.24390243902439    0.02439024390244    0.00000000000000            24
    0.26829268292683    0.02439024390244    0.00000000000000            24
    0.29268292682927    0.02439024390244    0.00000000000000            24
    0.31707317073171    0.02439024390244    0.00000000000000            24
    0.34146341463415    0.02439024390244    0.00000000000000            24
    0.36585365853659    0.02439024390244    0.00000000000000            24
    0.39024390243903    0.02439024390244    0.00000000000000            24
    0.41463414634146    0.02439024390244    0.00000000000000            24
    0.43902439024390    0.02439024390244    0.00000000000000            24
    0.46341463414634    0.02439024390244    0.00000000000000            24
    0.48780487804878    0.02439024390244    0.00000000000000            24
    0.04878048780488    0.04878048780488    0.00000000000000            12
    0.07317073170732    0.04878048780488    0.00000000000000            24
    0.09756097560975    0.04878048780488    0.00000000000000            24
    0.12195121951220    0.04878048780488    0.00000000000000            24
    0.14634146341464    0.04878048780488    0.00000000000000            24
    0.17073170731708    0.04878048780488    0.00000000000000            24
    0.19512195121951    0.04878048780488    0.00000000000000            24
    0.21951219512195    0.04878048780488    0.00000000000000            24
    0.24390243902439    0.04878048780488    0.00000000000000            24
    0.26829268292683    0.04878048780488    0.00000000000000            24
    0.29268292682927    0.04878048780488    0.00000000000000            24
    0.31707317073171    0.04878048780488    0.00000000000000            24
    0.34146341463415    0.04878048780488    0.00000000000000            24
    0.36585365853659    0.04878048780488    0.00000000000000            24
    0.39024390243903    0.04878048780488    0.00000000000000            24
    0.41463414634146    0.04878048780488    0.00000000000000            24
    0.43902439024390    0.04878048780488    0.00000000000000            24
    0.46341463414634    0.04878048780488    0.00000000000000            24
    0.48780487804878    0.04878048780488    0.00000000000000            24
    0.07317073170732    0.07317073170732    0.00000000000000            12
    0.09756097560975    0.07317073170732    0.00000000000000            24
    0.12195121951220    0.07317073170732    0.00000000000000            24
    0.14634146341464    0.07317073170732    0.00000000000000            24
    0.17073170731708    0.07317073170732    0.00000000000000            24
    0.19512195121951    0.07317073170732    0.00000000000000            24
    0.21951219512195    0.07317073170732    0.00000000000000            24
    0.24390243902439    0.07317073170732    0.00000000000000            24
    0.26829268292683    0.07317073170732    0.00000000000000            24
    0.29268292682927    0.07317073170732    0.00000000000000            24
    0.31707317073171    0.07317073170732    0.00000000000000            24
    0.34146341463415    0.07317073170732    0.00000000000000            24
    0.36585365853659    0.07317073170732    0.00000000000000            24
    0.39024390243903    0.07317073170732    0.00000000000000            24
    0.41463414634146    0.07317073170732    0.00000000000000            24
    0.43902439024390    0.07317073170732    0.00000000000000            24
    0.46341463414634    0.07317073170732    0.00000000000000            24
    0.48780487804878    0.07317073170732    0.00000000000000            24
    0.09756097560975    0.09756097560975    0.00000000000000            12
    0.12195121951220    0.09756097560975    0.00000000000000            24
    0.14634146341464    0.09756097560975    0.00000000000000            24
    0.17073170731708    0.09756097560975    0.00000000000000            24
    0.19512195121951    0.09756097560975    0.00000000000000            24
    0.21951219512195    0.09756097560975    0.00000000000000            24
    0.24390243902439    0.09756097560975    0.00000000000000            24
    0.26829268292683    0.09756097560975    0.00000000000000            24
    0.29268292682927    0.09756097560975    0.00000000000000            24
    0.31707317073171    0.09756097560975    0.00000000000000            24
    0.34146341463415    0.09756097560975    0.00000000000000            24
    0.36585365853659    0.09756097560975    0.00000000000000            24
    0.39024390243903    0.09756097560975    0.00000000000000            24
    0.41463414634146    0.09756097560975    0.00000000000000            24
    0.43902439024390    0.09756097560975    0.00000000000000            24
    0.46341463414634    0.09756097560975    0.00000000000000            24
    0.48780487804878    0.09756097560975    0.00000000000000            24
    0.12195121951220    0.12195121951220    0.00000000000000            12
    0.14634146341464    0.12195121951220    0.00000000000000            24
    0.17073170731708    0.12195121951220    0.00000000000000            24
    0.19512195121951    0.12195121951220    0.00000000000000            24
    0.21951219512195    0.12195121951220    0.00000000000000            24
    0.24390243902439    0.12195121951220    0.00000000000000            24
    0.26829268292683    0.12195121951220    0.00000000000000            24
    0.29268292682927    0.12195121951220    0.00000000000000            24
    0.31707317073171    0.12195121951220    0.00000000000000            24
    0.34146341463415    0.12195121951220    0.00000000000000            24
    0.36585365853659    0.12195121951220    0.00000000000000            24
    0.39024390243903    0.12195121951220    0.00000000000000            24
    0.41463414634146    0.12195121951220    0.00000000000000            24
    0.43902439024390    0.12195121951220    0.00000000000000            24
    0.46341463414634    0.12195121951220    0.00000000000000            24
    0.48780487804878    0.12195121951220    0.00000000000000            24
    0.14634146341464    0.14634146341464    0.00000000000000            12
    0.17073170731708    0.14634146341464    0.00000000000000            24
    0.19512195121951    0.14634146341464    0.00000000000000            24
    0.21951219512195    0.14634146341464    0.00000000000000            24
    0.24390243902439    0.14634146341464    0.00000000000000            24
    0.26829268292683    0.14634146341464    0.00000000000000            24
    0.29268292682927    0.14634146341464    0.00000000000000            24
    0.31707317073171    0.14634146341464    0.00000000000000            24
    0.34146341463415    0.14634146341464    0.00000000000000            24
    0.36585365853659    0.14634146341464    0.00000000000000            24
    0.39024390243903    0.14634146341464    0.00000000000000            24
    0.41463414634146    0.14634146341464    0.00000000000000            24
    0.43902439024390    0.14634146341464    0.00000000000000            24
    0.46341463414634    0.14634146341464    0.00000000000000            24
    0.48780487804878    0.14634146341464    0.00000000000000            24
    0.17073170731708    0.17073170731708    0.00000000000000            12
    0.19512195121951    0.17073170731708    0.00000000000000            24
    0.21951219512195    0.17073170731708    0.00000000000000            24
    0.24390243902439    0.17073170731708    0.00000000000000            24
    0.26829268292683    0.17073170731708    0.00000000000000            24
    0.29268292682927    0.17073170731708    0.00000000000000            24
    0.31707317073171    0.17073170731708    0.00000000000000            24
    0.34146341463415    0.17073170731708    0.00000000000000            24
    0.36585365853659    0.17073170731708    0.00000000000000            24
    0.39024390243903    0.17073170731708    0.00000000000000            24
    0.41463414634146    0.17073170731708    0.00000000000000            24
    0.43902439024390    0.17073170731708    0.00000000000000            24
    0.46341463414634    0.17073170731708    0.00000000000000            24
    0.48780487804878    0.17073170731708    0.00000000000000            24
    0.19512195121951    0.19512195121951    0.00000000000000            12
    0.21951219512195    0.19512195121951    0.00000000000000            24
    0.24390243902439    0.19512195121951    0.00000000000000            24
    0.26829268292683    0.19512195121951    0.00000000000000            24
    0.29268292682927    0.19512195121951    0.00000000000000            24
    0.31707317073171    0.19512195121951    0.00000000000000            24
    0.34146341463415    0.19512195121951    0.00000000000000            24
    0.36585365853659    0.19512195121951    0.00000000000000            24
    0.39024390243903    0.19512195121951    0.00000000000000            24
    0.41463414634146    0.19512195121951    0.00000000000000            24
    0.43902439024390    0.19512195121951    0.00000000000000            24
    0.46341463414634    0.19512195121951    0.00000000000000            24
    0.48780487804878    0.19512195121951    0.00000000000000            24
    0.21951219512195    0.21951219512195    0.00000000000000            12
    0.24390243902439    0.21951219512195    0.00000000000000            24
    0.26829268292683    0.21951219512195    0.00000000000000            24
    0.29268292682927    0.21951219512195    0.00000000000000            24
    0.31707317073171    0.21951219512195    0.00000000000000            24
    0.34146341463415    0.21951219512195    0.00000000000000            24
    0.36585365853659    0.21951219512195    0.00000000000000            24
    0.39024390243903    0.21951219512195    0.00000000000000            24
    0.41463414634146    0.21951219512195    0.00000000000000            24
    0.43902439024390    0.21951219512195    0.00000000000000            24
    0.46341463414634    0.21951219512195    0.00000000000000            24
    0.48780487804878    0.21951219512195    0.00000000000000            24
    0.24390243902439    0.24390243902439    0.00000000000000            12
    0.26829268292683    0.24390243902439    0.00000000000000            24
    0.29268292682927    0.24390243902439    0.00000000000000            24
    0.31707317073171    0.24390243902439    0.00000000000000            24
    0.34146341463415    0.24390243902439    0.00000000000000            24
    0.36585365853659    0.24390243902439    0.00000000000000            24
    0.39024390243903    0.24390243902439    0.00000000000000            24
    0.41463414634146    0.24390243902439    0.00000000000000            24
    0.43902439024390    0.24390243902439    0.00000000000000            24
    0.46341463414634    0.24390243902439    0.00000000000000            24
    0.48780487804878    0.24390243902439    0.00000000000000            24
    0.26829268292683    0.26829268292683    0.00000000000000            12
    0.29268292682927    0.26829268292683    0.00000000000000            24
    0.31707317073171    0.26829268292683    0.00000000000000            24
    0.34146341463415    0.26829268292683    0.00000000000000            24
    0.36585365853659    0.26829268292683    0.00000000000000            24
    0.39024390243903    0.26829268292683    0.00000000000000            24
    0.41463414634146    0.26829268292683    0.00000000000000            24
    0.43902439024390    0.26829268292683    0.00000000000000            24
    0.46341463414634    0.26829268292683    0.00000000000000            24
    0.48780487804878    0.26829268292683    0.00000000000000            24
    0.29268292682927    0.29268292682927    0.00000000000000            12
    0.31707317073171    0.29268292682927    0.00000000000000            24
    0.34146341463415    0.29268292682927    0.00000000000000            24
    0.36585365853659    0.29268292682927    0.00000000000000            24
    0.39024390243903    0.29268292682927    0.00000000000000            24
    0.41463414634146    0.29268292682927    0.00000000000000            24
    0.43902439024390    0.29268292682927    0.00000000000000            24
    0.46341463414634    0.29268292682927    0.00000000000000            24
    0.48780487804878    0.29268292682927    0.00000000000000            24
    0.31707317073171    0.31707317073171    0.00000000000000            12
    0.34146341463415    0.31707317073171    0.00000000000000            24
    0.36585365853659    0.31707317073171    0.00000000000000            24
    0.39024390243903    0.31707317073171    0.00000000000000            24
    0.41463414634146    0.31707317073171    0.00000000000000            24
    0.43902439024390    0.31707317073171    0.00000000000000            24
    0.46341463414634    0.31707317073171    0.00000000000000            24
    0.48780487804878    0.31707317073171    0.00000000000000            24
    0.34146341463415    0.34146341463415    0.00000000000000            12
    0.36585365853659    0.34146341463415    0.00000000000000            24
    0.39024390243903    0.34146341463415    0.00000000000000            24
    0.41463414634146    0.34146341463415    0.00000000000000            24
    0.43902439024390    0.34146341463415    0.00000000000000            24
    0.46341463414634    0.34146341463415    0.00000000000000            24
    0.48780487804878    0.34146341463415    0.00000000000000            24
    0.36585365853659    0.36585365853659    0.00000000000000            12
    0.39024390243903    0.36585365853659    0.00000000000000            24
    0.41463414634146    0.36585365853659    0.00000000000000            24
    0.43902439024390    0.36585365853659    0.00000000000000            24
    0.46341463414634    0.36585365853659    0.00000000000000            24
    0.48780487804878    0.36585365853659    0.00000000000000            24
    0.39024390243903    0.39024390243903    0.00000000000000            12
    0.41463414634146    0.39024390243903    0.00000000000000            24
    0.43902439024390    0.39024390243903    0.00000000000000            24
    0.46341463414634    0.39024390243903    0.00000000000000            24
    0.48780487804878    0.39024390243903    0.00000000000000            24
    0.41463414634146    0.41463414634146    0.00000000000000            12
    0.43902439024390    0.41463414634146    0.00000000000000            24
    0.46341463414634    0.41463414634146    0.00000000000000            24
    0.48780487804878    0.41463414634146    0.00000000000000            24
    0.43902439024390    0.43902439024390    0.00000000000000            12
    0.46341463414634    0.43902439024390    0.00000000000000            24
    0.48780487804878    0.43902439024390    0.00000000000000            24
    0.46341463414634    0.46341463414634    0.00000000000000            12
    0.48780487804878    0.46341463414634    0.00000000000000            24
    0.48780487804878    0.48780487804878    0.00000000000000            12
    0.02439024390244    0.02439024390244    0.02439024390244             8
    0.04878048780488    0.02439024390244    0.02439024390244            24
    0.07317073170732    0.02439024390244    0.02439024390244            24
    0.09756097560975    0.02439024390244    0.02439024390244            24
    0.12195121951220    0.02439024390244    0.02439024390244            24
    0.14634146341464    0.02439024390244    0.02439024390244            24
    0.17073170731708    0.02439024390244    0.02439024390244            24
    0.19512195121951    0.02439024390244    0.02439024390244            24
    0.21951219512195    0.02439024390244    0.02439024390244            24
    0.24390243902439    0.02439024390244    0.02439024390244            24
    0.26829268292683    0.02439024390244    0.02439024390244            24
    0.29268292682927    0.02439024390244    0.02439024390244            24
    0.31707317073171    0.02439024390244    0.02439024390244            24
    0.34146341463415    0.02439024390244    0.02439024390244            24
    0.36585365853659    0.02439024390244    0.02439024390244            24
    0.39024390243903    0.02439024390244    0.02439024390244            24
    0.41463414634146    0.02439024390244    0.02439024390244            24
    0.43902439024390    0.02439024390244    0.02439024390244            24
    0.46341463414634    0.02439024390244    0.02439024390244            24
    0.48780487804878    0.02439024390244    0.02439024390244            24
    0.04878048780488    0.04878048780488    0.02439024390244            24
    0.07317073170732    0.04878048780488    0.02439024390244            48
    0.09756097560975    0.04878048780488    0.02439024390244            48
    0.12195121951220    0.04878048780488    0.02439024390244            48
    0.14634146341464    0.04878048780488    0.02439024390244            48
    0.17073170731708    0.04878048780488    0.02439024390244            48
    0.19512195121951    0.04878048780488    0.02439024390244            48
    0.21951219512195    0.04878048780488    0.02439024390244            48
    0.24390243902439    0.04878048780488    0.02439024390244            48
    0.26829268292683    0.04878048780488    0.02439024390244            48
    0.29268292682927    0.04878048780488    0.02439024390244            48
    0.31707317073171    0.04878048780488    0.02439024390244            48
    0.34146341463415    0.04878048780488    0.02439024390244            48
    0.36585365853659    0.04878048780488    0.02439024390244            48
    0.39024390243903    0.04878048780488    0.02439024390244            48
    0.41463414634146    0.04878048780488    0.02439024390244            48
    0.43902439024390    0.04878048780488    0.02439024390244            48
    0.46341463414634    0.04878048780488    0.02439024390244            48
    0.48780487804878    0.04878048780488    0.02439024390244            48
    0.07317073170732    0.07317073170732    0.02439024390244            24
    0.09756097560975    0.07317073170732    0.02439024390244            48
    0.12195121951220    0.07317073170732    0.02439024390244            48
    0.14634146341464    0.07317073170732    0.02439024390244            48
    0.17073170731708    0.07317073170732    0.02439024390244            48
    0.19512195121951    0.07317073170732    0.02439024390244            48
    0.21951219512195    0.07317073170732    0.02439024390244            48
    0.24390243902439    0.07317073170732    0.02439024390244            48
    0.26829268292683    0.07317073170732    0.02439024390244            48
    0.29268292682927    0.07317073170732    0.02439024390244            48
    0.31707317073171    0.07317073170732    0.02439024390244            48
    0.34146341463415    0.07317073170732    0.02439024390244            48
    0.36585365853659    0.07317073170732    0.02439024390244            48
    0.39024390243903    0.07317073170732    0.02439024390244            48
    0.41463414634146    0.07317073170732    0.02439024390244            48
    0.43902439024390    0.07317073170732    0.02439024390244            48
    0.46341463414634    0.07317073170732    0.02439024390244            48
    0.48780487804878    0.07317073170732    0.02439024390244            48
    0.09756097560975    0.09756097560975    0.02439024390244            24
    0.12195121951220    0.09756097560975    0.02439024390244            48
    0.14634146341464    0.09756097560975    0.02439024390244            48
    0.17073170731708    0.09756097560975    0.02439024390244            48
    0.19512195121951    0.09756097560975    0.02439024390244            48
    0.21951219512195    0.09756097560975    0.02439024390244            48
    0.24390243902439    0.09756097560975    0.02439024390244            48
    0.26829268292683    0.09756097560975    0.02439024390244            48
    0.29268292682927    0.09756097560975    0.02439024390244            48
    0.31707317073171    0.09756097560975    0.02439024390244            48
    0.34146341463415    0.09756097560975    0.02439024390244            48
    0.36585365853659    0.09756097560975    0.02439024390244            48
    0.39024390243903    0.09756097560975    0.02439024390244            48
    0.41463414634146    0.09756097560975    0.02439024390244            48
    0.43902439024390    0.09756097560975    0.02439024390244            48
    0.46341463414634    0.09756097560975    0.02439024390244            48
    0.48780487804878    0.09756097560975    0.02439024390244            48
    0.12195121951220    0.12195121951220    0.02439024390244            24
    0.14634146341464    0.12195121951220    0.02439024390244            48
    0.17073170731708    0.12195121951220    0.02439024390244            48
    0.19512195121951    0.12195121951220    0.02439024390244            48
    0.21951219512195    0.12195121951220    0.02439024390244            48
    0.24390243902439    0.12195121951220    0.02439024390244            48
    0.26829268292683    0.12195121951220    0.02439024390244            48
    0.29268292682927    0.12195121951220    0.02439024390244            48
    0.31707317073171    0.12195121951220    0.02439024390244            48
    0.34146341463415    0.12195121951220    0.02439024390244            48
    0.36585365853659    0.12195121951220    0.02439024390244            48
    0.39024390243903    0.12195121951220    0.02439024390244            48
    0.41463414634146    0.12195121951220    0.02439024390244            48
    0.43902439024390    0.12195121951220    0.02439024390244            48
    0.46341463414634    0.12195121951220    0.02439024390244            48
    0.48780487804878    0.12195121951220    0.02439024390244            48
    0.14634146341464    0.14634146341464    0.02439024390244            24
    0.17073170731708    0.14634146341464    0.02439024390244            48
    0.19512195121951    0.14634146341464    0.02439024390244            48
    0.21951219512195    0.14634146341464    0.02439024390244            48
    0.24390243902439    0.14634146341464    0.02439024390244            48
    0.26829268292683    0.14634146341464    0.02439024390244            48
    0.29268292682927    0.14634146341464    0.02439024390244            48
    0.31707317073171    0.14634146341464    0.02439024390244            48
    0.34146341463415    0.14634146341464    0.02439024390244            48
    0.36585365853659    0.14634146341464    0.02439024390244            48
    0.39024390243903    0.14634146341464    0.02439024390244            48
    0.41463414634146    0.14634146341464    0.02439024390244            48
    0.43902439024390    0.14634146341464    0.02439024390244            48
    0.46341463414634    0.14634146341464    0.02439024390244            48
    0.48780487804878    0.14634146341464    0.02439024390244            48
    0.17073170731708    0.17073170731708    0.02439024390244            24
    0.19512195121951    0.17073170731708    0.02439024390244            48
    0.21951219512195    0.17073170731708    0.02439024390244            48
    0.24390243902439    0.17073170731708    0.02439024390244            48
    0.26829268292683    0.17073170731708    0.02439024390244            48
    0.29268292682927    0.17073170731708    0.02439024390244            48
    0.31707317073171    0.17073170731708    0.02439024390244            48
    0.34146341463415    0.17073170731708    0.02439024390244            48
    0.36585365853659    0.17073170731708    0.02439024390244            48
    0.39024390243903    0.17073170731708    0.02439024390244            48
    0.41463414634146    0.17073170731708    0.02439024390244            48
    0.43902439024390    0.17073170731708    0.02439024390244            48
    0.46341463414634    0.17073170731708    0.02439024390244            48
    0.48780487804878    0.17073170731708    0.02439024390244            48
    0.19512195121951    0.19512195121951    0.02439024390244            24
    0.21951219512195    0.19512195121951    0.02439024390244            48
    0.24390243902439    0.19512195121951    0.02439024390244            48
    0.26829268292683    0.19512195121951    0.02439024390244            48
    0.29268292682927    0.19512195121951    0.02439024390244            48
    0.31707317073171    0.19512195121951    0.02439024390244            48
    0.34146341463415    0.19512195121951    0.02439024390244            48
    0.36585365853659    0.19512195121951    0.02439024390244            48
    0.39024390243903    0.19512195121951    0.02439024390244            48
    0.41463414634146    0.19512195121951    0.02439024390244            48
    0.43902439024390    0.19512195121951    0.02439024390244            48
    0.46341463414634    0.19512195121951    0.02439024390244            48
    0.48780487804878    0.19512195121951    0.02439024390244            48
    0.21951219512195    0.21951219512195    0.02439024390244            24
    0.24390243902439    0.21951219512195    0.02439024390244            48
    0.26829268292683    0.21951219512195    0.02439024390244            48
    0.29268292682927    0.21951219512195    0.02439024390244            48
    0.31707317073171    0.21951219512195    0.02439024390244            48
    0.34146341463415    0.21951219512195    0.02439024390244            48
    0.36585365853659    0.21951219512195    0.02439024390244            48
    0.39024390243903    0.21951219512195    0.02439024390244            48
    0.41463414634146    0.21951219512195    0.02439024390244            48
    0.43902439024390    0.21951219512195    0.02439024390244            48
    0.46341463414634    0.21951219512195    0.02439024390244            48
    0.48780487804878    0.21951219512195    0.02439024390244            48
    0.24390243902439    0.24390243902439    0.02439024390244            24
    0.26829268292683    0.24390243902439    0.02439024390244            48
    0.29268292682927    0.24390243902439    0.02439024390244            48
    0.31707317073171    0.24390243902439    0.02439024390244            48
    0.34146341463415    0.24390243902439    0.02439024390244            48
    0.36585365853659    0.24390243902439    0.02439024390244            48
    0.39024390243903    0.24390243902439    0.02439024390244            48
    0.41463414634146    0.24390243902439    0.02439024390244            48
    0.43902439024390    0.24390243902439    0.02439024390244            48
    0.46341463414634    0.24390243902439    0.02439024390244            48
    0.48780487804878    0.24390243902439    0.02439024390244            48
    0.26829268292683    0.26829268292683    0.02439024390244            24
    0.29268292682927    0.26829268292683    0.02439024390244            48
    0.31707317073171    0.26829268292683    0.02439024390244            48
    0.34146341463415    0.26829268292683    0.02439024390244            48
    0.36585365853659    0.26829268292683    0.02439024390244            48
    0.39024390243903    0.26829268292683    0.02439024390244            48
    0.41463414634146    0.26829268292683    0.02439024390244            48
    0.43902439024390    0.26829268292683    0.02439024390244            48
    0.46341463414634    0.26829268292683    0.02439024390244            48
    0.48780487804878    0.26829268292683    0.02439024390244            48
    0.29268292682927    0.29268292682927    0.02439024390244            24
    0.31707317073171    0.29268292682927    0.02439024390244            48
    0.34146341463415    0.29268292682927    0.02439024390244            48
    0.36585365853659    0.29268292682927    0.02439024390244            48
    0.39024390243903    0.29268292682927    0.02439024390244            48
    0.41463414634146    0.29268292682927    0.02439024390244            48
    0.43902439024390    0.29268292682927    0.02439024390244            48
    0.46341463414634    0.29268292682927    0.02439024390244            48
    0.48780487804878    0.29268292682927    0.02439024390244            48
    0.31707317073171    0.31707317073171    0.02439024390244            24
    0.34146341463415    0.31707317073171    0.02439024390244            48
    0.36585365853659    0.31707317073171    0.02439024390244            48
    0.39024390243903    0.31707317073171    0.02439024390244            48
    0.41463414634146    0.31707317073171    0.02439024390244            48
    0.43902439024390    0.31707317073171    0.02439024390244            48
    0.46341463414634    0.31707317073171    0.02439024390244            48
    0.48780487804878    0.31707317073171    0.02439024390244            48
    0.34146341463415    0.34146341463415    0.02439024390244            24
    0.36585365853659    0.34146341463415    0.02439024390244            48
    0.39024390243903    0.34146341463415    0.02439024390244            48
    0.41463414634146    0.34146341463415    0.02439024390244            48
    0.43902439024390    0.34146341463415    0.02439024390244            48
    0.46341463414634    0.34146341463415    0.02439024390244            48
    0.48780487804878    0.34146341463415    0.02439024390244            48
    0.36585365853659    0.36585365853659    0.02439024390244            24
    0.39024390243903    0.36585365853659    0.02439024390244            48
    0.41463414634146    0.36585365853659    0.02439024390244            48
    0.43902439024390    0.36585365853659    0.02439024390244            48
    0.46341463414634    0.36585365853659    0.02439024390244            48
    0.48780487804878    0.36585365853659    0.02439024390244            48
    0.39024390243903    0.39024390243903    0.02439024390244            24
    0.41463414634146    0.39024390243903    0.02439024390244            48
    0.43902439024390    0.39024390243903    0.02439024390244            48
    0.46341463414634    0.39024390243903    0.02439024390244            48
    0.48780487804878    0.39024390243903    0.02439024390244            48
    0.41463414634146    0.41463414634146    0.02439024390244            24
    0.43902439024390    0.41463414634146    0.02439024390244            48
    0.46341463414634    0.41463414634146    0.02439024390244            48
    0.48780487804878    0.41463414634146    0.02439024390244            48
    0.43902439024390    0.43902439024390    0.02439024390244            24
    0.46341463414634    0.43902439024390    0.02439024390244            48
    0.48780487804878    0.43902439024390    0.02439024390244            48
    0.46341463414634    0.46341463414634    0.02439024390244            24
    0.48780487804878    0.46341463414634    0.02439024390244            48
    0.48780487804878    0.48780487804878    0.02439024390244            24
    0.04878048780488    0.04878048780488    0.04878048780488             8
    0.07317073170732    0.04878048780488    0.04878048780488            24
    0.09756097560975    0.04878048780488    0.04878048780488            24
    0.12195121951220    0.04878048780488    0.04878048780488            24
    0.14634146341464    0.04878048780488    0.04878048780488            24
    0.17073170731708    0.04878048780488    0.04878048780488            24
    0.19512195121951    0.04878048780488    0.04878048780488            24
    0.21951219512195    0.04878048780488    0.04878048780488            24
    0.24390243902439    0.04878048780488    0.04878048780488            24
    0.26829268292683    0.04878048780488    0.04878048780488            24
    0.29268292682927    0.04878048780488    0.04878048780488            24
    0.31707317073171    0.04878048780488    0.04878048780488            24
    0.34146341463415    0.04878048780488    0.04878048780488            24
    0.36585365853659    0.04878048780488    0.04878048780488            24
    0.39024390243903    0.04878048780488    0.04878048780488            24
    0.41463414634146    0.04878048780488    0.04878048780488            24
    0.43902439024390    0.04878048780488    0.04878048780488            24
    0.46341463414634    0.04878048780488    0.04878048780488            24
    0.48780487804878    0.04878048780488    0.04878048780488            24
    0.07317073170732    0.07317073170732    0.04878048780488            24
    0.09756097560975    0.07317073170732    0.04878048780488            48
    0.12195121951220    0.07317073170732    0.04878048780488            48
    0.14634146341464    0.07317073170732    0.04878048780488            48
    0.17073170731708    0.07317073170732    0.04878048780488            48
    0.19512195121951    0.07317073170732    0.04878048780488            48
    0.21951219512195    0.07317073170732    0.04878048780488            48
    0.24390243902439    0.07317073170732    0.04878048780488            48
    0.26829268292683    0.07317073170732    0.04878048780488            48
    0.29268292682927    0.07317073170732    0.04878048780488            48
    0.31707317073171    0.07317073170732    0.04878048780488            48
    0.34146341463415    0.07317073170732    0.04878048780488            48
    0.36585365853659    0.07317073170732    0.04878048780488            48
    0.39024390243903    0.07317073170732    0.04878048780488            48
    0.41463414634146    0.07317073170732    0.04878048780488            48
    0.43902439024390    0.07317073170732    0.04878048780488            48
    0.46341463414634    0.07317073170732    0.04878048780488            48
    0.48780487804878    0.07317073170732    0.04878048780488            48
    0.09756097560975    0.09756097560975    0.04878048780488            24
    0.12195121951220    0.09756097560975    0.04878048780488            48
    0.14634146341464    0.09756097560975    0.04878048780488            48
    0.17073170731708    0.09756097560975    0.04878048780488            48
    0.19512195121951    0.09756097560975    0.04878048780488            48
    0.21951219512195    0.09756097560975    0.04878048780488            48
    0.24390243902439    0.09756097560975    0.04878048780488            48
    0.26829268292683    0.09756097560975    0.04878048780488            48
    0.29268292682927    0.09756097560975    0.04878048780488            48
    0.31707317073171    0.09756097560975    0.04878048780488            48
    0.34146341463415    0.09756097560975    0.04878048780488            48
    0.36585365853659    0.09756097560975    0.04878048780488            48
    0.39024390243903    0.09756097560975    0.04878048780488            48
    0.41463414634146    0.09756097560975    0.04878048780488            48
    0.43902439024390    0.09756097560975    0.04878048780488            48
    0.46341463414634    0.09756097560975    0.04878048780488            48
    0.48780487804878    0.09756097560975    0.04878048780488            48
    0.12195121951220    0.12195121951220    0.04878048780488            24
    0.14634146341464    0.12195121951220    0.04878048780488            48
    0.17073170731708    0.12195121951220    0.04878048780488            48
    0.19512195121951    0.12195121951220    0.04878048780488            48
    0.21951219512195    0.12195121951220    0.04878048780488            48
    0.24390243902439    0.12195121951220    0.04878048780488            48
    0.26829268292683    0.12195121951220    0.04878048780488            48
    0.29268292682927    0.12195121951220    0.04878048780488            48
    0.31707317073171    0.12195121951220    0.04878048780488            48
    0.34146341463415    0.12195121951220    0.04878048780488            48
    0.36585365853659    0.12195121951220    0.04878048780488            48
    0.39024390243903    0.12195121951220    0.04878048780488            48
    0.41463414634146    0.12195121951220    0.04878048780488            48
    0.43902439024390    0.12195121951220    0.04878048780488            48
    0.46341463414634    0.12195121951220    0.04878048780488            48
    0.48780487804878    0.12195121951220    0.04878048780488            48
    0.14634146341464    0.14634146341464    0.04878048780488            24
    0.17073170731708    0.14634146341464    0.04878048780488            48
    0.19512195121951    0.14634146341464    0.04878048780488            48
    0.21951219512195    0.14634146341464    0.04878048780488            48
    0.24390243902439    0.14634146341464    0.04878048780488            48
    0.26829268292683    0.14634146341464    0.04878048780488            48
    0.29268292682927    0.14634146341464    0.04878048780488            48
    0.31707317073171    0.14634146341464    0.04878048780488            48
    0.34146341463415    0.14634146341464    0.04878048780488            48
    0.36585365853659    0.14634146341464    0.04878048780488            48
    0.39024390243903    0.14634146341464    0.04878048780488            48
    0.41463414634146    0.14634146341464    0.04878048780488            48
    0.43902439024390    0.14634146341464    0.04878048780488            48
    0.46341463414634    0.14634146341464    0.04878048780488            48
    0.48780487804878    0.14634146341464    0.04878048780488            48
    0.17073170731708    0.17073170731708    0.04878048780488            24
    0.19512195121951    0.17073170731708    0.04878048780488            48
    0.21951219512195    0.17073170731708    0.04878048780488            48
    0.24390243902439    0.17073170731708    0.04878048780488            48
    0.26829268292683    0.17073170731708    0.04878048780488            48
    0.29268292682927    0.17073170731708    0.04878048780488            48
    0.31707317073171    0.17073170731708    0.04878048780488            48
    0.34146341463415    0.17073170731708    0.04878048780488            48
    0.36585365853659    0.17073170731708    0.04878048780488            48
    0.39024390243903    0.17073170731708    0.04878048780488            48
    0.41463414634146    0.17073170731708    0.04878048780488            48
    0.43902439024390    0.17073170731708    0.04878048780488            48
    0.46341463414634    0.17073170731708    0.04878048780488            48
    0.48780487804878    0.17073170731708    0.04878048780488            48
    0.19512195121951    0.19512195121951    0.04878048780488            24
    0.21951219512195    0.19512195121951    0.04878048780488            48
    0.24390243902439    0.19512195121951    0.04878048780488            48
    0.26829268292683    0.19512195121951    0.04878048780488            48
    0.29268292682927    0.19512195121951    0.04878048780488            48
    0.31707317073171    0.19512195121951    0.04878048780488            48
    0.34146341463415    0.19512195121951    0.04878048780488            48
    0.36585365853659    0.19512195121951    0.04878048780488            48
    0.39024390243903    0.19512195121951    0.04878048780488            48
    0.41463414634146    0.19512195121951    0.04878048780488            48
    0.43902439024390    0.19512195121951    0.04878048780488            48
    0.46341463414634    0.19512195121951    0.04878048780488            48
    0.48780487804878    0.19512195121951    0.04878048780488            48
    0.21951219512195    0.21951219512195    0.04878048780488            24
    0.24390243902439    0.21951219512195    0.04878048780488            48
    0.26829268292683    0.21951219512195    0.04878048780488            48
    0.29268292682927    0.21951219512195    0.04878048780488            48
    0.31707317073171    0.21951219512195    0.04878048780488            48
    0.34146341463415    0.21951219512195    0.04878048780488            48
    0.36585365853659    0.21951219512195    0.04878048780488            48
    0.39024390243903    0.21951219512195    0.04878048780488            48
    0.41463414634146    0.21951219512195    0.04878048780488            48
    0.43902439024390    0.21951219512195    0.04878048780488            48
    0.46341463414634    0.21951219512195    0.04878048780488            48
    0.48780487804878    0.21951219512195    0.04878048780488            48
    0.24390243902439    0.24390243902439    0.04878048780488            24
    0.26829268292683    0.24390243902439    0.04878048780488            48
    0.29268292682927    0.24390243902439    0.04878048780488            48
    0.31707317073171    0.24390243902439    0.04878048780488            48
    0.34146341463415    0.24390243902439    0.04878048780488            48
    0.36585365853659    0.24390243902439    0.04878048780488            48
    0.39024390243903    0.24390243902439    0.04878048780488            48
    0.41463414634146    0.24390243902439    0.04878048780488            48
    0.43902439024390    0.24390243902439    0.04878048780488            48
    0.46341463414634    0.24390243902439    0.04878048780488            48
    0.48780487804878    0.24390243902439    0.04878048780488            48
    0.26829268292683    0.26829268292683    0.04878048780488            24
    0.29268292682927    0.26829268292683    0.04878048780488            48
    0.31707317073171    0.26829268292683    0.04878048780488            48
    0.34146341463415    0.26829268292683    0.04878048780488            48
    0.36585365853659    0.26829268292683    0.04878048780488            48
    0.39024390243903    0.26829268292683    0.04878048780488            48
    0.41463414634146    0.26829268292683    0.04878048780488            48
    0.43902439024390    0.26829268292683    0.04878048780488            48
    0.46341463414634    0.26829268292683    0.04878048780488            48
    0.48780487804878    0.26829268292683    0.04878048780488            48
    0.29268292682927    0.29268292682927    0.04878048780488            24
    0.31707317073171    0.29268292682927    0.04878048780488            48
    0.34146341463415    0.29268292682927    0.04878048780488            48
    0.36585365853659    0.29268292682927    0.04878048780488            48
    0.39024390243903    0.29268292682927    0.04878048780488            48
    0.41463414634146    0.29268292682927    0.04878048780488            48
    0.43902439024390    0.29268292682927    0.04878048780488            48
    0.46341463414634    0.29268292682927    0.04878048780488            48
    0.48780487804878    0.29268292682927    0.04878048780488            48
    0.31707317073171    0.31707317073171    0.04878048780488            24
    0.34146341463415    0.31707317073171    0.04878048780488            48
    0.36585365853659    0.31707317073171    0.04878048780488            48
    0.39024390243903    0.31707317073171    0.04878048780488            48
    0.41463414634146    0.31707317073171    0.04878048780488            48
    0.43902439024390    0.31707317073171    0.04878048780488            48
    0.46341463414634    0.31707317073171    0.04878048780488            48
    0.48780487804878    0.31707317073171    0.04878048780488            48
    0.34146341463415    0.34146341463415    0.04878048780488            24
    0.36585365853659    0.34146341463415    0.04878048780488            48
    0.39024390243903    0.34146341463415    0.04878048780488            48
    0.41463414634146    0.34146341463415    0.04878048780488            48
    0.43902439024390    0.34146341463415    0.04878048780488            48
    0.46341463414634    0.34146341463415    0.04878048780488            48
    0.48780487804878    0.34146341463415    0.04878048780488            48
    0.36585365853659    0.36585365853659    0.04878048780488            24
    0.39024390243903    0.36585365853659    0.04878048780488            48
    0.41463414634146    0.36585365853659    0.04878048780488            48
    0.43902439024390    0.36585365853659    0.04878048780488            48
    0.46341463414634    0.36585365853659    0.04878048780488            48
    0.48780487804878    0.36585365853659    0.04878048780488            48
    0.39024390243903    0.39024390243903    0.04878048780488            24
    0.41463414634146    0.39024390243903    0.04878048780488            48
    0.43902439024390    0.39024390243903    0.04878048780488            48
    0.46341463414634    0.39024390243903    0.04878048780488            48
    0.48780487804878    0.39024390243903    0.04878048780488            48
    0.41463414634146    0.41463414634146    0.04878048780488            24
    0.43902439024390    0.41463414634146    0.04878048780488            48
    0.46341463414634    0.41463414634146    0.04878048780488            48
    0.48780487804878    0.41463414634146    0.04878048780488            48
    0.43902439024390    0.43902439024390    0.04878048780488            24
    0.46341463414634    0.43902439024390    0.04878048780488            48
    0.48780487804878    0.43902439024390    0.04878048780488            48
    0.46341463414634    0.46341463414634    0.04878048780488            24
    0.48780487804878    0.46341463414634    0.04878048780488            48
    0.48780487804878    0.48780487804878    0.04878048780488            24
    0.07317073170732    0.07317073170732    0.07317073170732             8
    0.09756097560975    0.07317073170732    0.07317073170732            24
    0.12195121951220    0.07317073170732    0.07317073170732            24
    0.14634146341464    0.07317073170732    0.07317073170732            24
    0.17073170731708    0.07317073170732    0.07317073170732            24
    0.19512195121951    0.07317073170732    0.07317073170732            24
    0.21951219512195    0.07317073170732    0.07317073170732            24
    0.24390243902439    0.07317073170732    0.07317073170732            24
    0.26829268292683    0.07317073170732    0.07317073170732            24
    0.29268292682927    0.07317073170732    0.07317073170732            24
    0.31707317073171    0.07317073170732    0.07317073170732            24
    0.34146341463415    0.07317073170732    0.07317073170732            24
    0.36585365853659    0.07317073170732    0.07317073170732            24
    0.39024390243903    0.07317073170732    0.07317073170732            24
    0.41463414634146    0.07317073170732    0.07317073170732            24
    0.43902439024390    0.07317073170732    0.07317073170732            24
    0.46341463414634    0.07317073170732    0.07317073170732            24
    0.48780487804878    0.07317073170732    0.07317073170732            24
    0.09756097560975    0.09756097560975    0.07317073170732            24
    0.12195121951220    0.09756097560975    0.07317073170732            48
    0.14634146341464    0.09756097560975    0.07317073170732            48
    0.17073170731708    0.09756097560975    0.07317073170732            48
    0.19512195121951    0.09756097560975    0.07317073170732            48
    0.21951219512195    0.09756097560975    0.07317073170732            48
    0.24390243902439    0.09756097560975    0.07317073170732            48
    0.26829268292683    0.09756097560975    0.07317073170732            48
    0.29268292682927    0.09756097560975    0.07317073170732            48
    0.31707317073171    0.09756097560975    0.07317073170732            48
    0.34146341463415    0.09756097560975    0.07317073170732            48
    0.36585365853659    0.09756097560975    0.07317073170732            48
    0.39024390243903    0.09756097560975    0.07317073170732            48
    0.41463414634146    0.09756097560975    0.07317073170732            48
    0.43902439024390    0.09756097560975    0.07317073170732            48
    0.46341463414634    0.09756097560975    0.07317073170732            48
    0.48780487804878    0.09756097560975    0.07317073170732            48
    0.12195121951220    0.12195121951220    0.07317073170732            24
    0.14634146341464    0.12195121951220    0.07317073170732            48
    0.17073170731708    0.12195121951220    0.07317073170732            48
    0.19512195121951    0.12195121951220    0.07317073170732            48
    0.21951219512195    0.12195121951220    0.07317073170732            48
    0.24390243902439    0.12195121951220    0.07317073170732            48
    0.26829268292683    0.12195121951220    0.07317073170732            48
    0.29268292682927    0.12195121951220    0.07317073170732            48
    0.31707317073171    0.12195121951220    0.07317073170732            48
    0.34146341463415    0.12195121951220    0.07317073170732            48
    0.36585365853659    0.12195121951220    0.07317073170732            48
    0.39024390243903    0.12195121951220    0.07317073170732            48
    0.41463414634146    0.12195121951220    0.07317073170732            48
    0.43902439024390    0.12195121951220    0.07317073170732            48
    0.46341463414634    0.12195121951220    0.07317073170732            48
    0.48780487804878    0.12195121951220    0.07317073170732            48
    0.14634146341464    0.14634146341464    0.07317073170732            24
    0.17073170731708    0.14634146341464    0.07317073170732            48
    0.19512195121951    0.14634146341464    0.07317073170732            48
    0.21951219512195    0.14634146341464    0.07317073170732            48
    0.24390243902439    0.14634146341464    0.07317073170732            48
    0.26829268292683    0.14634146341464    0.07317073170732            48
    0.29268292682927    0.14634146341464    0.07317073170732            48
    0.31707317073171    0.14634146341464    0.07317073170732            48
    0.34146341463415    0.14634146341464    0.07317073170732            48
    0.36585365853659    0.14634146341464    0.07317073170732            48
    0.39024390243903    0.14634146341464    0.07317073170732            48
    0.41463414634146    0.14634146341464    0.07317073170732            48
    0.43902439024390    0.14634146341464    0.07317073170732            48
    0.46341463414634    0.14634146341464    0.07317073170732            48
    0.48780487804878    0.14634146341464    0.07317073170732            48
    0.17073170731708    0.17073170731708    0.07317073170732            24
    0.19512195121951    0.17073170731708    0.07317073170732            48
    0.21951219512195    0.17073170731708    0.07317073170732            48
    0.24390243902439    0.17073170731708    0.07317073170732            48
    0.26829268292683    0.17073170731708    0.07317073170732            48
    0.29268292682927    0.17073170731708    0.07317073170732            48
    0.31707317073171    0.17073170731708    0.07317073170732            48
    0.34146341463415    0.17073170731708    0.07317073170732            48
    0.36585365853659    0.17073170731708    0.07317073170732            48
    0.39024390243903    0.17073170731708    0.07317073170732            48
    0.41463414634146    0.17073170731708    0.07317073170732            48
    0.43902439024390    0.17073170731708    0.07317073170732            48
    0.46341463414634    0.17073170731708    0.07317073170732            48
    0.48780487804878    0.17073170731708    0.07317073170732            48
    0.19512195121951    0.19512195121951    0.07317073170732            24
    0.21951219512195    0.19512195121951    0.07317073170732            48
    0.24390243902439    0.19512195121951    0.07317073170732            48
    0.26829268292683    0.19512195121951    0.07317073170732            48
    0.29268292682927    0.19512195121951    0.07317073170732            48
    0.31707317073171    0.19512195121951    0.07317073170732            48
    0.34146341463415    0.19512195121951    0.07317073170732            48
    0.36585365853659    0.19512195121951    0.07317073170732            48
    0.39024390243903    0.19512195121951    0.07317073170732            48
    0.41463414634146    0.19512195121951    0.07317073170732            48
    0.43902439024390    0.19512195121951    0.07317073170732            48
    0.46341463414634    0.19512195121951    0.07317073170732            48
    0.48780487804878    0.19512195121951    0.07317073170732            48
    0.21951219512195    0.21951219512195    0.07317073170732            24
    0.24390243902439    0.21951219512195    0.07317073170732            48
    0.26829268292683    0.21951219512195    0.07317073170732            48
    0.29268292682927    0.21951219512195    0.07317073170732            48
    0.31707317073171    0.21951219512195    0.07317073170732            48
    0.34146341463415    0.21951219512195    0.07317073170732            48
    0.36585365853659    0.21951219512195    0.07317073170732            48
    0.39024390243903    0.21951219512195    0.07317073170732            48
    0.41463414634146    0.21951219512195    0.07317073170732            48
    0.43902439024390    0.21951219512195    0.07317073170732            48
    0.46341463414634    0.21951219512195    0.07317073170732            48
    0.48780487804878    0.21951219512195    0.07317073170732            48
    0.24390243902439    0.24390243902439    0.07317073170732            24
    0.26829268292683    0.24390243902439    0.07317073170732            48
    0.29268292682927    0.24390243902439    0.07317073170732            48
    0.31707317073171    0.24390243902439    0.07317073170732            48
    0.34146341463415    0.24390243902439    0.07317073170732            48
    0.36585365853659    0.24390243902439    0.07317073170732            48
    0.39024390243903    0.24390243902439    0.07317073170732            48
    0.41463414634146    0.24390243902439    0.07317073170732            48
    0.43902439024390    0.24390243902439    0.07317073170732            48
    0.46341463414634    0.24390243902439    0.07317073170732            48
    0.48780487804878    0.24390243902439    0.07317073170732            48
    0.26829268292683    0.26829268292683    0.07317073170732            24
    0.29268292682927    0.26829268292683    0.07317073170732            48
    0.31707317073171    0.26829268292683    0.07317073170732            48
    0.34146341463415    0.26829268292683    0.07317073170732            48
    0.36585365853659    0.26829268292683    0.07317073170732            48
    0.39024390243903    0.26829268292683    0.07317073170732            48
    0.41463414634146    0.26829268292683    0.07317073170732            48
    0.43902439024390    0.26829268292683    0.07317073170732            48
    0.46341463414634    0.26829268292683    0.07317073170732            48
    0.48780487804878    0.26829268292683    0.07317073170732            48
    0.29268292682927    0.29268292682927    0.07317073170732            24
    0.31707317073171    0.29268292682927    0.07317073170732            48
    0.34146341463415    0.29268292682927    0.07317073170732            48
    0.36585365853659    0.29268292682927    0.07317073170732            48
    0.39024390243903    0.29268292682927    0.07317073170732            48
    0.41463414634146    0.29268292682927    0.07317073170732            48
    0.43902439024390    0.29268292682927    0.07317073170732            48
    0.46341463414634    0.29268292682927    0.07317073170732            48
    0.48780487804878    0.29268292682927    0.07317073170732            48
    0.31707317073171    0.31707317073171    0.07317073170732            24
    0.34146341463415    0.31707317073171    0.07317073170732            48
    0.36585365853659    0.31707317073171    0.07317073170732            48
    0.39024390243903    0.31707317073171    0.07317073170732            48
    0.41463414634146    0.31707317073171    0.07317073170732            48
    0.43902439024390    0.31707317073171    0.07317073170732            48
    0.46341463414634    0.31707317073171    0.07317073170732            48
    0.48780487804878    0.31707317073171    0.07317073170732            48
    0.34146341463415    0.34146341463415    0.07317073170732            24
    0.36585365853659    0.34146341463415    0.07317073170732            48
    0.39024390243903    0.34146341463415    0.07317073170732            48
    0.41463414634146    0.34146341463415    0.07317073170732            48
    0.43902439024390    0.34146341463415    0.07317073170732            48
    0.46341463414634    0.34146341463415    0.07317073170732            48
    0.48780487804878    0.34146341463415    0.07317073170732            48
    0.36585365853659    0.36585365853659    0.07317073170732            24
    0.39024390243903    0.36585365853659    0.07317073170732            48
    0.41463414634146    0.36585365853659    0.07317073170732            48
    0.43902439024390    0.36585365853659    0.07317073170732            48
    0.46341463414634    0.36585365853659    0.07317073170732            48
    0.48780487804878    0.36585365853659    0.07317073170732            48
    0.39024390243903    0.39024390243903    0.07317073170732            24
    0.41463414634146    0.39024390243903    0.07317073170732            48
    0.43902439024390    0.39024390243903    0.07317073170732            48
    0.46341463414634    0.39024390243903    0.07317073170732            48
    0.48780487804878    0.39024390243903    0.07317073170732            48
    0.41463414634146    0.41463414634146    0.07317073170732            24
    0.43902439024390    0.41463414634146    0.07317073170732            48
    0.46341463414634    0.41463414634146    0.07317073170732            48
    0.48780487804878    0.41463414634146    0.07317073170732            48
    0.43902439024390    0.43902439024390    0.07317073170732            24
    0.46341463414634    0.43902439024390    0.07317073170732            48
    0.48780487804878    0.43902439024390    0.07317073170732            48
    0.46341463414634    0.46341463414634    0.07317073170732            24
    0.48780487804878    0.46341463414634    0.07317073170732            48
    0.48780487804878    0.48780487804878    0.07317073170732            24
    0.09756097560975    0.09756097560975    0.09756097560975             8
    0.12195121951220    0.09756097560975    0.09756097560975            24
    0.14634146341464    0.09756097560975    0.09756097560975            24
    0.17073170731708    0.09756097560975    0.09756097560975            24
    0.19512195121951    0.09756097560975    0.09756097560975            24
    0.21951219512195    0.09756097560975    0.09756097560975            24
    0.24390243902439    0.09756097560975    0.09756097560975            24
    0.26829268292683    0.09756097560975    0.09756097560975            24
    0.29268292682927    0.09756097560975    0.09756097560975            24
    0.31707317073171    0.09756097560975    0.09756097560975            24
    0.34146341463415    0.09756097560975    0.09756097560975            24
    0.36585365853659    0.09756097560975    0.09756097560975            24
    0.39024390243903    0.09756097560975    0.09756097560975            24
    0.41463414634146    0.09756097560975    0.09756097560975            24
    0.43902439024390    0.09756097560975    0.09756097560975            24
    0.46341463414634    0.09756097560975    0.09756097560975            24
    0.48780487804878    0.09756097560975    0.09756097560975            24
    0.12195121951220    0.12195121951220    0.09756097560975            24
    0.14634146341464    0.12195121951220    0.09756097560975            48
    0.17073170731708    0.12195121951220    0.09756097560975            48
    0.19512195121951    0.12195121951220    0.09756097560975            48
    0.21951219512195    0.12195121951220    0.09756097560975            48
    0.24390243902439    0.12195121951220    0.09756097560975            48
    0.26829268292683    0.12195121951220    0.09756097560975            48
    0.29268292682927    0.12195121951220    0.09756097560975            48
    0.31707317073171    0.12195121951220    0.09756097560975            48
    0.34146341463415    0.12195121951220    0.09756097560975            48
    0.36585365853659    0.12195121951220    0.09756097560975            48
    0.39024390243903    0.12195121951220    0.09756097560975            48
    0.41463414634146    0.12195121951220    0.09756097560975            48
    0.43902439024390    0.12195121951220    0.09756097560975            48
    0.46341463414634    0.12195121951220    0.09756097560975            48
    0.48780487804878    0.12195121951220    0.09756097560975            48
    0.14634146341464    0.14634146341464    0.09756097560975            24
    0.17073170731708    0.14634146341464    0.09756097560975            48
    0.19512195121951    0.14634146341464    0.09756097560975            48
    0.21951219512195    0.14634146341464    0.09756097560975            48
    0.24390243902439    0.14634146341464    0.09756097560975            48
    0.26829268292683    0.14634146341464    0.09756097560975            48
    0.29268292682927    0.14634146341464    0.09756097560975            48
    0.31707317073171    0.14634146341464    0.09756097560975            48
    0.34146341463415    0.14634146341464    0.09756097560975            48
    0.36585365853659    0.14634146341464    0.09756097560975            48
    0.39024390243903    0.14634146341464    0.09756097560975            48
    0.41463414634146    0.14634146341464    0.09756097560975            48
    0.43902439024390    0.14634146341464    0.09756097560975            48
    0.46341463414634    0.14634146341464    0.09756097560975            48
    0.48780487804878    0.14634146341464    0.09756097560975            48
    0.17073170731708    0.17073170731708    0.09756097560975            24
    0.19512195121951    0.17073170731708    0.09756097560975            48
    0.21951219512195    0.17073170731708    0.09756097560975            48
    0.24390243902439    0.17073170731708    0.09756097560975            48
    0.26829268292683    0.17073170731708    0.09756097560975            48
    0.29268292682927    0.17073170731708    0.09756097560975            48
    0.31707317073171    0.17073170731708    0.09756097560975            48
    0.34146341463415    0.17073170731708    0.09756097560975            48
    0.36585365853659    0.17073170731708    0.09756097560975            48
    0.39024390243903    0.17073170731708    0.09756097560975            48
    0.41463414634146    0.17073170731708    0.09756097560975            48
    0.43902439024390    0.17073170731708    0.09756097560975            48
    0.46341463414634    0.17073170731708    0.09756097560975            48
    0.48780487804878    0.17073170731708    0.09756097560975            48
    0.19512195121951    0.19512195121951    0.09756097560975            24
    0.21951219512195    0.19512195121951    0.09756097560975            48
    0.24390243902439    0.19512195121951    0.09756097560975            48
    0.26829268292683    0.19512195121951    0.09756097560975            48
    0.29268292682927    0.19512195121951    0.09756097560975            48
    0.31707317073171    0.19512195121951    0.09756097560975            48
    0.34146341463415    0.19512195121951    0.09756097560975            48
    0.36585365853659    0.19512195121951    0.09756097560975            48
    0.39024390243903    0.19512195121951    0.09756097560975            48
    0.41463414634146    0.19512195121951    0.09756097560975            48
    0.43902439024390    0.19512195121951    0.09756097560975            48
    0.46341463414634    0.19512195121951    0.09756097560975            48
    0.48780487804878    0.19512195121951    0.09756097560975            48
    0.21951219512195    0.21951219512195    0.09756097560975            24
    0.24390243902439    0.21951219512195    0.09756097560975            48
    0.26829268292683    0.21951219512195    0.09756097560975            48
    0.29268292682927    0.21951219512195    0.09756097560975            48
    0.31707317073171    0.21951219512195    0.09756097560975            48
    0.34146341463415    0.21951219512195    0.09756097560975            48
    0.36585365853659    0.21951219512195    0.09756097560975            48
    0.39024390243903    0.21951219512195    0.09756097560975            48
    0.41463414634146    0.21951219512195    0.09756097560975            48
    0.43902439024390    0.21951219512195    0.09756097560975            48
    0.46341463414634    0.21951219512195    0.09756097560975            48
    0.48780487804878    0.21951219512195    0.09756097560975            48
    0.24390243902439    0.24390243902439    0.09756097560975            24
    0.26829268292683    0.24390243902439    0.09756097560975            48
    0.29268292682927    0.24390243902439    0.09756097560975            48
    0.31707317073171    0.24390243902439    0.09756097560975            48
    0.34146341463415    0.24390243902439    0.09756097560975            48
    0.36585365853659    0.24390243902439    0.09756097560975            48
    0.39024390243903    0.24390243902439    0.09756097560975            48
    0.41463414634146    0.24390243902439    0.09756097560975            48
    0.43902439024390    0.24390243902439    0.09756097560975            48
    0.46341463414634    0.24390243902439    0.09756097560975            48
    0.48780487804878    0.24390243902439    0.09756097560975            48
    0.26829268292683    0.26829268292683    0.09756097560975            24
    0.29268292682927    0.26829268292683    0.09756097560975            48
    0.31707317073171    0.26829268292683    0.09756097560975            48
    0.34146341463415    0.26829268292683    0.09756097560975            48
    0.36585365853659    0.26829268292683    0.09756097560975            48
    0.39024390243903    0.26829268292683    0.09756097560975            48
    0.41463414634146    0.26829268292683    0.09756097560975            48
    0.43902439024390    0.26829268292683    0.09756097560975            48
    0.46341463414634    0.26829268292683    0.09756097560975            48
    0.48780487804878    0.26829268292683    0.09756097560975            48
    0.29268292682927    0.29268292682927    0.09756097560975            24
    0.31707317073171    0.29268292682927    0.09756097560975            48
    0.34146341463415    0.29268292682927    0.09756097560975            48
    0.36585365853659    0.29268292682927    0.09756097560975            48
    0.39024390243903    0.29268292682927    0.09756097560975            48
    0.41463414634146    0.29268292682927    0.09756097560975            48
    0.43902439024390    0.29268292682927    0.09756097560975            48
    0.46341463414634    0.29268292682927    0.09756097560975            48
    0.48780487804878    0.29268292682927    0.09756097560975            48
    0.31707317073171    0.31707317073171    0.09756097560975            24
    0.34146341463415    0.31707317073171    0.09756097560975            48
    0.36585365853659    0.31707317073171    0.09756097560975            48
    0.39024390243903    0.31707317073171    0.09756097560975            48
    0.41463414634146    0.31707317073171    0.09756097560975            48
    0.43902439024390    0.31707317073171    0.09756097560975            48
    0.46341463414634    0.31707317073171    0.09756097560975            48
    0.48780487804878    0.31707317073171    0.09756097560975            48
    0.34146341463415    0.34146341463415    0.09756097560975            24
    0.36585365853659    0.34146341463415    0.09756097560975            48
    0.39024390243903    0.34146341463415    0.09756097560975            48
    0.41463414634146    0.34146341463415    0.09756097560975            48
    0.43902439024390    0.34146341463415    0.09756097560975            48
    0.46341463414634    0.34146341463415    0.09756097560975            48
    0.48780487804878    0.34146341463415    0.09756097560975            48
    0.36585365853659    0.36585365853659    0.09756097560975            24
    0.39024390243903    0.36585365853659    0.09756097560975            48
    0.41463414634146    0.36585365853659    0.09756097560975            48
    0.43902439024390    0.36585365853659    0.09756097560975            48
    0.46341463414634    0.36585365853659    0.09756097560975            48
    0.48780487804878    0.36585365853659    0.09756097560975            48
    0.39024390243903    0.39024390243903    0.09756097560975            24
    0.41463414634146    0.39024390243903    0.09756097560975            48
    0.43902439024390    0.39024390243903    0.09756097560975            48
    0.46341463414634    0.39024390243903    0.09756097560975            48
    0.48780487804878    0.39024390243903    0.09756097560975            48
    0.41463414634146    0.41463414634146    0.09756097560975            24
    0.43902439024390    0.41463414634146    0.09756097560975            48
    0.46341463414634    0.41463414634146    0.09756097560975            48
    0.48780487804878    0.41463414634146    0.09756097560975            48
    0.43902439024390    0.43902439024390    0.09756097560975            24
    0.46341463414634    0.43902439024390    0.09756097560975            48
    0.48780487804878    0.43902439024390    0.09756097560975            48
    0.46341463414634    0.46341463414634    0.09756097560975            24
    0.48780487804878    0.46341463414634    0.09756097560975            48
    0.48780487804878    0.48780487804878    0.09756097560975            24
    0.12195121951220    0.12195121951220    0.12195121951220             8
    0.14634146341464    0.12195121951220    0.12195121951220            24
    0.17073170731708    0.12195121951220    0.12195121951220            24
    0.19512195121951    0.12195121951220    0.12195121951220            24
    0.21951219512195    0.12195121951220    0.12195121951220            24
    0.24390243902439    0.12195121951220    0.12195121951220            24
    0.26829268292683    0.12195121951220    0.12195121951220            24
    0.29268292682927    0.12195121951220    0.12195121951220            24
    0.31707317073171    0.12195121951220    0.12195121951220            24
    0.34146341463415    0.12195121951220    0.12195121951220            24
    0.36585365853659    0.12195121951220    0.12195121951220            24
    0.39024390243903    0.12195121951220    0.12195121951220            24
    0.41463414634146    0.12195121951220    0.12195121951220            24
    0.43902439024390    0.12195121951220    0.12195121951220            24
    0.46341463414634    0.12195121951220    0.12195121951220            24
    0.48780487804878    0.12195121951220    0.12195121951220            24
    0.14634146341464    0.14634146341464    0.12195121951220            24
    0.17073170731708    0.14634146341464    0.12195121951220            48
    0.19512195121951    0.14634146341464    0.12195121951220            48
    0.21951219512195    0.14634146341464    0.12195121951220            48
    0.24390243902439    0.14634146341464    0.12195121951220            48
    0.26829268292683    0.14634146341464    0.12195121951220            48
    0.29268292682927    0.14634146341464    0.12195121951220            48
    0.31707317073171    0.14634146341464    0.12195121951220            48
    0.34146341463415    0.14634146341464    0.12195121951220            48
    0.36585365853659    0.14634146341464    0.12195121951220            48
    0.39024390243903    0.14634146341464    0.12195121951220            48
    0.41463414634146    0.14634146341464    0.12195121951220            48
    0.43902439024390    0.14634146341464    0.12195121951220            48
    0.46341463414634    0.14634146341464    0.12195121951220            48
    0.48780487804878    0.14634146341464    0.12195121951220            48
    0.17073170731708    0.17073170731708    0.12195121951220            24
    0.19512195121951    0.17073170731708    0.12195121951220            48
    0.21951219512195    0.17073170731708    0.12195121951220            48
    0.24390243902439    0.17073170731708    0.12195121951220            48
    0.26829268292683    0.17073170731708    0.12195121951220            48
    0.29268292682927    0.17073170731708    0.12195121951220            48
    0.31707317073171    0.17073170731708    0.12195121951220            48
    0.34146341463415    0.17073170731708    0.12195121951220            48
    0.36585365853659    0.17073170731708    0.12195121951220            48
    0.39024390243903    0.17073170731708    0.12195121951220            48
    0.41463414634146    0.17073170731708    0.12195121951220            48
    0.43902439024390    0.17073170731708    0.12195121951220            48
    0.46341463414634    0.17073170731708    0.12195121951220            48
    0.48780487804878    0.17073170731708    0.12195121951220            48
    0.19512195121951    0.19512195121951    0.12195121951220            24
    0.21951219512195    0.19512195121951    0.12195121951220            48
    0.24390243902439    0.19512195121951    0.12195121951220            48
    0.26829268292683    0.19512195121951    0.12195121951220            48
    0.29268292682927    0.19512195121951    0.12195121951220            48
    0.31707317073171    0.19512195121951    0.12195121951220            48
    0.34146341463415    0.19512195121951    0.12195121951220            48
    0.36585365853659    0.19512195121951    0.12195121951220            48
    0.39024390243903    0.19512195121951    0.12195121951220            48
    0.41463414634146    0.19512195121951    0.12195121951220            48
    0.43902439024390    0.19512195121951    0.12195121951220            48
    0.46341463414634    0.19512195121951    0.12195121951220            48
    0.48780487804878    0.19512195121951    0.12195121951220            48
    0.21951219512195    0.21951219512195    0.12195121951220            24
    0.24390243902439    0.21951219512195    0.12195121951220            48
    0.26829268292683    0.21951219512195    0.12195121951220            48
    0.29268292682927    0.21951219512195    0.12195121951220            48
    0.31707317073171    0.21951219512195    0.12195121951220            48
    0.34146341463415    0.21951219512195    0.12195121951220            48
    0.36585365853659    0.21951219512195    0.12195121951220            48
    0.39024390243903    0.21951219512195    0.12195121951220            48
    0.41463414634146    0.21951219512195    0.12195121951220            48
    0.43902439024390    0.21951219512195    0.12195121951220            48
    0.46341463414634    0.21951219512195    0.12195121951220            48
    0.48780487804878    0.21951219512195    0.12195121951220            48
    0.24390243902439    0.24390243902439    0.12195121951220            24
    0.26829268292683    0.24390243902439    0.12195121951220            48
    0.29268292682927    0.24390243902439    0.12195121951220            48
    0.31707317073171    0.24390243902439    0.12195121951220            48
    0.34146341463415    0.24390243902439    0.12195121951220            48
    0.36585365853659    0.24390243902439    0.12195121951220            48
    0.39024390243903    0.24390243902439    0.12195121951220            48
    0.41463414634146    0.24390243902439    0.12195121951220            48
    0.43902439024390    0.24390243902439    0.12195121951220            48
    0.46341463414634    0.24390243902439    0.12195121951220            48
    0.48780487804878    0.24390243902439    0.12195121951220            48
    0.26829268292683    0.26829268292683    0.12195121951220            24
    0.29268292682927    0.26829268292683    0.12195121951220            48
    0.31707317073171    0.26829268292683    0.12195121951220            48
    0.34146341463415    0.26829268292683    0.12195121951220            48
    0.36585365853659    0.26829268292683    0.12195121951220            48
    0.39024390243903    0.26829268292683    0.12195121951220            48
    0.41463414634146    0.26829268292683    0.12195121951220            48
    0.43902439024390    0.26829268292683    0.12195121951220            48
    0.46341463414634    0.26829268292683    0.12195121951220            48
    0.48780487804878    0.26829268292683    0.12195121951220            48
    0.29268292682927    0.29268292682927    0.12195121951220            24
    0.31707317073171    0.29268292682927    0.12195121951220            48
    0.34146341463415    0.29268292682927    0.12195121951220            48
    0.36585365853659    0.29268292682927    0.12195121951220            48
    0.39024390243903    0.29268292682927    0.12195121951220            48
    0.41463414634146    0.29268292682927    0.12195121951220            48
    0.43902439024390    0.29268292682927    0.12195121951220            48
    0.46341463414634    0.29268292682927    0.12195121951220            48
    0.48780487804878    0.29268292682927    0.12195121951220            48
    0.31707317073171    0.31707317073171    0.12195121951220            24
    0.34146341463415    0.31707317073171    0.12195121951220            48
    0.36585365853659    0.31707317073171    0.12195121951220            48
    0.39024390243903    0.31707317073171    0.12195121951220            48
    0.41463414634146    0.31707317073171    0.12195121951220            48
    0.43902439024390    0.31707317073171    0.12195121951220            48
    0.46341463414634    0.31707317073171    0.12195121951220            48
    0.48780487804878    0.31707317073171    0.12195121951220            48
    0.34146341463415    0.34146341463415    0.12195121951220            24
    0.36585365853659    0.34146341463415    0.12195121951220            48
    0.39024390243903    0.34146341463415    0.12195121951220            48
    0.41463414634146    0.34146341463415    0.12195121951220            48
    0.43902439024390    0.34146341463415    0.12195121951220            48
    0.46341463414634    0.34146341463415    0.12195121951220            48
    0.48780487804878    0.34146341463415    0.12195121951220            48
    0.36585365853659    0.36585365853659    0.12195121951220            24
    0.39024390243903    0.36585365853659    0.12195121951220            48
    0.41463414634146    0.36585365853659    0.12195121951220            48
    0.43902439024390    0.36585365853659    0.12195121951220            48
    0.46341463414634    0.36585365853659    0.12195121951220            48
    0.48780487804878    0.36585365853659    0.12195121951220            48
    0.39024390243903    0.39024390243903    0.12195121951220            24
    0.41463414634146    0.39024390243903    0.12195121951220            48
    0.43902439024390    0.39024390243903    0.12195121951220            48
    0.46341463414634    0.39024390243903    0.12195121951220            48
    0.48780487804878    0.39024390243903    0.12195121951220            48
    0.41463414634146    0.41463414634146    0.12195121951220            24
    0.43902439024390    0.41463414634146    0.12195121951220            48
    0.46341463414634    0.41463414634146    0.12195121951220            48
    0.48780487804878    0.41463414634146    0.12195121951220            48
    0.43902439024390    0.43902439024390    0.12195121951220            24
    0.46341463414634    0.43902439024390    0.12195121951220            48
    0.48780487804878    0.43902439024390    0.12195121951220            48
    0.46341463414634    0.46341463414634    0.12195121951220            24
    0.48780487804878    0.46341463414634    0.12195121951220            48
    0.48780487804878    0.48780487804878    0.12195121951220            24
    0.14634146341464    0.14634146341464    0.14634146341464             8
    0.17073170731708    0.14634146341464    0.14634146341464            24
    0.19512195121951    0.14634146341464    0.14634146341464            24
    0.21951219512195    0.14634146341464    0.14634146341464            24
    0.24390243902439    0.14634146341464    0.14634146341464            24
    0.26829268292683    0.14634146341464    0.14634146341464            24
    0.29268292682927    0.14634146341464    0.14634146341464            24
    0.31707317073171    0.14634146341464    0.14634146341464            24
    0.34146341463415    0.14634146341464    0.14634146341464            24
    0.36585365853659    0.14634146341464    0.14634146341464            24
    0.39024390243903    0.14634146341464    0.14634146341464            24
    0.41463414634146    0.14634146341464    0.14634146341464            24
    0.43902439024390    0.14634146341464    0.14634146341464            24
    0.46341463414634    0.14634146341464    0.14634146341464            24
    0.48780487804878    0.14634146341464    0.14634146341464            24
    0.17073170731708    0.17073170731708    0.14634146341464            24
    0.19512195121951    0.17073170731708    0.14634146341464            48
    0.21951219512195    0.17073170731708    0.14634146341464            48
    0.24390243902439    0.17073170731708    0.14634146341464            48
    0.26829268292683    0.17073170731708    0.14634146341464            48
    0.29268292682927    0.17073170731708    0.14634146341464            48
    0.31707317073171    0.17073170731708    0.14634146341464            48
    0.34146341463415    0.17073170731708    0.14634146341464            48
    0.36585365853659    0.17073170731708    0.14634146341464            48
    0.39024390243903    0.17073170731708    0.14634146341464            48
    0.41463414634146    0.17073170731708    0.14634146341464            48
    0.43902439024390    0.17073170731708    0.14634146341464            48
    0.46341463414634    0.17073170731708    0.14634146341464            48
    0.48780487804878    0.17073170731708    0.14634146341464            48
    0.19512195121951    0.19512195121951    0.14634146341464            24
    0.21951219512195    0.19512195121951    0.14634146341464            48
    0.24390243902439    0.19512195121951    0.14634146341464            48
    0.26829268292683    0.19512195121951    0.14634146341464            48
    0.29268292682927    0.19512195121951    0.14634146341464            48
    0.31707317073171    0.19512195121951    0.14634146341464            48
    0.34146341463415    0.19512195121951    0.14634146341464            48
    0.36585365853659    0.19512195121951    0.14634146341464            48
    0.39024390243903    0.19512195121951    0.14634146341464            48
    0.41463414634146    0.19512195121951    0.14634146341464            48
    0.43902439024390    0.19512195121951    0.14634146341464            48
    0.46341463414634    0.19512195121951    0.14634146341464            48
    0.48780487804878    0.19512195121951    0.14634146341464            48
    0.21951219512195    0.21951219512195    0.14634146341464            24
    0.24390243902439    0.21951219512195    0.14634146341464            48
    0.26829268292683    0.21951219512195    0.14634146341464            48
    0.29268292682927    0.21951219512195    0.14634146341464            48
    0.31707317073171    0.21951219512195    0.14634146341464            48
    0.34146341463415    0.21951219512195    0.14634146341464            48
    0.36585365853659    0.21951219512195    0.14634146341464            48
    0.39024390243903    0.21951219512195    0.14634146341464            48
    0.41463414634146    0.21951219512195    0.14634146341464            48
    0.43902439024390    0.21951219512195    0.14634146341464            48
    0.46341463414634    0.21951219512195    0.14634146341464            48
    0.48780487804878    0.21951219512195    0.14634146341464            48
    0.24390243902439    0.24390243902439    0.14634146341464            24
    0.26829268292683    0.24390243902439    0.14634146341464            48
    0.29268292682927    0.24390243902439    0.14634146341464            48
    0.31707317073171    0.24390243902439    0.14634146341464            48
    0.34146341463415    0.24390243902439    0.14634146341464            48
    0.36585365853659    0.24390243902439    0.14634146341464            48
    0.39024390243903    0.24390243902439    0.14634146341464            48
    0.41463414634146    0.24390243902439    0.14634146341464            48
    0.43902439024390    0.24390243902439    0.14634146341464            48
    0.46341463414634    0.24390243902439    0.14634146341464            48
    0.48780487804878    0.24390243902439    0.14634146341464            48
    0.26829268292683    0.26829268292683    0.14634146341464            24
    0.29268292682927    0.26829268292683    0.14634146341464            48
    0.31707317073171    0.26829268292683    0.14634146341464            48
    0.34146341463415    0.26829268292683    0.14634146341464            48
    0.36585365853659    0.26829268292683    0.14634146341464            48
    0.39024390243903    0.26829268292683    0.14634146341464            48
    0.41463414634146    0.26829268292683    0.14634146341464            48
    0.43902439024390    0.26829268292683    0.14634146341464            48
    0.46341463414634    0.26829268292683    0.14634146341464            48
    0.48780487804878    0.26829268292683    0.14634146341464            48
    0.29268292682927    0.29268292682927    0.14634146341464            24
    0.31707317073171    0.29268292682927    0.14634146341464            48
    0.34146341463415    0.29268292682927    0.14634146341464            48
    0.36585365853659    0.29268292682927    0.14634146341464            48
    0.39024390243903    0.29268292682927    0.14634146341464            48
    0.41463414634146    0.29268292682927    0.14634146341464            48
    0.43902439024390    0.29268292682927    0.14634146341464            48
    0.46341463414634    0.29268292682927    0.14634146341464            48
    0.48780487804878    0.29268292682927    0.14634146341464            48
    0.31707317073171    0.31707317073171    0.14634146341464            24
    0.34146341463415    0.31707317073171    0.14634146341464            48
    0.36585365853659    0.31707317073171    0.14634146341464            48
    0.39024390243903    0.31707317073171    0.14634146341464            48
    0.41463414634146    0.31707317073171    0.14634146341464            48
    0.43902439024390    0.31707317073171    0.14634146341464            48
    0.46341463414634    0.31707317073171    0.14634146341464            48
    0.48780487804878    0.31707317073171    0.14634146341464            48
    0.34146341463415    0.34146341463415    0.14634146341464            24
    0.36585365853659    0.34146341463415    0.14634146341464            48
    0.39024390243903    0.34146341463415    0.14634146341464            48
    0.41463414634146    0.34146341463415    0.14634146341464            48
    0.43902439024390    0.34146341463415    0.14634146341464            48
    0.46341463414634    0.34146341463415    0.14634146341464            48
    0.48780487804878    0.34146341463415    0.14634146341464            48
    0.36585365853659    0.36585365853659    0.14634146341464            24
    0.39024390243903    0.36585365853659    0.14634146341464            48
    0.41463414634146    0.36585365853659    0.14634146341464            48
    0.43902439024390    0.36585365853659    0.14634146341464            48
    0.46341463414634    0.36585365853659    0.14634146341464            48
    0.48780487804878    0.36585365853659    0.14634146341464            48
    0.39024390243903    0.39024390243903    0.14634146341464            24
    0.41463414634146    0.39024390243903    0.14634146341464            48
    0.43902439024390    0.39024390243903    0.14634146341464            48
    0.46341463414634    0.39024390243903    0.14634146341464            48
    0.48780487804878    0.39024390243903    0.14634146341464            48
    0.41463414634146    0.41463414634146    0.14634146341464            24
    0.43902439024390    0.41463414634146    0.14634146341464            48
    0.46341463414634    0.41463414634146    0.14634146341464            48
    0.48780487804878    0.41463414634146    0.14634146341464            48
    0.43902439024390    0.43902439024390    0.14634146341464            24
    0.46341463414634    0.43902439024390    0.14634146341464            48
    0.48780487804878    0.43902439024390    0.14634146341464            48
    0.46341463414634    0.46341463414634    0.14634146341464            24
    0.48780487804878    0.46341463414634    0.14634146341464            48
    0.48780487804878    0.48780487804878    0.14634146341464            24
    0.17073170731708    0.17073170731708    0.17073170731708             8
    0.19512195121951    0.17073170731708    0.17073170731708            24
    0.21951219512195    0.17073170731708    0.17073170731708            24
    0.24390243902439    0.17073170731708    0.17073170731708            24
    0.26829268292683    0.17073170731708    0.17073170731708            24
    0.29268292682927    0.17073170731708    0.17073170731708            24
    0.31707317073171    0.17073170731708    0.17073170731708            24
    0.34146341463415    0.17073170731708    0.17073170731708            24
    0.36585365853659    0.17073170731708    0.17073170731708            24
    0.39024390243903    0.17073170731708    0.17073170731708            24
    0.41463414634146    0.17073170731708    0.17073170731708            24
    0.43902439024390    0.17073170731708    0.17073170731708            24
    0.46341463414634    0.17073170731708    0.17073170731708            24
    0.48780487804878    0.17073170731708    0.17073170731708            24
    0.19512195121951    0.19512195121951    0.17073170731708            24
    0.21951219512195    0.19512195121951    0.17073170731708            48
    0.24390243902439    0.19512195121951    0.17073170731708            48
    0.26829268292683    0.19512195121951    0.17073170731708            48
    0.29268292682927    0.19512195121951    0.17073170731708            48
    0.31707317073171    0.19512195121951    0.17073170731708            48
    0.34146341463415    0.19512195121951    0.17073170731708            48
    0.36585365853659    0.19512195121951    0.17073170731708            48
    0.39024390243903    0.19512195121951    0.17073170731708            48
    0.41463414634146    0.19512195121951    0.17073170731708            48
    0.43902439024390    0.19512195121951    0.17073170731708            48
    0.46341463414634    0.19512195121951    0.17073170731708            48
    0.48780487804878    0.19512195121951    0.17073170731708            48
    0.21951219512195    0.21951219512195    0.17073170731708            24
    0.24390243902439    0.21951219512195    0.17073170731708            48
    0.26829268292683    0.21951219512195    0.17073170731708            48
    0.29268292682927    0.21951219512195    0.17073170731708            48
    0.31707317073171    0.21951219512195    0.17073170731708            48
    0.34146341463415    0.21951219512195    0.17073170731708            48
    0.36585365853659    0.21951219512195    0.17073170731708            48
    0.39024390243903    0.21951219512195    0.17073170731708            48
    0.41463414634146    0.21951219512195    0.17073170731708            48
    0.43902439024390    0.21951219512195    0.17073170731708            48
    0.46341463414634    0.21951219512195    0.17073170731708            48
    0.48780487804878    0.21951219512195    0.17073170731708            48
    0.24390243902439    0.24390243902439    0.17073170731708            24
    0.26829268292683    0.24390243902439    0.17073170731708            48
    0.29268292682927    0.24390243902439    0.17073170731708            48
    0.31707317073171    0.24390243902439    0.17073170731708            48
    0.34146341463415    0.24390243902439    0.17073170731708            48
    0.36585365853659    0.24390243902439    0.17073170731708            48
    0.39024390243903    0.24390243902439    0.17073170731708            48
    0.41463414634146    0.24390243902439    0.17073170731708            48
    0.43902439024390    0.24390243902439    0.17073170731708            48
    0.46341463414634    0.24390243902439    0.17073170731708            48
    0.48780487804878    0.24390243902439    0.17073170731708            48
    0.26829268292683    0.26829268292683    0.17073170731708            24
    0.29268292682927    0.26829268292683    0.17073170731708            48
    0.31707317073171    0.26829268292683    0.17073170731708            48
    0.34146341463415    0.26829268292683    0.17073170731708            48
    0.36585365853659    0.26829268292683    0.17073170731708            48
    0.39024390243903    0.26829268292683    0.17073170731708            48
    0.41463414634146    0.26829268292683    0.17073170731708            48
    0.43902439024390    0.26829268292683    0.17073170731708            48
    0.46341463414634    0.26829268292683    0.17073170731708            48
    0.48780487804878    0.26829268292683    0.17073170731708            48
    0.29268292682927    0.29268292682927    0.17073170731708            24
    0.31707317073171    0.29268292682927    0.17073170731708            48
    0.34146341463415    0.29268292682927    0.17073170731708            48
    0.36585365853659    0.29268292682927    0.17073170731708            48
    0.39024390243903    0.29268292682927    0.17073170731708            48
    0.41463414634146    0.29268292682927    0.17073170731708            48
    0.43902439024390    0.29268292682927    0.17073170731708            48
    0.46341463414634    0.29268292682927    0.17073170731708            48
    0.48780487804878    0.29268292682927    0.17073170731708            48
    0.31707317073171    0.31707317073171    0.17073170731708            24
    0.34146341463415    0.31707317073171    0.17073170731708            48
    0.36585365853659    0.31707317073171    0.17073170731708            48
    0.39024390243903    0.31707317073171    0.17073170731708            48
    0.41463414634146    0.31707317073171    0.17073170731708            48
    0.43902439024390    0.31707317073171    0.17073170731708            48
    0.46341463414634    0.31707317073171    0.17073170731708            48
    0.48780487804878    0.31707317073171    0.17073170731708            48
    0.34146341463415    0.34146341463415    0.17073170731708            24
    0.36585365853659    0.34146341463415    0.17073170731708            48
    0.39024390243903    0.34146341463415    0.17073170731708            48
    0.41463414634146    0.34146341463415    0.17073170731708            48
    0.43902439024390    0.34146341463415    0.17073170731708            48
    0.46341463414634    0.34146341463415    0.17073170731708            48
    0.48780487804878    0.34146341463415    0.17073170731708            48
    0.36585365853659    0.36585365853659    0.17073170731708            24
    0.39024390243903    0.36585365853659    0.17073170731708            48
    0.41463414634146    0.36585365853659    0.17073170731708            48
    0.43902439024390    0.36585365853659    0.17073170731708            48
    0.46341463414634    0.36585365853659    0.17073170731708            48
    0.48780487804878    0.36585365853659    0.17073170731708            48
    0.39024390243903    0.39024390243903    0.17073170731708            24
    0.41463414634146    0.39024390243903    0.17073170731708            48
    0.43902439024390    0.39024390243903    0.17073170731708            48
    0.46341463414634    0.39024390243903    0.17073170731708            48
    0.48780487804878    0.39024390243903    0.17073170731708            48
    0.41463414634146    0.41463414634146    0.17073170731708            24
    0.43902439024390    0.41463414634146    0.17073170731708            48
    0.46341463414634    0.41463414634146    0.17073170731708            48
    0.48780487804878    0.41463414634146    0.17073170731708            48
    0.43902439024390    0.43902439024390    0.17073170731708            24
    0.46341463414634    0.43902439024390    0.17073170731708            48
    0.48780487804878    0.43902439024390    0.17073170731708            48
    0.46341463414634    0.46341463414634    0.17073170731708            24
    0.48780487804878    0.46341463414634    0.17073170731708            48
    0.48780487804878    0.48780487804878    0.17073170731708            24
    0.19512195121951    0.19512195121951    0.19512195121951             8
    0.21951219512195    0.19512195121951    0.19512195121951            24
    0.24390243902439    0.19512195121951    0.19512195121951            24
    0.26829268292683    0.19512195121951    0.19512195121951            24
    0.29268292682927    0.19512195121951    0.19512195121951            24
    0.31707317073171    0.19512195121951    0.19512195121951            24
    0.34146341463415    0.19512195121951    0.19512195121951            24
    0.36585365853659    0.19512195121951    0.19512195121951            24
    0.39024390243903    0.19512195121951    0.19512195121951            24
    0.41463414634146    0.19512195121951    0.19512195121951            24
    0.43902439024390    0.19512195121951    0.19512195121951            24
    0.46341463414634    0.19512195121951    0.19512195121951            24
    0.48780487804878    0.19512195121951    0.19512195121951            24
    0.21951219512195    0.21951219512195    0.19512195121951            24
    0.24390243902439    0.21951219512195    0.19512195121951            48
    0.26829268292683    0.21951219512195    0.19512195121951            48
    0.29268292682927    0.21951219512195    0.19512195121951            48
    0.31707317073171    0.21951219512195    0.19512195121951            48
    0.34146341463415    0.21951219512195    0.19512195121951            48
    0.36585365853659    0.21951219512195    0.19512195121951            48
    0.39024390243903    0.21951219512195    0.19512195121951            48
    0.41463414634146    0.21951219512195    0.19512195121951            48
    0.43902439024390    0.21951219512195    0.19512195121951            48
    0.46341463414634    0.21951219512195    0.19512195121951            48
    0.48780487804878    0.21951219512195    0.19512195121951            48
    0.24390243902439    0.24390243902439    0.19512195121951            24
    0.26829268292683    0.24390243902439    0.19512195121951            48
    0.29268292682927    0.24390243902439    0.19512195121951            48
    0.31707317073171    0.24390243902439    0.19512195121951            48
    0.34146341463415    0.24390243902439    0.19512195121951            48
    0.36585365853659    0.24390243902439    0.19512195121951            48
    0.39024390243903    0.24390243902439    0.19512195121951            48
    0.41463414634146    0.24390243902439    0.19512195121951            48
    0.43902439024390    0.24390243902439    0.19512195121951            48
    0.46341463414634    0.24390243902439    0.19512195121951            48
    0.48780487804878    0.24390243902439    0.19512195121951            48
    0.26829268292683    0.26829268292683    0.19512195121951            24
    0.29268292682927    0.26829268292683    0.19512195121951            48
    0.31707317073171    0.26829268292683    0.19512195121951            48
    0.34146341463415    0.26829268292683    0.19512195121951            48
    0.36585365853659    0.26829268292683    0.19512195121951            48
    0.39024390243903    0.26829268292683    0.19512195121951            48
    0.41463414634146    0.26829268292683    0.19512195121951            48
    0.43902439024390    0.26829268292683    0.19512195121951            48
    0.46341463414634    0.26829268292683    0.19512195121951            48
    0.48780487804878    0.26829268292683    0.19512195121951            48
    0.29268292682927    0.29268292682927    0.19512195121951            24
    0.31707317073171    0.29268292682927    0.19512195121951            48
    0.34146341463415    0.29268292682927    0.19512195121951            48
    0.36585365853659    0.29268292682927    0.19512195121951            48
    0.39024390243903    0.29268292682927    0.19512195121951            48
    0.41463414634146    0.29268292682927    0.19512195121951            48
    0.43902439024390    0.29268292682927    0.19512195121951            48
    0.46341463414634    0.29268292682927    0.19512195121951            48
    0.48780487804878    0.29268292682927    0.19512195121951            48
    0.31707317073171    0.31707317073171    0.19512195121951            24
    0.34146341463415    0.31707317073171    0.19512195121951            48
    0.36585365853659    0.31707317073171    0.19512195121951            48
    0.39024390243903    0.31707317073171    0.19512195121951            48
    0.41463414634146    0.31707317073171    0.19512195121951            48
    0.43902439024390    0.31707317073171    0.19512195121951            48
    0.46341463414634    0.31707317073171    0.19512195121951            48
    0.48780487804878    0.31707317073171    0.19512195121951            48
    0.34146341463415    0.34146341463415    0.19512195121951            24
    0.36585365853659    0.34146341463415    0.19512195121951            48
    0.39024390243903    0.34146341463415    0.19512195121951            48
    0.41463414634146    0.34146341463415    0.19512195121951            48
    0.43902439024390    0.34146341463415    0.19512195121951            48
    0.46341463414634    0.34146341463415    0.19512195121951            48
    0.48780487804878    0.34146341463415    0.19512195121951            48
    0.36585365853659    0.36585365853659    0.19512195121951            24
    0.39024390243903    0.36585365853659    0.19512195121951            48
    0.41463414634146    0.36585365853659    0.19512195121951            48
    0.43902439024390    0.36585365853659    0.19512195121951            48
    0.46341463414634    0.36585365853659    0.19512195121951            48
    0.48780487804878    0.36585365853659    0.19512195121951            48
    0.39024390243903    0.39024390243903    0.19512195121951            24
    0.41463414634146    0.39024390243903    0.19512195121951            48
    0.43902439024390    0.39024390243903    0.19512195121951            48
    0.46341463414634    0.39024390243903    0.19512195121951            48
    0.48780487804878    0.39024390243903    0.19512195121951            48
    0.41463414634146    0.41463414634146    0.19512195121951            24
    0.43902439024390    0.41463414634146    0.19512195121951            48
    0.46341463414634    0.41463414634146    0.19512195121951            48
    0.48780487804878    0.41463414634146    0.19512195121951            48
    0.43902439024390    0.43902439024390    0.19512195121951            24
    0.46341463414634    0.43902439024390    0.19512195121951            48
    0.48780487804878    0.43902439024390    0.19512195121951            48
    0.46341463414634    0.46341463414634    0.19512195121951            24
    0.48780487804878    0.46341463414634    0.19512195121951            48
    0.48780487804878    0.48780487804878    0.19512195121951            24
    0.21951219512195    0.21951219512195    0.21951219512195             8
    0.24390243902439    0.21951219512195    0.21951219512195            24
    0.26829268292683    0.21951219512195    0.21951219512195            24
    0.29268292682927    0.21951219512195    0.21951219512195            24
    0.31707317073171    0.21951219512195    0.21951219512195            24
    0.34146341463415    0.21951219512195    0.21951219512195            24
    0.36585365853659    0.21951219512195    0.21951219512195            24
    0.39024390243903    0.21951219512195    0.21951219512195            24
    0.41463414634146    0.21951219512195    0.21951219512195            24
    0.43902439024390    0.21951219512195    0.21951219512195            24
    0.46341463414634    0.21951219512195    0.21951219512195            24
    0.48780487804878    0.21951219512195    0.21951219512195            24
    0.24390243902439    0.24390243902439    0.21951219512195            24
    0.26829268292683    0.24390243902439    0.21951219512195            48
    0.29268292682927    0.24390243902439    0.21951219512195            48
    0.31707317073171    0.24390243902439    0.21951219512195            48
    0.34146341463415    0.24390243902439    0.21951219512195            48
    0.36585365853659    0.24390243902439    0.21951219512195            48
    0.39024390243903    0.24390243902439    0.21951219512195            48
    0.41463414634146    0.24390243902439    0.21951219512195            48
    0.43902439024390    0.24390243902439    0.21951219512195            48
    0.46341463414634    0.24390243902439    0.21951219512195            48
    0.48780487804878    0.24390243902439    0.21951219512195            48
    0.26829268292683    0.26829268292683    0.21951219512195            24
    0.29268292682927    0.26829268292683    0.21951219512195            48
    0.31707317073171    0.26829268292683    0.21951219512195            48
    0.34146341463415    0.26829268292683    0.21951219512195            48
    0.36585365853659    0.26829268292683    0.21951219512195            48
    0.39024390243903    0.26829268292683    0.21951219512195            48
    0.41463414634146    0.26829268292683    0.21951219512195            48
    0.43902439024390    0.26829268292683    0.21951219512195            48
    0.46341463414634    0.26829268292683    0.21951219512195            48
    0.48780487804878    0.26829268292683    0.21951219512195            48
    0.29268292682927    0.29268292682927    0.21951219512195            24
    0.31707317073171    0.29268292682927    0.21951219512195            48
    0.34146341463415    0.29268292682927    0.21951219512195            48
    0.36585365853659    0.29268292682927    0.21951219512195            48
    0.39024390243903    0.29268292682927    0.21951219512195            48
    0.41463414634146    0.29268292682927    0.21951219512195            48
    0.43902439024390    0.29268292682927    0.21951219512195            48
    0.46341463414634    0.29268292682927    0.21951219512195            48
    0.48780487804878    0.29268292682927    0.21951219512195            48
    0.31707317073171    0.31707317073171    0.21951219512195            24
    0.34146341463415    0.31707317073171    0.21951219512195            48
    0.36585365853659    0.31707317073171    0.21951219512195            48
    0.39024390243903    0.31707317073171    0.21951219512195            48
    0.41463414634146    0.31707317073171    0.21951219512195            48
    0.43902439024390    0.31707317073171    0.21951219512195            48
    0.46341463414634    0.31707317073171    0.21951219512195            48
    0.48780487804878    0.31707317073171    0.21951219512195            48
    0.34146341463415    0.34146341463415    0.21951219512195            24
    0.36585365853659    0.34146341463415    0.21951219512195            48
    0.39024390243903    0.34146341463415    0.21951219512195            48
    0.41463414634146    0.34146341463415    0.21951219512195            48
    0.43902439024390    0.34146341463415    0.21951219512195            48
    0.46341463414634    0.34146341463415    0.21951219512195            48
    0.48780487804878    0.34146341463415    0.21951219512195            48
    0.36585365853659    0.36585365853659    0.21951219512195            24
    0.39024390243903    0.36585365853659    0.21951219512195            48
    0.41463414634146    0.36585365853659    0.21951219512195            48
    0.43902439024390    0.36585365853659    0.21951219512195            48
    0.46341463414634    0.36585365853659    0.21951219512195            48
    0.48780487804878    0.36585365853659    0.21951219512195            48
    0.39024390243903    0.39024390243903    0.21951219512195            24
    0.41463414634146    0.39024390243903    0.21951219512195            48
    0.43902439024390    0.39024390243903    0.21951219512195            48
    0.46341463414634    0.39024390243903    0.21951219512195            48
    0.48780487804878    0.39024390243903    0.21951219512195            48
    0.41463414634146    0.41463414634146    0.21951219512195            24
    0.43902439024390    0.41463414634146    0.21951219512195            48
    0.46341463414634    0.41463414634146    0.21951219512195            48
    0.48780487804878    0.41463414634146    0.21951219512195            48
    0.43902439024390    0.43902439024390    0.21951219512195            24
    0.46341463414634    0.43902439024390    0.21951219512195            48
    0.48780487804878    0.43902439024390    0.21951219512195            48
    0.46341463414634    0.46341463414634    0.21951219512195            24
    0.48780487804878    0.46341463414634    0.21951219512195            48
    0.48780487804878    0.48780487804878    0.21951219512195            24
    0.24390243902439    0.24390243902439    0.24390243902439             8
    0.26829268292683    0.24390243902439    0.24390243902439            24
    0.29268292682927    0.24390243902439    0.24390243902439            24
    0.31707317073171    0.24390243902439    0.24390243902439            24
    0.34146341463415    0.24390243902439    0.24390243902439            24
    0.36585365853659    0.24390243902439    0.24390243902439            24
    0.39024390243903    0.24390243902439    0.24390243902439            24
    0.41463414634146    0.24390243902439    0.24390243902439            24
    0.43902439024390    0.24390243902439    0.24390243902439            24
    0.46341463414634    0.24390243902439    0.24390243902439            24
    0.48780487804878    0.24390243902439    0.24390243902439            24
    0.26829268292683    0.26829268292683    0.24390243902439            24
    0.29268292682927    0.26829268292683    0.24390243902439            48
    0.31707317073171    0.26829268292683    0.24390243902439            48
    0.34146341463415    0.26829268292683    0.24390243902439            48
    0.36585365853659    0.26829268292683    0.24390243902439            48
    0.39024390243903    0.26829268292683    0.24390243902439            48
    0.41463414634146    0.26829268292683    0.24390243902439            48
    0.43902439024390    0.26829268292683    0.24390243902439            48
    0.46341463414634    0.26829268292683    0.24390243902439            48
    0.48780487804878    0.26829268292683    0.24390243902439            48
    0.29268292682927    0.29268292682927    0.24390243902439            24
    0.31707317073171    0.29268292682927    0.24390243902439            48
    0.34146341463415    0.29268292682927    0.24390243902439            48
    0.36585365853659    0.29268292682927    0.24390243902439            48
    0.39024390243903    0.29268292682927    0.24390243902439            48
    0.41463414634146    0.29268292682927    0.24390243902439            48
    0.43902439024390    0.29268292682927    0.24390243902439            48
    0.46341463414634    0.29268292682927    0.24390243902439            48
    0.48780487804878    0.29268292682927    0.24390243902439            48
    0.31707317073171    0.31707317073171    0.24390243902439            24
    0.34146341463415    0.31707317073171    0.24390243902439            48
    0.36585365853659    0.31707317073171    0.24390243902439            48
    0.39024390243903    0.31707317073171    0.24390243902439            48
    0.41463414634146    0.31707317073171    0.24390243902439            48
    0.43902439024390    0.31707317073171    0.24390243902439            48
    0.46341463414634    0.31707317073171    0.24390243902439            48
    0.48780487804878    0.31707317073171    0.24390243902439            48
    0.34146341463415    0.34146341463415    0.24390243902439            24
    0.36585365853659    0.34146341463415    0.24390243902439            48
    0.39024390243903    0.34146341463415    0.24390243902439            48
    0.41463414634146    0.34146341463415    0.24390243902439            48
    0.43902439024390    0.34146341463415    0.24390243902439            48
    0.46341463414634    0.34146341463415    0.24390243902439            48
    0.48780487804878    0.34146341463415    0.24390243902439            48
    0.36585365853659    0.36585365853659    0.24390243902439            24
    0.39024390243903    0.36585365853659    0.24390243902439            48
    0.41463414634146    0.36585365853659    0.24390243902439            48
    0.43902439024390    0.36585365853659    0.24390243902439            48
    0.46341463414634    0.36585365853659    0.24390243902439            48
    0.48780487804878    0.36585365853659    0.24390243902439            48
    0.39024390243903    0.39024390243903    0.24390243902439            24
    0.41463414634146    0.39024390243903    0.24390243902439            48
    0.43902439024390    0.39024390243903    0.24390243902439            48
    0.46341463414634    0.39024390243903    0.24390243902439            48
    0.48780487804878    0.39024390243903    0.24390243902439            48
    0.41463414634146    0.41463414634146    0.24390243902439            24
    0.43902439024390    0.41463414634146    0.24390243902439            48
    0.46341463414634    0.41463414634146    0.24390243902439            48
    0.48780487804878    0.41463414634146    0.24390243902439            48
    0.43902439024390    0.43902439024390    0.24390243902439            24
    0.46341463414634    0.43902439024390    0.24390243902439            48
    0.48780487804878    0.43902439024390    0.24390243902439            48
    0.46341463414634    0.46341463414634    0.24390243902439            24
    0.48780487804878    0.46341463414634    0.24390243902439            48
    0.48780487804878    0.48780487804878    0.24390243902439            24
    0.26829268292683    0.26829268292683    0.26829268292683             8
    0.29268292682927    0.26829268292683    0.26829268292683            24
    0.31707317073171    0.26829268292683    0.26829268292683            24
    0.34146341463415    0.26829268292683    0.26829268292683            24
    0.36585365853659    0.26829268292683    0.26829268292683            24
    0.39024390243903    0.26829268292683    0.26829268292683            24
    0.41463414634146    0.26829268292683    0.26829268292683            24
    0.43902439024390    0.26829268292683    0.26829268292683            24
    0.46341463414634    0.26829268292683    0.26829268292683            24
    0.48780487804878    0.26829268292683    0.26829268292683            24
    0.29268292682927    0.29268292682927    0.26829268292683            24
    0.31707317073171    0.29268292682927    0.26829268292683            48
    0.34146341463415    0.29268292682927    0.26829268292683            48
    0.36585365853659    0.29268292682927    0.26829268292683            48
    0.39024390243903    0.29268292682927    0.26829268292683            48
    0.41463414634146    0.29268292682927    0.26829268292683            48
    0.43902439024390    0.29268292682927    0.26829268292683            48
    0.46341463414634    0.29268292682927    0.26829268292683            48
    0.48780487804878    0.29268292682927    0.26829268292683            48
    0.31707317073171    0.31707317073171    0.26829268292683            24
    0.34146341463415    0.31707317073171    0.26829268292683            48
    0.36585365853659    0.31707317073171    0.26829268292683            48
    0.39024390243903    0.31707317073171    0.26829268292683            48
    0.41463414634146    0.31707317073171    0.26829268292683            48
    0.43902439024390    0.31707317073171    0.26829268292683            48
    0.46341463414634    0.31707317073171    0.26829268292683            48
    0.48780487804878    0.31707317073171    0.26829268292683            48
    0.34146341463415    0.34146341463415    0.26829268292683            24
    0.36585365853659    0.34146341463415    0.26829268292683            48
    0.39024390243903    0.34146341463415    0.26829268292683            48
    0.41463414634146    0.34146341463415    0.26829268292683            48
    0.43902439024390    0.34146341463415    0.26829268292683            48
    0.46341463414634    0.34146341463415    0.26829268292683            48
    0.48780487804878    0.34146341463415    0.26829268292683            48
    0.36585365853659    0.36585365853659    0.26829268292683            24
    0.39024390243903    0.36585365853659    0.26829268292683            48
    0.41463414634146    0.36585365853659    0.26829268292683            48
    0.43902439024390    0.36585365853659    0.26829268292683            48
    0.46341463414634    0.36585365853659    0.26829268292683            48
    0.48780487804878    0.36585365853659    0.26829268292683            48
    0.39024390243903    0.39024390243903    0.26829268292683            24
    0.41463414634146    0.39024390243903    0.26829268292683            48
    0.43902439024390    0.39024390243903    0.26829268292683            48
    0.46341463414634    0.39024390243903    0.26829268292683            48
    0.48780487804878    0.39024390243903    0.26829268292683            48
    0.41463414634146    0.41463414634146    0.26829268292683            24
    0.43902439024390    0.41463414634146    0.26829268292683            48
    0.46341463414634    0.41463414634146    0.26829268292683            48
    0.48780487804878    0.41463414634146    0.26829268292683            48
    0.43902439024390    0.43902439024390    0.26829268292683            24
    0.46341463414634    0.43902439024390    0.26829268292683            48
    0.48780487804878    0.43902439024390    0.26829268292683            48
    0.46341463414634    0.46341463414634    0.26829268292683            24
    0.48780487804878    0.46341463414634    0.26829268292683            48
    0.48780487804878    0.48780487804878    0.26829268292683            24
    0.29268292682927    0.29268292682927    0.29268292682927             8
    0.31707317073171    0.29268292682927    0.29268292682927            24
    0.34146341463415    0.29268292682927    0.29268292682927            24
    0.36585365853659    0.29268292682927    0.29268292682927            24
    0.39024390243903    0.29268292682927    0.29268292682927            24
    0.41463414634146    0.29268292682927    0.29268292682927            24
    0.43902439024390    0.29268292682927    0.29268292682927            24
    0.46341463414634    0.29268292682927    0.29268292682927            24
    0.48780487804878    0.29268292682927    0.29268292682927            24
    0.31707317073171    0.31707317073171    0.29268292682927            24
    0.34146341463415    0.31707317073171    0.29268292682927            48
    0.36585365853659    0.31707317073171    0.29268292682927            48
    0.39024390243903    0.31707317073171    0.29268292682927            48
    0.41463414634146    0.31707317073171    0.29268292682927            48
    0.43902439024390    0.31707317073171    0.29268292682927            48
    0.46341463414634    0.31707317073171    0.29268292682927            48
    0.48780487804878    0.31707317073171    0.29268292682927            48
    0.34146341463415    0.34146341463415    0.29268292682927            24
    0.36585365853659    0.34146341463415    0.29268292682927            48
    0.39024390243903    0.34146341463415    0.29268292682927            48
    0.41463414634146    0.34146341463415    0.29268292682927            48
    0.43902439024390    0.34146341463415    0.29268292682927            48
    0.46341463414634    0.34146341463415    0.29268292682927            48
    0.48780487804878    0.34146341463415    0.29268292682927            48
    0.36585365853659    0.36585365853659    0.29268292682927            24
    0.39024390243903    0.36585365853659    0.29268292682927            48
    0.41463414634146    0.36585365853659    0.29268292682927            48
    0.43902439024390    0.36585365853659    0.29268292682927            48
    0.46341463414634    0.36585365853659    0.29268292682927            48
    0.48780487804878    0.36585365853659    0.29268292682927            48
    0.39024390243903    0.39024390243903    0.29268292682927            24
    0.41463414634146    0.39024390243903    0.29268292682927            48
    0.43902439024390    0.39024390243903    0.29268292682927            48
    0.46341463414634    0.39024390243903    0.29268292682927            48
    0.48780487804878    0.39024390243903    0.29268292682927            48
    0.41463414634146    0.41463414634146    0.29268292682927            24
    0.43902439024390    0.41463414634146    0.29268292682927            48
    0.46341463414634    0.41463414634146    0.29268292682927            48
    0.48780487804878    0.41463414634146    0.29268292682927            48
    0.43902439024390    0.43902439024390    0.29268292682927            24
    0.46341463414634    0.43902439024390    0.29268292682927            48
    0.48780487804878    0.43902439024390    0.29268292682927            48
    0.46341463414634    0.46341463414634    0.29268292682927            24
    0.48780487804878    0.46341463414634    0.29268292682927            48
    0.48780487804878    0.48780487804878    0.29268292682927            24
    0.31707317073171    0.31707317073171    0.31707317073171             8
    0.34146341463415    0.31707317073171    0.31707317073171            24
    0.36585365853659    0.31707317073171    0.31707317073171            24
    0.39024390243903    0.31707317073171    0.31707317073171            24
    0.41463414634146    0.31707317073171    0.31707317073171            24
    0.43902439024390    0.31707317073171    0.31707317073171            24
    0.46341463414634    0.31707317073171    0.31707317073171            24
    0.48780487804878    0.31707317073171    0.31707317073171            24
    0.34146341463415    0.34146341463415    0.31707317073171            24
    0.36585365853659    0.34146341463415    0.31707317073171            48
    0.39024390243903    0.34146341463415    0.31707317073171            48
    0.41463414634146    0.34146341463415    0.31707317073171            48
    0.43902439024390    0.34146341463415    0.31707317073171            48
    0.46341463414634    0.34146341463415    0.31707317073171            48
    0.48780487804878    0.34146341463415    0.31707317073171            48
    0.36585365853659    0.36585365853659    0.31707317073171            24
    0.39024390243903    0.36585365853659    0.31707317073171            48
    0.41463414634146    0.36585365853659    0.31707317073171            48
    0.43902439024390    0.36585365853659    0.31707317073171            48
    0.46341463414634    0.36585365853659    0.31707317073171            48
    0.48780487804878    0.36585365853659    0.31707317073171            48
    0.39024390243903    0.39024390243903    0.31707317073171            24
    0.41463414634146    0.39024390243903    0.31707317073171            48
    0.43902439024390    0.39024390243903    0.31707317073171            48
    0.46341463414634    0.39024390243903    0.31707317073171            48
    0.48780487804878    0.39024390243903    0.31707317073171            48
    0.41463414634146    0.41463414634146    0.31707317073171            24
    0.43902439024390    0.41463414634146    0.31707317073171            48
    0.46341463414634    0.41463414634146    0.31707317073171            48
    0.48780487804878    0.41463414634146    0.31707317073171            48
    0.43902439024390    0.43902439024390    0.31707317073171            24
    0.46341463414634    0.43902439024390    0.31707317073171            48
    0.48780487804878    0.43902439024390    0.31707317073171            48
    0.46341463414634    0.46341463414634    0.31707317073171            24
    0.48780487804878    0.46341463414634    0.31707317073171            48
    0.48780487804878    0.48780487804878    0.31707317073171            24
    0.34146341463415    0.34146341463415    0.34146341463415             8
    0.36585365853659    0.34146341463415    0.34146341463415            24
    0.39024390243903    0.34146341463415    0.34146341463415            24
    0.41463414634146    0.34146341463415    0.34146341463415            24
    0.43902439024390    0.34146341463415    0.34146341463415            24
    0.46341463414634    0.34146341463415    0.34146341463415            24
    0.48780487804878    0.34146341463415    0.34146341463415            24
    0.36585365853659    0.36585365853659    0.34146341463415            24
    0.39024390243903    0.36585365853659    0.34146341463415            48
    0.41463414634146    0.36585365853659    0.34146341463415            48
    0.43902439024390    0.36585365853659    0.34146341463415            48
    0.46341463414634    0.36585365853659    0.34146341463415            48
    0.48780487804878    0.36585365853659    0.34146341463415            48
    0.39024390243903    0.39024390243903    0.34146341463415            24
    0.41463414634146    0.39024390243903    0.34146341463415            48
    0.43902439024390    0.39024390243903    0.34146341463415            48
    0.46341463414634    0.39024390243903    0.34146341463415            48
    0.48780487804878    0.39024390243903    0.34146341463415            48
    0.41463414634146    0.41463414634146    0.34146341463415            24
    0.43902439024390    0.41463414634146    0.34146341463415            48
    0.46341463414634    0.41463414634146    0.34146341463415            48
    0.48780487804878    0.41463414634146    0.34146341463415            48
    0.43902439024390    0.43902439024390    0.34146341463415            24
    0.46341463414634    0.43902439024390    0.34146341463415            48
    0.48780487804878    0.43902439024390    0.34146341463415            48
    0.46341463414634    0.46341463414634    0.34146341463415            24
    0.48780487804878    0.46341463414634    0.34146341463415            48
    0.48780487804878    0.48780487804878    0.34146341463415            24
    0.36585365853659    0.36585365853659    0.36585365853659             8
    0.39024390243903    0.36585365853659    0.36585365853659            24
    0.41463414634146    0.36585365853659    0.36585365853659            24
    0.43902439024390    0.36585365853659    0.36585365853659            24
    0.46341463414634    0.36585365853659    0.36585365853659            24
    0.48780487804878    0.36585365853659    0.36585365853659            24
    0.39024390243903    0.39024390243903    0.36585365853659            24
    0.41463414634146    0.39024390243903    0.36585365853659            48
    0.43902439024390    0.39024390243903    0.36585365853659            48
    0.46341463414634    0.39024390243903    0.36585365853659            48
    0.48780487804878    0.39024390243903    0.36585365853659            48
    0.41463414634146    0.41463414634146    0.36585365853659            24
    0.43902439024390    0.41463414634146    0.36585365853659            48
    0.46341463414634    0.41463414634146    0.36585365853659            48
    0.48780487804878    0.41463414634146    0.36585365853659            48
    0.43902439024390    0.43902439024390    0.36585365853659            24
    0.46341463414634    0.43902439024390    0.36585365853659            48
    0.48780487804878    0.43902439024390    0.36585365853659            48
    0.46341463414634    0.46341463414634    0.36585365853659            24
    0.48780487804878    0.46341463414634    0.36585365853659            48
    0.48780487804878    0.48780487804878    0.36585365853659            24
    0.39024390243903    0.39024390243903    0.39024390243903             8
    0.41463414634146    0.39024390243903    0.39024390243903            24
    0.43902439024390    0.39024390243903    0.39024390243903            24
    0.46341463414634    0.39024390243903    0.39024390243903            24
    0.48780487804878    0.39024390243903    0.39024390243903            24
    0.41463414634146    0.41463414634146    0.39024390243903            24
    0.43902439024390    0.41463414634146    0.39024390243903            48
    0.46341463414634    0.41463414634146    0.39024390243903            48
    0.48780487804878    0.41463414634146    0.39024390243903            48
    0.43902439024390    0.43902439024390    0.39024390243903            24
    0.46341463414634    0.43902439024390    0.39024390243903            48
    0.48780487804878    0.43902439024390    0.39024390243903            48
    0.46341463414634    0.46341463414634    0.39024390243903            24
    0.48780487804878    0.46341463414634    0.39024390243903            48
    0.48780487804878    0.48780487804878    0.39024390243903            24
    0.41463414634146    0.41463414634146    0.41463414634146             8
    0.43902439024390    0.41463414634146    0.41463414634146            24
    0.46341463414634    0.41463414634146    0.41463414634146            24
    0.48780487804878    0.41463414634146    0.41463414634146            24
    0.43902439024390    0.43902439024390    0.41463414634146            24
    0.46341463414634    0.43902439024390    0.41463414634146            48
    0.48780487804878    0.43902439024390    0.41463414634146            48
    0.46341463414634    0.46341463414634    0.41463414634146            24
    0.48780487804878    0.46341463414634    0.41463414634146            48
    0.48780487804878    0.48780487804878    0.41463414634146            24
    0.43902439024390    0.43902439024390    0.43902439024390             8
    0.46341463414634    0.43902439024390    0.43902439024390            24
    0.48780487804878    0.43902439024390    0.43902439024390            24
    0.46341463414634    0.46341463414634    0.43902439024390            24
    0.48780487804878    0.46341463414634    0.43902439024390            48
    0.48780487804878    0.48780487804878    0.43902439024390            24
    0.46341463414634    0.46341463414634    0.46341463414634             8
    0.48780487804878    0.46341463414634    0.46341463414634            24
    0.48780487804878    0.48780487804878    0.46341463414634            24
    0.48780487804878    0.48780487804878    0.48780487804878             8
