Automatically generated mesh
    3078
Reciprocal lattice
    0.00000000000000    0.00000000000000    0.00000000000000             1
    0.02941176470589    0.00000000000000    0.00000000000000             4
    0.05882352941177    0.00000000000000    0.00000000000000             4
    0.08823529411765    0.00000000000000    0.00000000000000             4
    0.11764705882353    0.00000000000000    0.00000000000000             4
    0.14705882352941    0.00000000000000    0.00000000000000             4
    0.17647058823530    0.00000000000000    0.00000000000000             4
    0.20588235294118    0.00000000000000    0.00000000000000             4
    0.23529411764706    0.00000000000000    0.00000000000000             4
    0.26470588235294    0.00000000000000    0.00000000000000             4
    0.29411764705883    0.00000000000000    0.00000000000000             4
    0.32352941176470    0.00000000000000    0.00000000000000             4
    0.35294117647059    0.00000000000000    0.00000000000000             4
    0.38235294117647    0.00000000000000    0.00000000000000             4
    0.41176470588236    0.00000000000000    0.00000000000000             4
    0.44117647058823    0.00000000000000    0.00000000000000             4
    0.47058823529412    0.00000000000000    0.00000000000000             4
    0.50000000000000    0.00000000000000    0.00000000000000             2
    0.02941176470589    0.02941176470589    0.00000000000000             4
    0.05882352941177    0.02941176470589    0.00000000000000             8
    0.08823529411765    0.02941176470589    0.00000000000000             8
    0.11764705882353    0.02941176470589    0.00000000000000             8
    0.14705882352941    0.02941176470589    0.00000000000000             8
    0.17647058823530    0.02941176470589    0.00000000000000             8
    0.20588235294118    0.02941176470589    0.00000000000000             8
    0.23529411764706    0.02941176470589    0.00000000000000             8
    0.26470588235294    0.02941176470589    0.00000000000000             8
    0.29411764705883    0.02941176470589    0.00000000000000             8
    0.32352941176470    0.02941176470589    0.00000000000000             8
    0.35294117647059    0.02941176470589    0.00000000000000             8
    0.38235294117647    0.02941176470589    0.00000000000000             8
    0.41176470588236    0.02941176470589    0.00000000000000             8
    0.44117647058823    0.02941176470589    0.00000000000000             8
    0.47058823529412    0.02941176470589    0.00000000000000             8
    0.50000000000000    0.02941176470589    0.00000000000000             4
    0.05882352941177    0.05882352941177    0.00000000000000             4
    0.08823529411765    0.05882352941177    0.00000000000000             8
    0.11764705882353    0.05882352941177    0.00000000000000             8
    0.14705882352941    0.05882352941177    0.00000000000000             8
    0.17647058823530    0.05882352941177    0.00000000000000             8
    0.20588235294118    0.05882352941177    0.00000000000000             8
    0.23529411764706    0.05882352941177    0.00000000000000             8
    0.26470588235294    0.05882352941177    0.00000000000000             8
    0.29411764705883    0.05882352941177    0.00000000000000             8
    0.32352941176470    0.05882352941177    0.00000000000000             8
    0.35294117647059    0.05882352941177    0.00000000000000             8
    0.38235294117647    0.05882352941177    0.00000000000000             8
    0.41176470588236    0.05882352941177    0.00000000000000             8
    0.44117647058823    0.05882352941177    0.00000000000000             8
    0.47058823529412    0.05882352941177    0.00000000000000             8
    0.50000000000000    0.05882352941177    0.00000000000000             4
    0.08823529411765    0.08823529411765    0.00000000000000             4
    0.11764705882353    0.08823529411765    0.00000000000000             8
    0.14705882352941    0.08823529411765    0.00000000000000             8
    0.17647058823530    0.08823529411765    0.00000000000000             8
    0.20588235294118    0.08823529411765    0.00000000000000             8
    0.23529411764706    0.08823529411765    0.00000000000000             8
    0.26470588235294    0.08823529411765    0.00000000000000             8
    0.29411764705883    0.08823529411765    0.00000000000000             8
    0.32352941176470    0.08823529411765    0.00000000000000             8
    0.35294117647059    0.08823529411765    0.00000000000000             8
    0.38235294117647    0.08823529411765    0.00000000000000             8
    0.41176470588236    0.08823529411765    0.00000000000000             8
    0.44117647058823    0.08823529411765    0.00000000000000             8
    0.47058823529412    0.08823529411765    0.00000000000000             8
    0.50000000000000    0.08823529411765    0.00000000000000             4
    0.11764705882353    0.11764705882353    0.00000000000000             4
    0.14705882352941    0.11764705882353    0.00000000000000             8
    0.17647058823530    0.11764705882353    0.00000000000000             8
    0.20588235294118    0.11764705882353    0.00000000000000             8
    0.23529411764706    0.11764705882353    0.00000000000000             8
    0.26470588235294    0.11764705882353    0.00000000000000             8
    0.29411764705883    0.11764705882353    0.00000000000000             8
    0.32352941176470    0.11764705882353    0.00000000000000             8
    0.35294117647059    0.11764705882353    0.00000000000000             8
    0.38235294117647    0.11764705882353    0.00000000000000             8
    0.41176470588236    0.11764705882353    0.00000000000000             8
    0.44117647058823    0.11764705882353    0.00000000000000             8
    0.47058823529412    0.11764705882353    0.00000000000000             8
    0.50000000000000    0.11764705882353    0.00000000000000             4
    0.14705882352941    0.14705882352941    0.00000000000000             4
    0.17647058823530    0.14705882352941    0.00000000000000             8
    0.20588235294118    0.14705882352941    0.00000000000000             8
    0.23529411764706    0.14705882352941    0.00000000000000             8
    0.26470588235294    0.14705882352941    0.00000000000000             8
    0.29411764705883    0.14705882352941    0.00000000000000             8
    0.32352941176470    0.14705882352941    0.00000000000000             8
    0.35294117647059    0.14705882352941    0.00000000000000             8
    0.38235294117647    0.14705882352941    0.00000000000000             8
    0.41176470588236    0.14705882352941    0.00000000000000             8
    0.44117647058823    0.14705882352941    0.00000000000000             8
    0.47058823529412    0.14705882352941    0.00000000000000             8
    0.50000000000000    0.14705882352941    0.00000000000000             4
    0.17647058823530    0.17647058823530    0.00000000000000             4
    0.20588235294118    0.17647058823530    0.00000000000000             8
    0.23529411764706    0.17647058823530    0.00000000000000             8
    0.26470588235294    0.17647058823530    0.00000000000000             8
    0.29411764705883    0.17647058823530    0.00000000000000             8
    0.32352941176470    0.17647058823530    0.00000000000000             8
    0.35294117647059    0.17647058823530    0.00000000000000             8
    0.38235294117647    0.17647058823530    0.00000000000000             8
    0.41176470588236    0.17647058823530    0.00000000000000             8
    0.44117647058823    0.17647058823530    0.00000000000000             8
    0.47058823529412    0.17647058823530    0.00000000000000             8
    0.50000000000000    0.17647058823530    0.00000000000000             4
    0.20588235294118    0.20588235294118    0.00000000000000             4
    0.23529411764706    0.20588235294118    0.00000000000000             8
    0.26470588235294    0.20588235294118    0.00000000000000             8
    0.29411764705883    0.20588235294118    0.00000000000000             8
    0.32352941176470    0.20588235294118    0.00000000000000             8
    0.35294117647059    0.20588235294118    0.00000000000000             8
    0.38235294117647    0.20588235294118    0.00000000000000             8
    0.41176470588236    0.20588235294118    0.00000000000000             8
    0.44117647058823    0.20588235294118    0.00000000000000             8
    0.47058823529412    0.20588235294118    0.00000000000000             8
    0.50000000000000    0.20588235294118    0.00000000000000             4
    0.23529411764706    0.23529411764706    0.00000000000000             4
    0.26470588235294    0.23529411764706    0.00000000000000             8
    0.29411764705883    0.23529411764706    0.00000000000000             8
    0.32352941176470    0.23529411764706    0.00000000000000             8
    0.35294117647059    0.23529411764706    0.00000000000000             8
    0.38235294117647    0.23529411764706    0.00000000000000             8
    0.41176470588236    0.23529411764706    0.00000000000000             8
    0.44117647058823    0.23529411764706    0.00000000000000             8
    0.47058823529412    0.23529411764706    0.00000000000000             8
    0.50000000000000    0.23529411764706    0.00000000000000             4
    0.26470588235294    0.26470588235294    0.00000000000000             4
    0.29411764705883    0.26470588235294    0.00000000000000             8
    0.32352941176470    0.26470588235294    0.00000000000000             8
    0.35294117647059    0.26470588235294    0.00000000000000             8
    0.38235294117647    0.26470588235294    0.00000000000000             8
    0.41176470588236    0.26470588235294    0.00000000000000             8
    0.44117647058823    0.26470588235294    0.00000000000000             8
    0.47058823529412    0.26470588235294    0.00000000000000             8
    0.50000000000000    0.26470588235294    0.00000000000000             4
    0.29411764705883    0.29411764705883    0.00000000000000             4
    0.32352941176470    0.29411764705883    0.00000000000000             8
    0.35294117647059    0.29411764705883    0.00000000000000             8
    0.38235294117647    0.29411764705883    0.00000000000000             8
    0.41176470588236    0.29411764705883    0.00000000000000             8
    0.44117647058823    0.29411764705883    0.00000000000000             8
    0.47058823529412    0.29411764705883    0.00000000000000             8
    0.50000000000000    0.29411764705883    0.00000000000000             4
    0.32352941176470    0.32352941176470    0.00000000000000             4
    0.35294117647059    0.32352941176470    0.00000000000000             8
    0.38235294117647    0.32352941176470    0.00000000000000             8
    0.41176470588236    0.32352941176470    0.00000000000000             8
    0.44117647058823    0.32352941176470    0.00000000000000             8
    0.47058823529412    0.32352941176470    0.00000000000000             8
    0.50000000000000    0.32352941176470    0.00000000000000             4
    0.35294117647059    0.35294117647059    0.00000000000000             4
    0.38235294117647    0.35294117647059    0.00000000000000             8
    0.41176470588236    0.35294117647059    0.00000000000000             8
    0.44117647058823    0.35294117647059    0.00000000000000             8
    0.47058823529412    0.35294117647059    0.00000000000000             8
    0.50000000000000    0.35294117647059    0.00000000000000             4
    0.38235294117647    0.38235294117647    0.00000000000000             4
    0.41176470588236    0.38235294117647    0.00000000000000             8
    0.44117647058823    0.38235294117647    0.00000000000000             8
    0.47058823529412    0.38235294117647    0.00000000000000             8
    0.50000000000000    0.38235294117647    0.00000000000000             4
    0.41176470588236    0.41176470588236    0.00000000000000             4
    0.44117647058823    0.41176470588236    0.00000000000000             8
    0.47058823529412    0.41176470588236    0.00000000000000             8
    0.50000000000000    0.41176470588236    0.00000000000000             4
    0.44117647058823    0.44117647058823    0.00000000000000             4
    0.47058823529412    0.44117647058823    0.00000000000000             8
    0.50000000000000    0.44117647058823    0.00000000000000             4
    0.47058823529412    0.47058823529412    0.00000000000000             4
    0.50000000000000    0.47058823529412    0.00000000000000             4
    0.50000000000000    0.50000000000000    0.00000000000000             1
    0.00000000000000    0.00000000000000    0.02941176470589             2
    0.02941176470589    0.00000000000000    0.02941176470589             8
    0.05882352941177    0.00000000000000    0.02941176470589             8
    0.08823529411765    0.00000000000000    0.02941176470589             8
    0.11764705882353    0.00000000000000    0.02941176470589             8
    0.14705882352941    0.00000000000000    0.02941176470589             8
    0.17647058823530    0.00000000000000    0.02941176470589             8
    0.20588235294118    0.00000000000000    0.02941176470589             8
    0.23529411764706    0.00000000000000    0.02941176470589             8
    0.26470588235294    0.00000000000000    0.02941176470589             8
    0.29411764705883    0.00000000000000    0.02941176470589             8
    0.32352941176470    0.00000000000000    0.02941176470589             8
    0.35294117647059    0.00000000000000    0.02941176470589             8
    0.38235294117647    0.00000000000000    0.02941176470589             8
    0.41176470588236    0.00000000000000    0.02941176470589             8
    0.44117647058823    0.00000000000000    0.02941176470589             8
    0.47058823529412    0.00000000000000    0.02941176470589             8
    0.50000000000000    0.00000000000000    0.02941176470589             4
    0.02941176470589    0.02941176470589    0.02941176470589             8
    0.05882352941177    0.02941176470589    0.02941176470589            16
    0.08823529411765    0.02941176470589    0.02941176470589            16
    0.11764705882353    0.02941176470589    0.02941176470589            16
    0.14705882352941    0.02941176470589    0.02941176470589            16
    0.17647058823530    0.02941176470589    0.02941176470589            16
    0.20588235294118    0.02941176470589    0.02941176470589            16
    0.23529411764706    0.02941176470589    0.02941176470589            16
    0.26470588235294    0.02941176470589    0.02941176470589            16
    0.29411764705883    0.02941176470589    0.02941176470589            16
    0.32352941176470    0.02941176470589    0.02941176470589            16
    0.35294117647059    0.02941176470589    0.02941176470589            16
    0.38235294117647    0.02941176470589    0.02941176470589            16
    0.41176470588236    0.02941176470589    0.02941176470589            16
    0.44117647058823    0.02941176470589    0.02941176470589            16
    0.47058823529412    0.02941176470589    0.02941176470589            16
    0.50000000000000    0.02941176470589    0.02941176470589             8
    0.05882352941177    0.05882352941177    0.02941176470589             8
    0.08823529411765    0.05882352941177    0.02941176470589            16
    0.11764705882353    0.05882352941177    0.02941176470589            16
    0.14705882352941    0.05882352941177    0.02941176470589            16
    0.17647058823530    0.05882352941177    0.02941176470589            16
    0.20588235294118    0.05882352941177    0.02941176470589            16
    0.23529411764706    0.05882352941177    0.02941176470589            16
    0.26470588235294    0.05882352941177    0.02941176470589            16
    0.29411764705883    0.05882352941177    0.02941176470589            16
    0.32352941176470    0.05882352941177    0.02941176470589            16
    0.35294117647059    0.05882352941177    0.02941176470589            16
    0.38235294117647    0.05882352941177    0.02941176470589            16
    0.41176470588236    0.05882352941177    0.02941176470589            16
    0.44117647058823    0.05882352941177    0.02941176470589            16
    0.47058823529412    0.05882352941177    0.02941176470589            16
    0.50000000000000    0.05882352941177    0.02941176470589             8
    0.08823529411765    0.08823529411765    0.02941176470589             8
    0.11764705882353    0.08823529411765    0.02941176470589            16
    0.14705882352941    0.08823529411765    0.02941176470589            16
    0.17647058823530    0.08823529411765    0.02941176470589            16
    0.20588235294118    0.08823529411765    0.02941176470589            16
    0.23529411764706    0.08823529411765    0.02941176470589            16
    0.26470588235294    0.08823529411765    0.02941176470589            16
    0.29411764705883    0.08823529411765    0.02941176470589            16
    0.32352941176470    0.08823529411765    0.02941176470589            16
    0.35294117647059    0.08823529411765    0.02941176470589            16
    0.38235294117647    0.08823529411765    0.02941176470589            16
    0.41176470588236    0.08823529411765    0.02941176470589            16
    0.44117647058823    0.08823529411765    0.02941176470589            16
    0.47058823529412    0.08823529411765    0.02941176470589            16
    0.50000000000000    0.08823529411765    0.02941176470589             8
    0.11764705882353    0.11764705882353    0.02941176470589             8
    0.14705882352941    0.11764705882353    0.02941176470589            16
    0.17647058823530    0.11764705882353    0.02941176470589            16
    0.20588235294118    0.11764705882353    0.02941176470589            16
    0.23529411764706    0.11764705882353    0.02941176470589            16
    0.26470588235294    0.11764705882353    0.02941176470589            16
    0.29411764705883    0.11764705882353    0.02941176470589            16
    0.32352941176470    0.11764705882353    0.02941176470589            16
    0.35294117647059    0.11764705882353    0.02941176470589            16
    0.38235294117647    0.11764705882353    0.02941176470589            16
    0.41176470588236    0.11764705882353    0.02941176470589            16
    0.44117647058823    0.11764705882353    0.02941176470589            16
    0.47058823529412    0.11764705882353    0.02941176470589            16
    0.50000000000000    0.11764705882353    0.02941176470589             8
    0.14705882352941    0.14705882352941    0.02941176470589             8
    0.17647058823530    0.14705882352941    0.02941176470589            16
    0.20588235294118    0.14705882352941    0.02941176470589            16
    0.23529411764706    0.14705882352941    0.02941176470589            16
    0.26470588235294    0.14705882352941    0.02941176470589            16
    0.29411764705883    0.14705882352941    0.02941176470589            16
    0.32352941176470    0.14705882352941    0.02941176470589            16
    0.35294117647059    0.14705882352941    0.02941176470589            16
    0.38235294117647    0.14705882352941    0.02941176470589            16
    0.41176470588236    0.14705882352941    0.02941176470589            16
    0.44117647058823    0.14705882352941    0.02941176470589            16
    0.47058823529412    0.14705882352941    0.02941176470589            16
    0.50000000000000    0.14705882352941    0.02941176470589             8
    0.17647058823530    0.17647058823530    0.02941176470589             8
    0.20588235294118    0.17647058823530    0.02941176470589            16
    0.23529411764706    0.17647058823530    0.02941176470589            16
    0.26470588235294    0.17647058823530    0.02941176470589            16
    0.29411764705883    0.17647058823530    0.02941176470589            16
    0.32352941176470    0.17647058823530    0.02941176470589            16
    0.35294117647059    0.17647058823530    0.02941176470589            16
    0.38235294117647    0.17647058823530    0.02941176470589            16
    0.41176470588236    0.17647058823530    0.02941176470589            16
    0.44117647058823    0.17647058823530    0.02941176470589            16
    0.47058823529412    0.17647058823530    0.02941176470589            16
    0.50000000000000    0.17647058823530    0.02941176470589             8
    0.20588235294118    0.20588235294118    0.02941176470589             8
    0.23529411764706    0.20588235294118    0.02941176470589            16
    0.26470588235294    0.20588235294118    0.02941176470589            16
    0.29411764705883    0.20588235294118    0.02941176470589            16
    0.32352941176470    0.20588235294118    0.02941176470589            16
    0.35294117647059    0.20588235294118    0.02941176470589            16
    0.38235294117647    0.20588235294118    0.02941176470589            16
    0.41176470588236    0.20588235294118    0.02941176470589            16
    0.44117647058823    0.20588235294118    0.02941176470589            16
    0.47058823529412    0.20588235294118    0.02941176470589            16
    0.50000000000000    0.20588235294118    0.02941176470589             8
    0.23529411764706    0.23529411764706    0.02941176470589             8
    0.26470588235294    0.23529411764706    0.02941176470589            16
    0.29411764705883    0.23529411764706    0.02941176470589            16
    0.32352941176470    0.23529411764706    0.02941176470589            16
    0.35294117647059    0.23529411764706    0.02941176470589            16
    0.38235294117647    0.23529411764706    0.02941176470589            16
    0.41176470588236    0.23529411764706    0.02941176470589            16
    0.44117647058823    0.23529411764706    0.02941176470589            16
    0.47058823529412    0.23529411764706    0.02941176470589            16
    0.50000000000000    0.23529411764706    0.02941176470589             8
    0.26470588235294    0.26470588235294    0.02941176470589             8
    0.29411764705883    0.26470588235294    0.02941176470589            16
    0.32352941176470    0.26470588235294    0.02941176470589            16
    0.35294117647059    0.26470588235294    0.02941176470589            16
    0.38235294117647    0.26470588235294    0.02941176470589            16
    0.41176470588236    0.26470588235294    0.02941176470589            16
    0.44117647058823    0.26470588235294    0.02941176470589            16
    0.47058823529412    0.26470588235294    0.02941176470589            16
    0.50000000000000    0.26470588235294    0.02941176470589             8
    0.29411764705883    0.29411764705883    0.02941176470589             8
    0.32352941176470    0.29411764705883    0.02941176470589            16
    0.35294117647059    0.29411764705883    0.02941176470589            16
    0.38235294117647    0.29411764705883    0.02941176470589            16
    0.41176470588236    0.29411764705883    0.02941176470589            16
    0.44117647058823    0.29411764705883    0.02941176470589            16
    0.47058823529412    0.29411764705883    0.02941176470589            16
    0.50000000000000    0.29411764705883    0.02941176470589             8
    0.32352941176470    0.32352941176470    0.02941176470589             8
    0.35294117647059    0.32352941176470    0.02941176470589            16
    0.38235294117647    0.32352941176470    0.02941176470589            16
    0.41176470588236    0.32352941176470    0.02941176470589            16
    0.44117647058823    0.32352941176470    0.02941176470589            16
    0.47058823529412    0.32352941176470    0.02941176470589            16
    0.50000000000000    0.32352941176470    0.02941176470589             8
    0.35294117647059    0.35294117647059    0.02941176470589             8
    0.38235294117647    0.35294117647059    0.02941176470589            16
    0.41176470588236    0.35294117647059    0.02941176470589            16
    0.44117647058823    0.35294117647059    0.02941176470589            16
    0.47058823529412    0.35294117647059    0.02941176470589            16
    0.50000000000000    0.35294117647059    0.02941176470589             8
    0.38235294117647    0.38235294117647    0.02941176470589             8
    0.41176470588236    0.38235294117647    0.02941176470589            16
    0.44117647058823    0.38235294117647    0.02941176470589            16
    0.47058823529412    0.38235294117647    0.02941176470589            16
    0.50000000000000    0.38235294117647    0.02941176470589             8
    0.41176470588236    0.41176470588236    0.02941176470589             8
    0.44117647058823    0.41176470588236    0.02941176470589            16
    0.47058823529412    0.41176470588236    0.02941176470589            16
    0.50000000000000    0.41176470588236    0.02941176470589             8
    0.44117647058823    0.44117647058823    0.02941176470589             8
    0.47058823529412    0.44117647058823    0.02941176470589            16
    0.50000000000000    0.44117647058823    0.02941176470589             8
    0.47058823529412    0.47058823529412    0.02941176470589             8
    0.50000000000000    0.47058823529412    0.02941176470589             8
    0.50000000000000    0.50000000000000    0.02941176470589             2
    0.00000000000000    0.00000000000000    0.05882352941177             2
    0.02941176470589    0.00000000000000    0.05882352941177             8
    0.05882352941177    0.00000000000000    0.05882352941177             8
    0.08823529411765    0.00000000000000    0.05882352941177             8
    0.11764705882353    0.00000000000000    0.05882352941177             8
    0.14705882352941    0.00000000000000    0.05882352941177             8
    0.17647058823530    0.00000000000000    0.05882352941177             8
    0.20588235294118    0.00000000000000    0.05882352941177             8
    0.23529411764706    0.00000000000000    0.05882352941177             8
    0.26470588235294    0.00000000000000    0.05882352941177             8
    0.29411764705883    0.00000000000000    0.05882352941177             8
    0.32352941176470    0.00000000000000    0.05882352941177             8
    0.35294117647059    0.00000000000000    0.05882352941177             8
    0.38235294117647    0.00000000000000    0.05882352941177             8
    0.41176470588236    0.00000000000000    0.05882352941177             8
    0.44117647058823    0.00000000000000    0.05882352941177             8
    0.47058823529412    0.00000000000000    0.05882352941177             8
    0.50000000000000    0.00000000000000    0.05882352941177             4
    0.02941176470589    0.02941176470589    0.05882352941177             8
    0.05882352941177    0.02941176470589    0.05882352941177            16
    0.08823529411765    0.02941176470589    0.05882352941177            16
    0.11764705882353    0.02941176470589    0.05882352941177            16
    0.14705882352941    0.02941176470589    0.05882352941177            16
    0.17647058823530    0.02941176470589    0.05882352941177            16
    0.20588235294118    0.02941176470589    0.05882352941177            16
    0.23529411764706    0.02941176470589    0.05882352941177            16
    0.26470588235294    0.02941176470589    0.05882352941177            16
    0.29411764705883    0.02941176470589    0.05882352941177            16
    0.32352941176470    0.02941176470589    0.05882352941177            16
    0.35294117647059    0.02941176470589    0.05882352941177            16
    0.38235294117647    0.02941176470589    0.05882352941177            16
    0.41176470588236    0.02941176470589    0.05882352941177            16
    0.44117647058823    0.02941176470589    0.05882352941177            16
    0.47058823529412    0.02941176470589    0.05882352941177            16
    0.50000000000000    0.02941176470589    0.05882352941177             8
    0.05882352941177    0.05882352941177    0.05882352941177             8
    0.08823529411765    0.05882352941177    0.05882352941177            16
    0.11764705882353    0.05882352941177    0.05882352941177            16
    0.14705882352941    0.05882352941177    0.05882352941177            16
    0.17647058823530    0.05882352941177    0.05882352941177            16
    0.20588235294118    0.05882352941177    0.05882352941177            16
    0.23529411764706    0.05882352941177    0.05882352941177            16
    0.26470588235294    0.05882352941177    0.05882352941177            16
    0.29411764705883    0.05882352941177    0.05882352941177            16
    0.32352941176470    0.05882352941177    0.05882352941177            16
    0.35294117647059    0.05882352941177    0.05882352941177            16
    0.38235294117647    0.05882352941177    0.05882352941177            16
    0.41176470588236    0.05882352941177    0.05882352941177            16
    0.44117647058823    0.05882352941177    0.05882352941177            16
    0.47058823529412    0.05882352941177    0.05882352941177            16
    0.50000000000000    0.05882352941177    0.05882352941177             8
    0.08823529411765    0.08823529411765    0.05882352941177             8
    0.11764705882353    0.08823529411765    0.05882352941177            16
    0.14705882352941    0.08823529411765    0.05882352941177            16
    0.17647058823530    0.08823529411765    0.05882352941177            16
    0.20588235294118    0.08823529411765    0.05882352941177            16
    0.23529411764706    0.08823529411765    0.05882352941177            16
    0.26470588235294    0.08823529411765    0.05882352941177            16
    0.29411764705883    0.08823529411765    0.05882352941177            16
    0.32352941176470    0.08823529411765    0.05882352941177            16
    0.35294117647059    0.08823529411765    0.05882352941177            16
    0.38235294117647    0.08823529411765    0.05882352941177            16
    0.41176470588236    0.08823529411765    0.05882352941177            16
    0.44117647058823    0.08823529411765    0.05882352941177            16
    0.47058823529412    0.08823529411765    0.05882352941177            16
    0.50000000000000    0.08823529411765    0.05882352941177             8
    0.11764705882353    0.11764705882353    0.05882352941177             8
    0.14705882352941    0.11764705882353    0.05882352941177            16
    0.17647058823530    0.11764705882353    0.05882352941177            16
    0.20588235294118    0.11764705882353    0.05882352941177            16
    0.23529411764706    0.11764705882353    0.05882352941177            16
    0.26470588235294    0.11764705882353    0.05882352941177            16
    0.29411764705883    0.11764705882353    0.05882352941177            16
    0.32352941176470    0.11764705882353    0.05882352941177            16
    0.35294117647059    0.11764705882353    0.05882352941177            16
    0.38235294117647    0.11764705882353    0.05882352941177            16
    0.41176470588236    0.11764705882353    0.05882352941177            16
    0.44117647058823    0.11764705882353    0.05882352941177            16
    0.47058823529412    0.11764705882353    0.05882352941177            16
    0.50000000000000    0.11764705882353    0.05882352941177             8
    0.14705882352941    0.14705882352941    0.05882352941177             8
    0.17647058823530    0.14705882352941    0.05882352941177            16
    0.20588235294118    0.14705882352941    0.05882352941177            16
    0.23529411764706    0.14705882352941    0.05882352941177            16
    0.26470588235294    0.14705882352941    0.05882352941177            16
    0.29411764705883    0.14705882352941    0.05882352941177            16
    0.32352941176470    0.14705882352941    0.05882352941177            16
    0.35294117647059    0.14705882352941    0.05882352941177            16
    0.38235294117647    0.14705882352941    0.05882352941177            16
    0.41176470588236    0.14705882352941    0.05882352941177            16
    0.44117647058823    0.14705882352941    0.05882352941177            16
    0.47058823529412    0.14705882352941    0.05882352941177            16
    0.50000000000000    0.14705882352941    0.05882352941177             8
    0.17647058823530    0.17647058823530    0.05882352941177             8
    0.20588235294118    0.17647058823530    0.05882352941177            16
    0.23529411764706    0.17647058823530    0.05882352941177            16
    0.26470588235294    0.17647058823530    0.05882352941177            16
    0.29411764705883    0.17647058823530    0.05882352941177            16
    0.32352941176470    0.17647058823530    0.05882352941177            16
    0.35294117647059    0.17647058823530    0.05882352941177            16
    0.38235294117647    0.17647058823530    0.05882352941177            16
    0.41176470588236    0.17647058823530    0.05882352941177            16
    0.44117647058823    0.17647058823530    0.05882352941177            16
    0.47058823529412    0.17647058823530    0.05882352941177            16
    0.50000000000000    0.17647058823530    0.05882352941177             8
    0.20588235294118    0.20588235294118    0.05882352941177             8
    0.23529411764706    0.20588235294118    0.05882352941177            16
    0.26470588235294    0.20588235294118    0.05882352941177            16
    0.29411764705883    0.20588235294118    0.05882352941177            16
    0.32352941176470    0.20588235294118    0.05882352941177            16
    0.35294117647059    0.20588235294118    0.05882352941177            16
    0.38235294117647    0.20588235294118    0.05882352941177            16
    0.41176470588236    0.20588235294118    0.05882352941177            16
    0.44117647058823    0.20588235294118    0.05882352941177            16
    0.47058823529412    0.20588235294118    0.05882352941177            16
    0.50000000000000    0.20588235294118    0.05882352941177             8
    0.23529411764706    0.23529411764706    0.05882352941177             8
    0.26470588235294    0.23529411764706    0.05882352941177            16
    0.29411764705883    0.23529411764706    0.05882352941177            16
    0.32352941176470    0.23529411764706    0.05882352941177            16
    0.35294117647059    0.23529411764706    0.05882352941177            16
    0.38235294117647    0.23529411764706    0.05882352941177            16
    0.41176470588236    0.23529411764706    0.05882352941177            16
    0.44117647058823    0.23529411764706    0.05882352941177            16
    0.47058823529412    0.23529411764706    0.05882352941177            16
    0.50000000000000    0.23529411764706    0.05882352941177             8
    0.26470588235294    0.26470588235294    0.05882352941177             8
    0.29411764705883    0.26470588235294    0.05882352941177            16
    0.32352941176470    0.26470588235294    0.05882352941177            16
    0.35294117647059    0.26470588235294    0.05882352941177            16
    0.38235294117647    0.26470588235294    0.05882352941177            16
    0.41176470588236    0.26470588235294    0.05882352941177            16
    0.44117647058823    0.26470588235294    0.05882352941177            16
    0.47058823529412    0.26470588235294    0.05882352941177            16
    0.50000000000000    0.26470588235294    0.05882352941177             8
    0.29411764705883    0.29411764705883    0.05882352941177             8
    0.32352941176470    0.29411764705883    0.05882352941177            16
    0.35294117647059    0.29411764705883    0.05882352941177            16
    0.38235294117647    0.29411764705883    0.05882352941177            16
    0.41176470588236    0.29411764705883    0.05882352941177            16
    0.44117647058823    0.29411764705883    0.05882352941177            16
    0.47058823529412    0.29411764705883    0.05882352941177            16
    0.50000000000000    0.29411764705883    0.05882352941177             8
    0.32352941176470    0.32352941176470    0.05882352941177             8
    0.35294117647059    0.32352941176470    0.05882352941177            16
    0.38235294117647    0.32352941176470    0.05882352941177            16
    0.41176470588236    0.32352941176470    0.05882352941177            16
    0.44117647058823    0.32352941176470    0.05882352941177            16
    0.47058823529412    0.32352941176470    0.05882352941177            16
    0.50000000000000    0.32352941176470    0.05882352941177             8
    0.35294117647059    0.35294117647059    0.05882352941177             8
    0.38235294117647    0.35294117647059    0.05882352941177            16
    0.41176470588236    0.35294117647059    0.05882352941177            16
    0.44117647058823    0.35294117647059    0.05882352941177            16
    0.47058823529412    0.35294117647059    0.05882352941177            16
    0.50000000000000    0.35294117647059    0.05882352941177             8
    0.38235294117647    0.38235294117647    0.05882352941177             8
    0.41176470588236    0.38235294117647    0.05882352941177            16
    0.44117647058823    0.38235294117647    0.05882352941177            16
    0.47058823529412    0.38235294117647    0.05882352941177            16
    0.50000000000000    0.38235294117647    0.05882352941177             8
    0.41176470588236    0.41176470588236    0.05882352941177             8
    0.44117647058823    0.41176470588236    0.05882352941177            16
    0.47058823529412    0.41176470588236    0.05882352941177            16
    0.50000000000000    0.41176470588236    0.05882352941177             8
    0.44117647058823    0.44117647058823    0.05882352941177             8
    0.47058823529412    0.44117647058823    0.05882352941177            16
    0.50000000000000    0.44117647058823    0.05882352941177             8
    0.47058823529412    0.47058823529412    0.05882352941177             8
    0.50000000000000    0.47058823529412    0.05882352941177             8
    0.50000000000000    0.50000000000000    0.05882352941177             2
    0.00000000000000    0.00000000000000    0.08823529411765             2
    0.02941176470589    0.00000000000000    0.08823529411765             8
    0.05882352941177    0.00000000000000    0.08823529411765             8
    0.08823529411765    0.00000000000000    0.08823529411765             8
    0.11764705882353    0.00000000000000    0.08823529411765             8
    0.14705882352941    0.00000000000000    0.08823529411765             8
    0.17647058823530    0.00000000000000    0.08823529411765             8
    0.20588235294118    0.00000000000000    0.08823529411765             8
    0.23529411764706    0.00000000000000    0.08823529411765             8
    0.26470588235294    0.00000000000000    0.08823529411765             8
    0.29411764705883    0.00000000000000    0.08823529411765             8
    0.32352941176470    0.00000000000000    0.08823529411765             8
    0.35294117647059    0.00000000000000    0.08823529411765             8
    0.38235294117647    0.00000000000000    0.08823529411765             8
    0.41176470588236    0.00000000000000    0.08823529411765             8
    0.44117647058823    0.00000000000000    0.08823529411765             8
    0.47058823529412    0.00000000000000    0.08823529411765             8
    0.50000000000000    0.00000000000000    0.08823529411765             4
    0.02941176470589    0.02941176470589    0.08823529411765             8
    0.05882352941177    0.02941176470589    0.08823529411765            16
    0.08823529411765    0.02941176470589    0.08823529411765            16
    0.11764705882353    0.02941176470589    0.08823529411765            16
    0.14705882352941    0.02941176470589    0.08823529411765            16
    0.17647058823530    0.02941176470589    0.08823529411765            16
    0.20588235294118    0.02941176470589    0.08823529411765            16
    0.23529411764706    0.02941176470589    0.08823529411765            16
    0.26470588235294    0.02941176470589    0.08823529411765            16
    0.29411764705883    0.02941176470589    0.08823529411765            16
    0.32352941176470    0.02941176470589    0.08823529411765            16
    0.35294117647059    0.02941176470589    0.08823529411765            16
    0.38235294117647    0.02941176470589    0.08823529411765            16
    0.41176470588236    0.02941176470589    0.08823529411765            16
    0.44117647058823    0.02941176470589    0.08823529411765            16
    0.47058823529412    0.02941176470589    0.08823529411765            16
    0.50000000000000    0.02941176470589    0.08823529411765             8
    0.05882352941177    0.05882352941177    0.08823529411765             8
    0.08823529411765    0.05882352941177    0.08823529411765            16
    0.11764705882353    0.05882352941177    0.08823529411765            16
    0.14705882352941    0.05882352941177    0.08823529411765            16
    0.17647058823530    0.05882352941177    0.08823529411765            16
    0.20588235294118    0.05882352941177    0.08823529411765            16
    0.23529411764706    0.05882352941177    0.08823529411765            16
    0.26470588235294    0.05882352941177    0.08823529411765            16
    0.29411764705883    0.05882352941177    0.08823529411765            16
    0.32352941176470    0.05882352941177    0.08823529411765            16
    0.35294117647059    0.05882352941177    0.08823529411765            16
    0.38235294117647    0.05882352941177    0.08823529411765            16
    0.41176470588236    0.05882352941177    0.08823529411765            16
    0.44117647058823    0.05882352941177    0.08823529411765            16
    0.47058823529412    0.05882352941177    0.08823529411765            16
    0.50000000000000    0.05882352941177    0.08823529411765             8
    0.08823529411765    0.08823529411765    0.08823529411765             8
    0.11764705882353    0.08823529411765    0.08823529411765            16
    0.14705882352941    0.08823529411765    0.08823529411765            16
    0.17647058823530    0.08823529411765    0.08823529411765            16
    0.20588235294118    0.08823529411765    0.08823529411765            16
    0.23529411764706    0.08823529411765    0.08823529411765            16
    0.26470588235294    0.08823529411765    0.08823529411765            16
    0.29411764705883    0.08823529411765    0.08823529411765            16
    0.32352941176470    0.08823529411765    0.08823529411765            16
    0.35294117647059    0.08823529411765    0.08823529411765            16
    0.38235294117647    0.08823529411765    0.08823529411765            16
    0.41176470588236    0.08823529411765    0.08823529411765            16
    0.44117647058823    0.08823529411765    0.08823529411765            16
    0.47058823529412    0.08823529411765    0.08823529411765            16
    0.50000000000000    0.08823529411765    0.08823529411765             8
    0.11764705882353    0.11764705882353    0.08823529411765             8
    0.14705882352941    0.11764705882353    0.08823529411765            16
    0.17647058823530    0.11764705882353    0.08823529411765            16
    0.20588235294118    0.11764705882353    0.08823529411765            16
    0.23529411764706    0.11764705882353    0.08823529411765            16
    0.26470588235294    0.11764705882353    0.08823529411765            16
    0.29411764705883    0.11764705882353    0.08823529411765            16
    0.32352941176470    0.11764705882353    0.08823529411765            16
    0.35294117647059    0.11764705882353    0.08823529411765            16
    0.38235294117647    0.11764705882353    0.08823529411765            16
    0.41176470588236    0.11764705882353    0.08823529411765            16
    0.44117647058823    0.11764705882353    0.08823529411765            16
    0.47058823529412    0.11764705882353    0.08823529411765            16
    0.50000000000000    0.11764705882353    0.08823529411765             8
    0.14705882352941    0.14705882352941    0.08823529411765             8
    0.17647058823530    0.14705882352941    0.08823529411765            16
    0.20588235294118    0.14705882352941    0.08823529411765            16
    0.23529411764706    0.14705882352941    0.08823529411765            16
    0.26470588235294    0.14705882352941    0.08823529411765            16
    0.29411764705883    0.14705882352941    0.08823529411765            16
    0.32352941176470    0.14705882352941    0.08823529411765            16
    0.35294117647059    0.14705882352941    0.08823529411765            16
    0.38235294117647    0.14705882352941    0.08823529411765            16
    0.41176470588236    0.14705882352941    0.08823529411765            16
    0.44117647058823    0.14705882352941    0.08823529411765            16
    0.47058823529412    0.14705882352941    0.08823529411765            16
    0.50000000000000    0.14705882352941    0.08823529411765             8
    0.17647058823530    0.17647058823530    0.08823529411765             8
    0.20588235294118    0.17647058823530    0.08823529411765            16
    0.23529411764706    0.17647058823530    0.08823529411765            16
    0.26470588235294    0.17647058823530    0.08823529411765            16
    0.29411764705883    0.17647058823530    0.08823529411765            16
    0.32352941176470    0.17647058823530    0.08823529411765            16
    0.35294117647059    0.17647058823530    0.08823529411765            16
    0.38235294117647    0.17647058823530    0.08823529411765            16
    0.41176470588236    0.17647058823530    0.08823529411765            16
    0.44117647058823    0.17647058823530    0.08823529411765            16
    0.47058823529412    0.17647058823530    0.08823529411765            16
    0.50000000000000    0.17647058823530    0.08823529411765             8
    0.20588235294118    0.20588235294118    0.08823529411765             8
    0.23529411764706    0.20588235294118    0.08823529411765            16
    0.26470588235294    0.20588235294118    0.08823529411765            16
    0.29411764705883    0.20588235294118    0.08823529411765            16
    0.32352941176470    0.20588235294118    0.08823529411765            16
    0.35294117647059    0.20588235294118    0.08823529411765            16
    0.38235294117647    0.20588235294118    0.08823529411765            16
    0.41176470588236    0.20588235294118    0.08823529411765            16
    0.44117647058823    0.20588235294118    0.08823529411765            16
    0.47058823529412    0.20588235294118    0.08823529411765            16
    0.50000000000000    0.20588235294118    0.08823529411765             8
    0.23529411764706    0.23529411764706    0.08823529411765             8
    0.26470588235294    0.23529411764706    0.08823529411765            16
    0.29411764705883    0.23529411764706    0.08823529411765            16
    0.32352941176470    0.23529411764706    0.08823529411765            16
    0.35294117647059    0.23529411764706    0.08823529411765            16
    0.38235294117647    0.23529411764706    0.08823529411765            16
    0.41176470588236    0.23529411764706    0.08823529411765            16
    0.44117647058823    0.23529411764706    0.08823529411765            16
    0.47058823529412    0.23529411764706    0.08823529411765            16
    0.50000000000000    0.23529411764706    0.08823529411765             8
    0.26470588235294    0.26470588235294    0.08823529411765             8
    0.29411764705883    0.26470588235294    0.08823529411765            16
    0.32352941176470    0.26470588235294    0.08823529411765            16
    0.35294117647059    0.26470588235294    0.08823529411765            16
    0.38235294117647    0.26470588235294    0.08823529411765            16
    0.41176470588236    0.26470588235294    0.08823529411765            16
    0.44117647058823    0.26470588235294    0.08823529411765            16
    0.47058823529412    0.26470588235294    0.08823529411765            16
    0.50000000000000    0.26470588235294    0.08823529411765             8
    0.29411764705883    0.29411764705883    0.08823529411765             8
    0.32352941176470    0.29411764705883    0.08823529411765            16
    0.35294117647059    0.29411764705883    0.08823529411765            16
    0.38235294117647    0.29411764705883    0.08823529411765            16
    0.41176470588236    0.29411764705883    0.08823529411765            16
    0.44117647058823    0.29411764705883    0.08823529411765            16
    0.47058823529412    0.29411764705883    0.08823529411765            16
    0.50000000000000    0.29411764705883    0.08823529411765             8
    0.32352941176470    0.32352941176470    0.08823529411765             8
    0.35294117647059    0.32352941176470    0.08823529411765            16
    0.38235294117647    0.32352941176470    0.08823529411765            16
    0.41176470588236    0.32352941176470    0.08823529411765            16
    0.44117647058823    0.32352941176470    0.08823529411765            16
    0.47058823529412    0.32352941176470    0.08823529411765            16
    0.50000000000000    0.32352941176470    0.08823529411765             8
    0.35294117647059    0.35294117647059    0.08823529411765             8
    0.38235294117647    0.35294117647059    0.08823529411765            16
    0.41176470588236    0.35294117647059    0.08823529411765            16
    0.44117647058823    0.35294117647059    0.08823529411765            16
    0.47058823529412    0.35294117647059    0.08823529411765            16
    0.50000000000000    0.35294117647059    0.08823529411765             8
    0.38235294117647    0.38235294117647    0.08823529411765             8
    0.41176470588236    0.38235294117647    0.08823529411765            16
    0.44117647058823    0.38235294117647    0.08823529411765            16
    0.47058823529412    0.38235294117647    0.08823529411765            16
    0.50000000000000    0.38235294117647    0.08823529411765             8
    0.41176470588236    0.41176470588236    0.08823529411765             8
    0.44117647058823    0.41176470588236    0.08823529411765            16
    0.47058823529412    0.41176470588236    0.08823529411765            16
    0.50000000000000    0.41176470588236    0.08823529411765             8
    0.44117647058823    0.44117647058823    0.08823529411765             8
    0.47058823529412    0.44117647058823    0.08823529411765            16
    0.50000000000000    0.44117647058823    0.08823529411765             8
    0.47058823529412    0.47058823529412    0.08823529411765             8
    0.50000000000000    0.47058823529412    0.08823529411765             8
    0.50000000000000    0.50000000000000    0.08823529411765             2
    0.00000000000000    0.00000000000000    0.11764705882353             2
    0.02941176470589    0.00000000000000    0.11764705882353             8
    0.05882352941177    0.00000000000000    0.11764705882353             8
    0.08823529411765    0.00000000000000    0.11764705882353             8
    0.11764705882353    0.00000000000000    0.11764705882353             8
    0.14705882352941    0.00000000000000    0.11764705882353             8
    0.17647058823530    0.00000000000000    0.11764705882353             8
    0.20588235294118    0.00000000000000    0.11764705882353             8
    0.23529411764706    0.00000000000000    0.11764705882353             8
    0.26470588235294    0.00000000000000    0.11764705882353             8
    0.29411764705883    0.00000000000000    0.11764705882353             8
    0.32352941176470    0.00000000000000    0.11764705882353             8
    0.35294117647059    0.00000000000000    0.11764705882353             8
    0.38235294117647    0.00000000000000    0.11764705882353             8
    0.41176470588236    0.00000000000000    0.11764705882353             8
    0.44117647058823    0.00000000000000    0.11764705882353             8
    0.47058823529412    0.00000000000000    0.11764705882353             8
    0.50000000000000    0.00000000000000    0.11764705882353             4
    0.02941176470589    0.02941176470589    0.11764705882353             8
    0.05882352941177    0.02941176470589    0.11764705882353            16
    0.08823529411765    0.02941176470589    0.11764705882353            16
    0.11764705882353    0.02941176470589    0.11764705882353            16
    0.14705882352941    0.02941176470589    0.11764705882353            16
    0.17647058823530    0.02941176470589    0.11764705882353            16
    0.20588235294118    0.02941176470589    0.11764705882353            16
    0.23529411764706    0.02941176470589    0.11764705882353            16
    0.26470588235294    0.02941176470589    0.11764705882353            16
    0.29411764705883    0.02941176470589    0.11764705882353            16
    0.32352941176470    0.02941176470589    0.11764705882353            16
    0.35294117647059    0.02941176470589    0.11764705882353            16
    0.38235294117647    0.02941176470589    0.11764705882353            16
    0.41176470588236    0.02941176470589    0.11764705882353            16
    0.44117647058823    0.02941176470589    0.11764705882353            16
    0.47058823529412    0.02941176470589    0.11764705882353            16
    0.50000000000000    0.02941176470589    0.11764705882353             8
    0.05882352941177    0.05882352941177    0.11764705882353             8
    0.08823529411765    0.05882352941177    0.11764705882353            16
    0.11764705882353    0.05882352941177    0.11764705882353            16
    0.14705882352941    0.05882352941177    0.11764705882353            16
    0.17647058823530    0.05882352941177    0.11764705882353            16
    0.20588235294118    0.05882352941177    0.11764705882353            16
    0.23529411764706    0.05882352941177    0.11764705882353            16
    0.26470588235294    0.05882352941177    0.11764705882353            16
    0.29411764705883    0.05882352941177    0.11764705882353            16
    0.32352941176470    0.05882352941177    0.11764705882353            16
    0.35294117647059    0.05882352941177    0.11764705882353            16
    0.38235294117647    0.05882352941177    0.11764705882353            16
    0.41176470588236    0.05882352941177    0.11764705882353            16
    0.44117647058823    0.05882352941177    0.11764705882353            16
    0.47058823529412    0.05882352941177    0.11764705882353            16
    0.50000000000000    0.05882352941177    0.11764705882353             8
    0.08823529411765    0.08823529411765    0.11764705882353             8
    0.11764705882353    0.08823529411765    0.11764705882353            16
    0.14705882352941    0.08823529411765    0.11764705882353            16
    0.17647058823530    0.08823529411765    0.11764705882353            16
    0.20588235294118    0.08823529411765    0.11764705882353            16
    0.23529411764706    0.08823529411765    0.11764705882353            16
    0.26470588235294    0.08823529411765    0.11764705882353            16
    0.29411764705883    0.08823529411765    0.11764705882353            16
    0.32352941176470    0.08823529411765    0.11764705882353            16
    0.35294117647059    0.08823529411765    0.11764705882353            16
    0.38235294117647    0.08823529411765    0.11764705882353            16
    0.41176470588236    0.08823529411765    0.11764705882353            16
    0.44117647058823    0.08823529411765    0.11764705882353            16
    0.47058823529412    0.08823529411765    0.11764705882353            16
    0.50000000000000    0.08823529411765    0.11764705882353             8
    0.11764705882353    0.11764705882353    0.11764705882353             8
    0.14705882352941    0.11764705882353    0.11764705882353            16
    0.17647058823530    0.11764705882353    0.11764705882353            16
    0.20588235294118    0.11764705882353    0.11764705882353            16
    0.23529411764706    0.11764705882353    0.11764705882353            16
    0.26470588235294    0.11764705882353    0.11764705882353            16
    0.29411764705883    0.11764705882353    0.11764705882353            16
    0.32352941176470    0.11764705882353    0.11764705882353            16
    0.35294117647059    0.11764705882353    0.11764705882353            16
    0.38235294117647    0.11764705882353    0.11764705882353            16
    0.41176470588236    0.11764705882353    0.11764705882353            16
    0.44117647058823    0.11764705882353    0.11764705882353            16
    0.47058823529412    0.11764705882353    0.11764705882353            16
    0.50000000000000    0.11764705882353    0.11764705882353             8
    0.14705882352941    0.14705882352941    0.11764705882353             8
    0.17647058823530    0.14705882352941    0.11764705882353            16
    0.20588235294118    0.14705882352941    0.11764705882353            16
    0.23529411764706    0.14705882352941    0.11764705882353            16
    0.26470588235294    0.14705882352941    0.11764705882353            16
    0.29411764705883    0.14705882352941    0.11764705882353            16
    0.32352941176470    0.14705882352941    0.11764705882353            16
    0.35294117647059    0.14705882352941    0.11764705882353            16
    0.38235294117647    0.14705882352941    0.11764705882353            16
    0.41176470588236    0.14705882352941    0.11764705882353            16
    0.44117647058823    0.14705882352941    0.11764705882353            16
    0.47058823529412    0.14705882352941    0.11764705882353            16
    0.50000000000000    0.14705882352941    0.11764705882353             8
    0.17647058823530    0.17647058823530    0.11764705882353             8
    0.20588235294118    0.17647058823530    0.11764705882353            16
    0.23529411764706    0.17647058823530    0.11764705882353            16
    0.26470588235294    0.17647058823530    0.11764705882353            16
    0.29411764705883    0.17647058823530    0.11764705882353            16
    0.32352941176470    0.17647058823530    0.11764705882353            16
    0.35294117647059    0.17647058823530    0.11764705882353            16
    0.38235294117647    0.17647058823530    0.11764705882353            16
    0.41176470588236    0.17647058823530    0.11764705882353            16
    0.44117647058823    0.17647058823530    0.11764705882353            16
    0.47058823529412    0.17647058823530    0.11764705882353            16
    0.50000000000000    0.17647058823530    0.11764705882353             8
    0.20588235294118    0.20588235294118    0.11764705882353             8
    0.23529411764706    0.20588235294118    0.11764705882353            16
    0.26470588235294    0.20588235294118    0.11764705882353            16
    0.29411764705883    0.20588235294118    0.11764705882353            16
    0.32352941176470    0.20588235294118    0.11764705882353            16
    0.35294117647059    0.20588235294118    0.11764705882353            16
    0.38235294117647    0.20588235294118    0.11764705882353            16
    0.41176470588236    0.20588235294118    0.11764705882353            16
    0.44117647058823    0.20588235294118    0.11764705882353            16
    0.47058823529412    0.20588235294118    0.11764705882353            16
    0.50000000000000    0.20588235294118    0.11764705882353             8
    0.23529411764706    0.23529411764706    0.11764705882353             8
    0.26470588235294    0.23529411764706    0.11764705882353            16
    0.29411764705883    0.23529411764706    0.11764705882353            16
    0.32352941176470    0.23529411764706    0.11764705882353            16
    0.35294117647059    0.23529411764706    0.11764705882353            16
    0.38235294117647    0.23529411764706    0.11764705882353            16
    0.41176470588236    0.23529411764706    0.11764705882353            16
    0.44117647058823    0.23529411764706    0.11764705882353            16
    0.47058823529412    0.23529411764706    0.11764705882353            16
    0.50000000000000    0.23529411764706    0.11764705882353             8
    0.26470588235294    0.26470588235294    0.11764705882353             8
    0.29411764705883    0.26470588235294    0.11764705882353            16
    0.32352941176470    0.26470588235294    0.11764705882353            16
    0.35294117647059    0.26470588235294    0.11764705882353            16
    0.38235294117647    0.26470588235294    0.11764705882353            16
    0.41176470588236    0.26470588235294    0.11764705882353            16
    0.44117647058823    0.26470588235294    0.11764705882353            16
    0.47058823529412    0.26470588235294    0.11764705882353            16
    0.50000000000000    0.26470588235294    0.11764705882353             8
    0.29411764705883    0.29411764705883    0.11764705882353             8
    0.32352941176470    0.29411764705883    0.11764705882353            16
    0.35294117647059    0.29411764705883    0.11764705882353            16
    0.38235294117647    0.29411764705883    0.11764705882353            16
    0.41176470588236    0.29411764705883    0.11764705882353            16
    0.44117647058823    0.29411764705883    0.11764705882353            16
    0.47058823529412    0.29411764705883    0.11764705882353            16
    0.50000000000000    0.29411764705883    0.11764705882353             8
    0.32352941176470    0.32352941176470    0.11764705882353             8
    0.35294117647059    0.32352941176470    0.11764705882353            16
    0.38235294117647    0.32352941176470    0.11764705882353            16
    0.41176470588236    0.32352941176470    0.11764705882353            16
    0.44117647058823    0.32352941176470    0.11764705882353            16
    0.47058823529412    0.32352941176470    0.11764705882353            16
    0.50000000000000    0.32352941176470    0.11764705882353             8
    0.35294117647059    0.35294117647059    0.11764705882353             8
    0.38235294117647    0.35294117647059    0.11764705882353            16
    0.41176470588236    0.35294117647059    0.11764705882353            16
    0.44117647058823    0.35294117647059    0.11764705882353            16
    0.47058823529412    0.35294117647059    0.11764705882353            16
    0.50000000000000    0.35294117647059    0.11764705882353             8
    0.38235294117647    0.38235294117647    0.11764705882353             8
    0.41176470588236    0.38235294117647    0.11764705882353            16
    0.44117647058823    0.38235294117647    0.11764705882353            16
    0.47058823529412    0.38235294117647    0.11764705882353            16
    0.50000000000000    0.38235294117647    0.11764705882353             8
    0.41176470588236    0.41176470588236    0.11764705882353             8
    0.44117647058823    0.41176470588236    0.11764705882353            16
    0.47058823529412    0.41176470588236    0.11764705882353            16
    0.50000000000000    0.41176470588236    0.11764705882353             8
    0.44117647058823    0.44117647058823    0.11764705882353             8
    0.47058823529412    0.44117647058823    0.11764705882353            16
    0.50000000000000    0.44117647058823    0.11764705882353             8
    0.47058823529412    0.47058823529412    0.11764705882353             8
    0.50000000000000    0.47058823529412    0.11764705882353             8
    0.50000000000000    0.50000000000000    0.11764705882353             2
    0.00000000000000    0.00000000000000    0.14705882352941             2
    0.02941176470589    0.00000000000000    0.14705882352941             8
    0.05882352941177    0.00000000000000    0.14705882352941             8
    0.08823529411765    0.00000000000000    0.14705882352941             8
    0.11764705882353    0.00000000000000    0.14705882352941             8
    0.14705882352941    0.00000000000000    0.14705882352941             8
    0.17647058823530    0.00000000000000    0.14705882352941             8
    0.20588235294118    0.00000000000000    0.14705882352941             8
    0.23529411764706    0.00000000000000    0.14705882352941             8
    0.26470588235294    0.00000000000000    0.14705882352941             8
    0.29411764705883    0.00000000000000    0.14705882352941             8
    0.32352941176470    0.00000000000000    0.14705882352941             8
    0.35294117647059    0.00000000000000    0.14705882352941             8
    0.38235294117647    0.00000000000000    0.14705882352941             8
    0.41176470588236    0.00000000000000    0.14705882352941             8
    0.44117647058823    0.00000000000000    0.14705882352941             8
    0.47058823529412    0.00000000000000    0.14705882352941             8
    0.50000000000000    0.00000000000000    0.14705882352941             4
    0.02941176470589    0.02941176470589    0.14705882352941             8
    0.05882352941177    0.02941176470589    0.14705882352941            16
    0.08823529411765    0.02941176470589    0.14705882352941            16
    0.11764705882353    0.02941176470589    0.14705882352941            16
    0.14705882352941    0.02941176470589    0.14705882352941            16
    0.17647058823530    0.02941176470589    0.14705882352941            16
    0.20588235294118    0.02941176470589    0.14705882352941            16
    0.23529411764706    0.02941176470589    0.14705882352941            16
    0.26470588235294    0.02941176470589    0.14705882352941            16
    0.29411764705883    0.02941176470589    0.14705882352941            16
    0.32352941176470    0.02941176470589    0.14705882352941            16
    0.35294117647059    0.02941176470589    0.14705882352941            16
    0.38235294117647    0.02941176470589    0.14705882352941            16
    0.41176470588236    0.02941176470589    0.14705882352941            16
    0.44117647058823    0.02941176470589    0.14705882352941            16
    0.47058823529412    0.02941176470589    0.14705882352941            16
    0.50000000000000    0.02941176470589    0.14705882352941             8
    0.05882352941177    0.05882352941177    0.14705882352941             8
    0.08823529411765    0.05882352941177    0.14705882352941            16
    0.11764705882353    0.05882352941177    0.14705882352941            16
    0.14705882352941    0.05882352941177    0.14705882352941            16
    0.17647058823530    0.05882352941177    0.14705882352941            16
    0.20588235294118    0.05882352941177    0.14705882352941            16
    0.23529411764706    0.05882352941177    0.14705882352941            16
    0.26470588235294    0.05882352941177    0.14705882352941            16
    0.29411764705883    0.05882352941177    0.14705882352941            16
    0.32352941176470    0.05882352941177    0.14705882352941            16
    0.35294117647059    0.05882352941177    0.14705882352941            16
    0.38235294117647    0.05882352941177    0.14705882352941            16
    0.41176470588236    0.05882352941177    0.14705882352941            16
    0.44117647058823    0.05882352941177    0.14705882352941            16
    0.47058823529412    0.05882352941177    0.14705882352941            16
    0.50000000000000    0.05882352941177    0.14705882352941             8
    0.08823529411765    0.08823529411765    0.14705882352941             8
    0.11764705882353    0.08823529411765    0.14705882352941            16
    0.14705882352941    0.08823529411765    0.14705882352941            16
    0.17647058823530    0.08823529411765    0.14705882352941            16
    0.20588235294118    0.08823529411765    0.14705882352941            16
    0.23529411764706    0.08823529411765    0.14705882352941            16
    0.26470588235294    0.08823529411765    0.14705882352941            16
    0.29411764705883    0.08823529411765    0.14705882352941            16
    0.32352941176470    0.08823529411765    0.14705882352941            16
    0.35294117647059    0.08823529411765    0.14705882352941            16
    0.38235294117647    0.08823529411765    0.14705882352941            16
    0.41176470588236    0.08823529411765    0.14705882352941            16
    0.44117647058823    0.08823529411765    0.14705882352941            16
    0.47058823529412    0.08823529411765    0.14705882352941            16
    0.50000000000000    0.08823529411765    0.14705882352941             8
    0.11764705882353    0.11764705882353    0.14705882352941             8
    0.14705882352941    0.11764705882353    0.14705882352941            16
    0.17647058823530    0.11764705882353    0.14705882352941            16
    0.20588235294118    0.11764705882353    0.14705882352941            16
    0.23529411764706    0.11764705882353    0.14705882352941            16
    0.26470588235294    0.11764705882353    0.14705882352941            16
    0.29411764705883    0.11764705882353    0.14705882352941            16
    0.32352941176470    0.11764705882353    0.14705882352941            16
    0.35294117647059    0.11764705882353    0.14705882352941            16
    0.38235294117647    0.11764705882353    0.14705882352941            16
    0.41176470588236    0.11764705882353    0.14705882352941            16
    0.44117647058823    0.11764705882353    0.14705882352941            16
    0.47058823529412    0.11764705882353    0.14705882352941            16
    0.50000000000000    0.11764705882353    0.14705882352941             8
    0.14705882352941    0.14705882352941    0.14705882352941             8
    0.17647058823530    0.14705882352941    0.14705882352941            16
    0.20588235294118    0.14705882352941    0.14705882352941            16
    0.23529411764706    0.14705882352941    0.14705882352941            16
    0.26470588235294    0.14705882352941    0.14705882352941            16
    0.29411764705883    0.14705882352941    0.14705882352941            16
    0.32352941176470    0.14705882352941    0.14705882352941            16
    0.35294117647059    0.14705882352941    0.14705882352941            16
    0.38235294117647    0.14705882352941    0.14705882352941            16
    0.41176470588236    0.14705882352941    0.14705882352941            16
    0.44117647058823    0.14705882352941    0.14705882352941            16
    0.47058823529412    0.14705882352941    0.14705882352941            16
    0.50000000000000    0.14705882352941    0.14705882352941             8
    0.17647058823530    0.17647058823530    0.14705882352941             8
    0.20588235294118    0.17647058823530    0.14705882352941            16
    0.23529411764706    0.17647058823530    0.14705882352941            16
    0.26470588235294    0.17647058823530    0.14705882352941            16
    0.29411764705883    0.17647058823530    0.14705882352941            16
    0.32352941176470    0.17647058823530    0.14705882352941            16
    0.35294117647059    0.17647058823530    0.14705882352941            16
    0.38235294117647    0.17647058823530    0.14705882352941            16
    0.41176470588236    0.17647058823530    0.14705882352941            16
    0.44117647058823    0.17647058823530    0.14705882352941            16
    0.47058823529412    0.17647058823530    0.14705882352941            16
    0.50000000000000    0.17647058823530    0.14705882352941             8
    0.20588235294118    0.20588235294118    0.14705882352941             8
    0.23529411764706    0.20588235294118    0.14705882352941            16
    0.26470588235294    0.20588235294118    0.14705882352941            16
    0.29411764705883    0.20588235294118    0.14705882352941            16
    0.32352941176470    0.20588235294118    0.14705882352941            16
    0.35294117647059    0.20588235294118    0.14705882352941            16
    0.38235294117647    0.20588235294118    0.14705882352941            16
    0.41176470588236    0.20588235294118    0.14705882352941            16
    0.44117647058823    0.20588235294118    0.14705882352941            16
    0.47058823529412    0.20588235294118    0.14705882352941            16
    0.50000000000000    0.20588235294118    0.14705882352941             8
    0.23529411764706    0.23529411764706    0.14705882352941             8
    0.26470588235294    0.23529411764706    0.14705882352941            16
    0.29411764705883    0.23529411764706    0.14705882352941            16
    0.32352941176470    0.23529411764706    0.14705882352941            16
    0.35294117647059    0.23529411764706    0.14705882352941            16
    0.38235294117647    0.23529411764706    0.14705882352941            16
    0.41176470588236    0.23529411764706    0.14705882352941            16
    0.44117647058823    0.23529411764706    0.14705882352941            16
    0.47058823529412    0.23529411764706    0.14705882352941            16
    0.50000000000000    0.23529411764706    0.14705882352941             8
    0.26470588235294    0.26470588235294    0.14705882352941             8
    0.29411764705883    0.26470588235294    0.14705882352941            16
    0.32352941176470    0.26470588235294    0.14705882352941            16
    0.35294117647059    0.26470588235294    0.14705882352941            16
    0.38235294117647    0.26470588235294    0.14705882352941            16
    0.41176470588236    0.26470588235294    0.14705882352941            16
    0.44117647058823    0.26470588235294    0.14705882352941            16
    0.47058823529412    0.26470588235294    0.14705882352941            16
    0.50000000000000    0.26470588235294    0.14705882352941             8
    0.29411764705883    0.29411764705883    0.14705882352941             8
    0.32352941176470    0.29411764705883    0.14705882352941            16
    0.35294117647059    0.29411764705883    0.14705882352941            16
    0.38235294117647    0.29411764705883    0.14705882352941            16
    0.41176470588236    0.29411764705883    0.14705882352941            16
    0.44117647058823    0.29411764705883    0.14705882352941            16
    0.47058823529412    0.29411764705883    0.14705882352941            16
    0.50000000000000    0.29411764705883    0.14705882352941             8
    0.32352941176470    0.32352941176470    0.14705882352941             8
    0.35294117647059    0.32352941176470    0.14705882352941            16
    0.38235294117647    0.32352941176470    0.14705882352941            16
    0.41176470588236    0.32352941176470    0.14705882352941            16
    0.44117647058823    0.32352941176470    0.14705882352941            16
    0.47058823529412    0.32352941176470    0.14705882352941            16
    0.50000000000000    0.32352941176470    0.14705882352941             8
    0.35294117647059    0.35294117647059    0.14705882352941             8
    0.38235294117647    0.35294117647059    0.14705882352941            16
    0.41176470588236    0.35294117647059    0.14705882352941            16
    0.44117647058823    0.35294117647059    0.14705882352941            16
    0.47058823529412    0.35294117647059    0.14705882352941            16
    0.50000000000000    0.35294117647059    0.14705882352941             8
    0.38235294117647    0.38235294117647    0.14705882352941             8
    0.41176470588236    0.38235294117647    0.14705882352941            16
    0.44117647058823    0.38235294117647    0.14705882352941            16
    0.47058823529412    0.38235294117647    0.14705882352941            16
    0.50000000000000    0.38235294117647    0.14705882352941             8
    0.41176470588236    0.41176470588236    0.14705882352941             8
    0.44117647058823    0.41176470588236    0.14705882352941            16
    0.47058823529412    0.41176470588236    0.14705882352941            16
    0.50000000000000    0.41176470588236    0.14705882352941             8
    0.44117647058823    0.44117647058823    0.14705882352941             8
    0.47058823529412    0.44117647058823    0.14705882352941            16
    0.50000000000000    0.44117647058823    0.14705882352941             8
    0.47058823529412    0.47058823529412    0.14705882352941             8
    0.50000000000000    0.47058823529412    0.14705882352941             8
    0.50000000000000    0.50000000000000    0.14705882352941             2
    0.00000000000000    0.00000000000000    0.17647058823530             2
    0.02941176470589    0.00000000000000    0.17647058823530             8
    0.05882352941177    0.00000000000000    0.17647058823530             8
    0.08823529411765    0.00000000000000    0.17647058823530             8
    0.11764705882353    0.00000000000000    0.17647058823530             8
    0.14705882352941    0.00000000000000    0.17647058823530             8
    0.17647058823530    0.00000000000000    0.17647058823530             8
    0.20588235294118    0.00000000000000    0.17647058823530             8
    0.23529411764706    0.00000000000000    0.17647058823530             8
    0.26470588235294    0.00000000000000    0.17647058823530             8
    0.29411764705883    0.00000000000000    0.17647058823530             8
    0.32352941176470    0.00000000000000    0.17647058823530             8
    0.35294117647059    0.00000000000000    0.17647058823530             8
    0.38235294117647    0.00000000000000    0.17647058823530             8
    0.41176470588236    0.00000000000000    0.17647058823530             8
    0.44117647058823    0.00000000000000    0.17647058823530             8
    0.47058823529412    0.00000000000000    0.17647058823530             8
    0.50000000000000    0.00000000000000    0.17647058823530             4
    0.02941176470589    0.02941176470589    0.17647058823530             8
    0.05882352941177    0.02941176470589    0.17647058823530            16
    0.08823529411765    0.02941176470589    0.17647058823530            16
    0.11764705882353    0.02941176470589    0.17647058823530            16
    0.14705882352941    0.02941176470589    0.17647058823530            16
    0.17647058823530    0.02941176470589    0.17647058823530            16
    0.20588235294118    0.02941176470589    0.17647058823530            16
    0.23529411764706    0.02941176470589    0.17647058823530            16
    0.26470588235294    0.02941176470589    0.17647058823530            16
    0.29411764705883    0.02941176470589    0.17647058823530            16
    0.32352941176470    0.02941176470589    0.17647058823530            16
    0.35294117647059    0.02941176470589    0.17647058823530            16
    0.38235294117647    0.02941176470589    0.17647058823530            16
    0.41176470588236    0.02941176470589    0.17647058823530            16
    0.44117647058823    0.02941176470589    0.17647058823530            16
    0.47058823529412    0.02941176470589    0.17647058823530            16
    0.50000000000000    0.02941176470589    0.17647058823530             8
    0.05882352941177    0.05882352941177    0.17647058823530             8
    0.08823529411765    0.05882352941177    0.17647058823530            16
    0.11764705882353    0.05882352941177    0.17647058823530            16
    0.14705882352941    0.05882352941177    0.17647058823530            16
    0.17647058823530    0.05882352941177    0.17647058823530            16
    0.20588235294118    0.05882352941177    0.17647058823530            16
    0.23529411764706    0.05882352941177    0.17647058823530            16
    0.26470588235294    0.05882352941177    0.17647058823530            16
    0.29411764705883    0.05882352941177    0.17647058823530            16
    0.32352941176470    0.05882352941177    0.17647058823530            16
    0.35294117647059    0.05882352941177    0.17647058823530            16
    0.38235294117647    0.05882352941177    0.17647058823530            16
    0.41176470588236    0.05882352941177    0.17647058823530            16
    0.44117647058823    0.05882352941177    0.17647058823530            16
    0.47058823529412    0.05882352941177    0.17647058823530            16
    0.50000000000000    0.05882352941177    0.17647058823530             8
    0.08823529411765    0.08823529411765    0.17647058823530             8
    0.11764705882353    0.08823529411765    0.17647058823530            16
    0.14705882352941    0.08823529411765    0.17647058823530            16
    0.17647058823530    0.08823529411765    0.17647058823530            16
    0.20588235294118    0.08823529411765    0.17647058823530            16
    0.23529411764706    0.08823529411765    0.17647058823530            16
    0.26470588235294    0.08823529411765    0.17647058823530            16
    0.29411764705883    0.08823529411765    0.17647058823530            16
    0.32352941176470    0.08823529411765    0.17647058823530            16
    0.35294117647059    0.08823529411765    0.17647058823530            16
    0.38235294117647    0.08823529411765    0.17647058823530            16
    0.41176470588236    0.08823529411765    0.17647058823530            16
    0.44117647058823    0.08823529411765    0.17647058823530            16
    0.47058823529412    0.08823529411765    0.17647058823530            16
    0.50000000000000    0.08823529411765    0.17647058823530             8
    0.11764705882353    0.11764705882353    0.17647058823530             8
    0.14705882352941    0.11764705882353    0.17647058823530            16
    0.17647058823530    0.11764705882353    0.17647058823530            16
    0.20588235294118    0.11764705882353    0.17647058823530            16
    0.23529411764706    0.11764705882353    0.17647058823530            16
    0.26470588235294    0.11764705882353    0.17647058823530            16
    0.29411764705883    0.11764705882353    0.17647058823530            16
    0.32352941176470    0.11764705882353    0.17647058823530            16
    0.35294117647059    0.11764705882353    0.17647058823530            16
    0.38235294117647    0.11764705882353    0.17647058823530            16
    0.41176470588236    0.11764705882353    0.17647058823530            16
    0.44117647058823    0.11764705882353    0.17647058823530            16
    0.47058823529412    0.11764705882353    0.17647058823530            16
    0.50000000000000    0.11764705882353    0.17647058823530             8
    0.14705882352941    0.14705882352941    0.17647058823530             8
    0.17647058823530    0.14705882352941    0.17647058823530            16
    0.20588235294118    0.14705882352941    0.17647058823530            16
    0.23529411764706    0.14705882352941    0.17647058823530            16
    0.26470588235294    0.14705882352941    0.17647058823530            16
    0.29411764705883    0.14705882352941    0.17647058823530            16
    0.32352941176470    0.14705882352941    0.17647058823530            16
    0.35294117647059    0.14705882352941    0.17647058823530            16
    0.38235294117647    0.14705882352941    0.17647058823530            16
    0.41176470588236    0.14705882352941    0.17647058823530            16
    0.44117647058823    0.14705882352941    0.17647058823530            16
    0.47058823529412    0.14705882352941    0.17647058823530            16
    0.50000000000000    0.14705882352941    0.17647058823530             8
    0.17647058823530    0.17647058823530    0.17647058823530             8
    0.20588235294118    0.17647058823530    0.17647058823530            16
    0.23529411764706    0.17647058823530    0.17647058823530            16
    0.26470588235294    0.17647058823530    0.17647058823530            16
    0.29411764705883    0.17647058823530    0.17647058823530            16
    0.32352941176470    0.17647058823530    0.17647058823530            16
    0.35294117647059    0.17647058823530    0.17647058823530            16
    0.38235294117647    0.17647058823530    0.17647058823530            16
    0.41176470588236    0.17647058823530    0.17647058823530            16
    0.44117647058823    0.17647058823530    0.17647058823530            16
    0.47058823529412    0.17647058823530    0.17647058823530            16
    0.50000000000000    0.17647058823530    0.17647058823530             8
    0.20588235294118    0.20588235294118    0.17647058823530             8
    0.23529411764706    0.20588235294118    0.17647058823530            16
    0.26470588235294    0.20588235294118    0.17647058823530            16
    0.29411764705883    0.20588235294118    0.17647058823530            16
    0.32352941176470    0.20588235294118    0.17647058823530            16
    0.35294117647059    0.20588235294118    0.17647058823530            16
    0.38235294117647    0.20588235294118    0.17647058823530            16
    0.41176470588236    0.20588235294118    0.17647058823530            16
    0.44117647058823    0.20588235294118    0.17647058823530            16
    0.47058823529412    0.20588235294118    0.17647058823530            16
    0.50000000000000    0.20588235294118    0.17647058823530             8
    0.23529411764706    0.23529411764706    0.17647058823530             8
    0.26470588235294    0.23529411764706    0.17647058823530            16
    0.29411764705883    0.23529411764706    0.17647058823530            16
    0.32352941176470    0.23529411764706    0.17647058823530            16
    0.35294117647059    0.23529411764706    0.17647058823530            16
    0.38235294117647    0.23529411764706    0.17647058823530            16
    0.41176470588236    0.23529411764706    0.17647058823530            16
    0.44117647058823    0.23529411764706    0.17647058823530            16
    0.47058823529412    0.23529411764706    0.17647058823530            16
    0.50000000000000    0.23529411764706    0.17647058823530             8
    0.26470588235294    0.26470588235294    0.17647058823530             8
    0.29411764705883    0.26470588235294    0.17647058823530            16
    0.32352941176470    0.26470588235294    0.17647058823530            16
    0.35294117647059    0.26470588235294    0.17647058823530            16
    0.38235294117647    0.26470588235294    0.17647058823530            16
    0.41176470588236    0.26470588235294    0.17647058823530            16
    0.44117647058823    0.26470588235294    0.17647058823530            16
    0.47058823529412    0.26470588235294    0.17647058823530            16
    0.50000000000000    0.26470588235294    0.17647058823530             8
    0.29411764705883    0.29411764705883    0.17647058823530             8
    0.32352941176470    0.29411764705883    0.17647058823530            16
    0.35294117647059    0.29411764705883    0.17647058823530            16
    0.38235294117647    0.29411764705883    0.17647058823530            16
    0.41176470588236    0.29411764705883    0.17647058823530            16
    0.44117647058823    0.29411764705883    0.17647058823530            16
    0.47058823529412    0.29411764705883    0.17647058823530            16
    0.50000000000000    0.29411764705883    0.17647058823530             8
    0.32352941176470    0.32352941176470    0.17647058823530             8
    0.35294117647059    0.32352941176470    0.17647058823530            16
    0.38235294117647    0.32352941176470    0.17647058823530            16
    0.41176470588236    0.32352941176470    0.17647058823530            16
    0.44117647058823    0.32352941176470    0.17647058823530            16
    0.47058823529412    0.32352941176470    0.17647058823530            16
    0.50000000000000    0.32352941176470    0.17647058823530             8
    0.35294117647059    0.35294117647059    0.17647058823530             8
    0.38235294117647    0.35294117647059    0.17647058823530            16
    0.41176470588236    0.35294117647059    0.17647058823530            16
    0.44117647058823    0.35294117647059    0.17647058823530            16
    0.47058823529412    0.35294117647059    0.17647058823530            16
    0.50000000000000    0.35294117647059    0.17647058823530             8
    0.38235294117647    0.38235294117647    0.17647058823530             8
    0.41176470588236    0.38235294117647    0.17647058823530            16
    0.44117647058823    0.38235294117647    0.17647058823530            16
    0.47058823529412    0.38235294117647    0.17647058823530            16
    0.50000000000000    0.38235294117647    0.17647058823530             8
    0.41176470588236    0.41176470588236    0.17647058823530             8
    0.44117647058823    0.41176470588236    0.17647058823530            16
    0.47058823529412    0.41176470588236    0.17647058823530            16
    0.50000000000000    0.41176470588236    0.17647058823530             8
    0.44117647058823    0.44117647058823    0.17647058823530             8
    0.47058823529412    0.44117647058823    0.17647058823530            16
    0.50000000000000    0.44117647058823    0.17647058823530             8
    0.47058823529412    0.47058823529412    0.17647058823530             8
    0.50000000000000    0.47058823529412    0.17647058823530             8
    0.50000000000000    0.50000000000000    0.17647058823530             2
    0.00000000000000    0.00000000000000    0.20588235294118             2
    0.02941176470589    0.00000000000000    0.20588235294118             8
    0.05882352941177    0.00000000000000    0.20588235294118             8
    0.08823529411765    0.00000000000000    0.20588235294118             8
    0.11764705882353    0.00000000000000    0.20588235294118             8
    0.14705882352941    0.00000000000000    0.20588235294118             8
    0.17647058823530    0.00000000000000    0.20588235294118             8
    0.20588235294118    0.00000000000000    0.20588235294118             8
    0.23529411764706    0.00000000000000    0.20588235294118             8
    0.26470588235294    0.00000000000000    0.20588235294118             8
    0.29411764705883    0.00000000000000    0.20588235294118             8
    0.32352941176470    0.00000000000000    0.20588235294118             8
    0.35294117647059    0.00000000000000    0.20588235294118             8
    0.38235294117647    0.00000000000000    0.20588235294118             8
    0.41176470588236    0.00000000000000    0.20588235294118             8
    0.44117647058823    0.00000000000000    0.20588235294118             8
    0.47058823529412    0.00000000000000    0.20588235294118             8
    0.50000000000000    0.00000000000000    0.20588235294118             4
    0.02941176470589    0.02941176470589    0.20588235294118             8
    0.05882352941177    0.02941176470589    0.20588235294118            16
    0.08823529411765    0.02941176470589    0.20588235294118            16
    0.11764705882353    0.02941176470589    0.20588235294118            16
    0.14705882352941    0.02941176470589    0.20588235294118            16
    0.17647058823530    0.02941176470589    0.20588235294118            16
    0.20588235294118    0.02941176470589    0.20588235294118            16
    0.23529411764706    0.02941176470589    0.20588235294118            16
    0.26470588235294    0.02941176470589    0.20588235294118            16
    0.29411764705883    0.02941176470589    0.20588235294118            16
    0.32352941176470    0.02941176470589    0.20588235294118            16
    0.35294117647059    0.02941176470589    0.20588235294118            16
    0.38235294117647    0.02941176470589    0.20588235294118            16
    0.41176470588236    0.02941176470589    0.20588235294118            16
    0.44117647058823    0.02941176470589    0.20588235294118            16
    0.47058823529412    0.02941176470589    0.20588235294118            16
    0.50000000000000    0.02941176470589    0.20588235294118             8
    0.05882352941177    0.05882352941177    0.20588235294118             8
    0.08823529411765    0.05882352941177    0.20588235294118            16
    0.11764705882353    0.05882352941177    0.20588235294118            16
    0.14705882352941    0.05882352941177    0.20588235294118            16
    0.17647058823530    0.05882352941177    0.20588235294118            16
    0.20588235294118    0.05882352941177    0.20588235294118            16
    0.23529411764706    0.05882352941177    0.20588235294118            16
    0.26470588235294    0.05882352941177    0.20588235294118            16
    0.29411764705883    0.05882352941177    0.20588235294118            16
    0.32352941176470    0.05882352941177    0.20588235294118            16
    0.35294117647059    0.05882352941177    0.20588235294118            16
    0.38235294117647    0.05882352941177    0.20588235294118            16
    0.41176470588236    0.05882352941177    0.20588235294118            16
    0.44117647058823    0.05882352941177    0.20588235294118            16
    0.47058823529412    0.05882352941177    0.20588235294118            16
    0.50000000000000    0.05882352941177    0.20588235294118             8
    0.08823529411765    0.08823529411765    0.20588235294118             8
    0.11764705882353    0.08823529411765    0.20588235294118            16
    0.14705882352941    0.08823529411765    0.20588235294118            16
    0.17647058823530    0.08823529411765    0.20588235294118            16
    0.20588235294118    0.08823529411765    0.20588235294118            16
    0.23529411764706    0.08823529411765    0.20588235294118            16
    0.26470588235294    0.08823529411765    0.20588235294118            16
    0.29411764705883    0.08823529411765    0.20588235294118            16
    0.32352941176470    0.08823529411765    0.20588235294118            16
    0.35294117647059    0.08823529411765    0.20588235294118            16
    0.38235294117647    0.08823529411765    0.20588235294118            16
    0.41176470588236    0.08823529411765    0.20588235294118            16
    0.44117647058823    0.08823529411765    0.20588235294118            16
    0.47058823529412    0.08823529411765    0.20588235294118            16
    0.50000000000000    0.08823529411765    0.20588235294118             8
    0.11764705882353    0.11764705882353    0.20588235294118             8
    0.14705882352941    0.11764705882353    0.20588235294118            16
    0.17647058823530    0.11764705882353    0.20588235294118            16
    0.20588235294118    0.11764705882353    0.20588235294118            16
    0.23529411764706    0.11764705882353    0.20588235294118            16
    0.26470588235294    0.11764705882353    0.20588235294118            16
    0.29411764705883    0.11764705882353    0.20588235294118            16
    0.32352941176470    0.11764705882353    0.20588235294118            16
    0.35294117647059    0.11764705882353    0.20588235294118            16
    0.38235294117647    0.11764705882353    0.20588235294118            16
    0.41176470588236    0.11764705882353    0.20588235294118            16
    0.44117647058823    0.11764705882353    0.20588235294118            16
    0.47058823529412    0.11764705882353    0.20588235294118            16
    0.50000000000000    0.11764705882353    0.20588235294118             8
    0.14705882352941    0.14705882352941    0.20588235294118             8
    0.17647058823530    0.14705882352941    0.20588235294118            16
    0.20588235294118    0.14705882352941    0.20588235294118            16
    0.23529411764706    0.14705882352941    0.20588235294118            16
    0.26470588235294    0.14705882352941    0.20588235294118            16
    0.29411764705883    0.14705882352941    0.20588235294118            16
    0.32352941176470    0.14705882352941    0.20588235294118            16
    0.35294117647059    0.14705882352941    0.20588235294118            16
    0.38235294117647    0.14705882352941    0.20588235294118            16
    0.41176470588236    0.14705882352941    0.20588235294118            16
    0.44117647058823    0.14705882352941    0.20588235294118            16
    0.47058823529412    0.14705882352941    0.20588235294118            16
    0.50000000000000    0.14705882352941    0.20588235294118             8
    0.17647058823530    0.17647058823530    0.20588235294118             8
    0.20588235294118    0.17647058823530    0.20588235294118            16
    0.23529411764706    0.17647058823530    0.20588235294118            16
    0.26470588235294    0.17647058823530    0.20588235294118            16
    0.29411764705883    0.17647058823530    0.20588235294118            16
    0.32352941176470    0.17647058823530    0.20588235294118            16
    0.35294117647059    0.17647058823530    0.20588235294118            16
    0.38235294117647    0.17647058823530    0.20588235294118            16
    0.41176470588236    0.17647058823530    0.20588235294118            16
    0.44117647058823    0.17647058823530    0.20588235294118            16
    0.47058823529412    0.17647058823530    0.20588235294118            16
    0.50000000000000    0.17647058823530    0.20588235294118             8
    0.20588235294118    0.20588235294118    0.20588235294118             8
    0.23529411764706    0.20588235294118    0.20588235294118            16
    0.26470588235294    0.20588235294118    0.20588235294118            16
    0.29411764705883    0.20588235294118    0.20588235294118            16
    0.32352941176470    0.20588235294118    0.20588235294118            16
    0.35294117647059    0.20588235294118    0.20588235294118            16
    0.38235294117647    0.20588235294118    0.20588235294118            16
    0.41176470588236    0.20588235294118    0.20588235294118            16
    0.44117647058823    0.20588235294118    0.20588235294118            16
    0.47058823529412    0.20588235294118    0.20588235294118            16
    0.50000000000000    0.20588235294118    0.20588235294118             8
    0.23529411764706    0.23529411764706    0.20588235294118             8
    0.26470588235294    0.23529411764706    0.20588235294118            16
    0.29411764705883    0.23529411764706    0.20588235294118            16
    0.32352941176470    0.23529411764706    0.20588235294118            16
    0.35294117647059    0.23529411764706    0.20588235294118            16
    0.38235294117647    0.23529411764706    0.20588235294118            16
    0.41176470588236    0.23529411764706    0.20588235294118            16
    0.44117647058823    0.23529411764706    0.20588235294118            16
    0.47058823529412    0.23529411764706    0.20588235294118            16
    0.50000000000000    0.23529411764706    0.20588235294118             8
    0.26470588235294    0.26470588235294    0.20588235294118             8
    0.29411764705883    0.26470588235294    0.20588235294118            16
    0.32352941176470    0.26470588235294    0.20588235294118            16
    0.35294117647059    0.26470588235294    0.20588235294118            16
    0.38235294117647    0.26470588235294    0.20588235294118            16
    0.41176470588236    0.26470588235294    0.20588235294118            16
    0.44117647058823    0.26470588235294    0.20588235294118            16
    0.47058823529412    0.26470588235294    0.20588235294118            16
    0.50000000000000    0.26470588235294    0.20588235294118             8
    0.29411764705883    0.29411764705883    0.20588235294118             8
    0.32352941176470    0.29411764705883    0.20588235294118            16
    0.35294117647059    0.29411764705883    0.20588235294118            16
    0.38235294117647    0.29411764705883    0.20588235294118            16
    0.41176470588236    0.29411764705883    0.20588235294118            16
    0.44117647058823    0.29411764705883    0.20588235294118            16
    0.47058823529412    0.29411764705883    0.20588235294118            16
    0.50000000000000    0.29411764705883    0.20588235294118             8
    0.32352941176470    0.32352941176470    0.20588235294118             8
    0.35294117647059    0.32352941176470    0.20588235294118            16
    0.38235294117647    0.32352941176470    0.20588235294118            16
    0.41176470588236    0.32352941176470    0.20588235294118            16
    0.44117647058823    0.32352941176470    0.20588235294118            16
    0.47058823529412    0.32352941176470    0.20588235294118            16
    0.50000000000000    0.32352941176470    0.20588235294118             8
    0.35294117647059    0.35294117647059    0.20588235294118             8
    0.38235294117647    0.35294117647059    0.20588235294118            16
    0.41176470588236    0.35294117647059    0.20588235294118            16
    0.44117647058823    0.35294117647059    0.20588235294118            16
    0.47058823529412    0.35294117647059    0.20588235294118            16
    0.50000000000000    0.35294117647059    0.20588235294118             8
    0.38235294117647    0.38235294117647    0.20588235294118             8
    0.41176470588236    0.38235294117647    0.20588235294118            16
    0.44117647058823    0.38235294117647    0.20588235294118            16
    0.47058823529412    0.38235294117647    0.20588235294118            16
    0.50000000000000    0.38235294117647    0.20588235294118             8
    0.41176470588236    0.41176470588236    0.20588235294118             8
    0.44117647058823    0.41176470588236    0.20588235294118            16
    0.47058823529412    0.41176470588236    0.20588235294118            16
    0.50000000000000    0.41176470588236    0.20588235294118             8
    0.44117647058823    0.44117647058823    0.20588235294118             8
    0.47058823529412    0.44117647058823    0.20588235294118            16
    0.50000000000000    0.44117647058823    0.20588235294118             8
    0.47058823529412    0.47058823529412    0.20588235294118             8
    0.50000000000000    0.47058823529412    0.20588235294118             8
    0.50000000000000    0.50000000000000    0.20588235294118             2
    0.00000000000000    0.00000000000000    0.23529411764706             2
    0.02941176470589    0.00000000000000    0.23529411764706             8
    0.05882352941177    0.00000000000000    0.23529411764706             8
    0.08823529411765    0.00000000000000    0.23529411764706             8
    0.11764705882353    0.00000000000000    0.23529411764706             8
    0.14705882352941    0.00000000000000    0.23529411764706             8
    0.17647058823530    0.00000000000000    0.23529411764706             8
    0.20588235294118    0.00000000000000    0.23529411764706             8
    0.23529411764706    0.00000000000000    0.23529411764706             8
    0.26470588235294    0.00000000000000    0.23529411764706             8
    0.29411764705883    0.00000000000000    0.23529411764706             8
    0.32352941176470    0.00000000000000    0.23529411764706             8
    0.35294117647059    0.00000000000000    0.23529411764706             8
    0.38235294117647    0.00000000000000    0.23529411764706             8
    0.41176470588236    0.00000000000000    0.23529411764706             8
    0.44117647058823    0.00000000000000    0.23529411764706             8
    0.47058823529412    0.00000000000000    0.23529411764706             8
    0.50000000000000    0.00000000000000    0.23529411764706             4
    0.02941176470589    0.02941176470589    0.23529411764706             8
    0.05882352941177    0.02941176470589    0.23529411764706            16
    0.08823529411765    0.02941176470589    0.23529411764706            16
    0.11764705882353    0.02941176470589    0.23529411764706            16
    0.14705882352941    0.02941176470589    0.23529411764706            16
    0.17647058823530    0.02941176470589    0.23529411764706            16
    0.20588235294118    0.02941176470589    0.23529411764706            16
    0.23529411764706    0.02941176470589    0.23529411764706            16
    0.26470588235294    0.02941176470589    0.23529411764706            16
    0.29411764705883    0.02941176470589    0.23529411764706            16
    0.32352941176470    0.02941176470589    0.23529411764706            16
    0.35294117647059    0.02941176470589    0.23529411764706            16
    0.38235294117647    0.02941176470589    0.23529411764706            16
    0.41176470588236    0.02941176470589    0.23529411764706            16
    0.44117647058823    0.02941176470589    0.23529411764706            16
    0.47058823529412    0.02941176470589    0.23529411764706            16
    0.50000000000000    0.02941176470589    0.23529411764706             8
    0.05882352941177    0.05882352941177    0.23529411764706             8
    0.08823529411765    0.05882352941177    0.23529411764706            16
    0.11764705882353    0.05882352941177    0.23529411764706            16
    0.14705882352941    0.05882352941177    0.23529411764706            16
    0.17647058823530    0.05882352941177    0.23529411764706            16
    0.20588235294118    0.05882352941177    0.23529411764706            16
    0.23529411764706    0.05882352941177    0.23529411764706            16
    0.26470588235294    0.05882352941177    0.23529411764706            16
    0.29411764705883    0.05882352941177    0.23529411764706            16
    0.32352941176470    0.05882352941177    0.23529411764706            16
    0.35294117647059    0.05882352941177    0.23529411764706            16
    0.38235294117647    0.05882352941177    0.23529411764706            16
    0.41176470588236    0.05882352941177    0.23529411764706            16
    0.44117647058823    0.05882352941177    0.23529411764706            16
    0.47058823529412    0.05882352941177    0.23529411764706            16
    0.50000000000000    0.05882352941177    0.23529411764706             8
    0.08823529411765    0.08823529411765    0.23529411764706             8
    0.11764705882353    0.08823529411765    0.23529411764706            16
    0.14705882352941    0.08823529411765    0.23529411764706            16
    0.17647058823530    0.08823529411765    0.23529411764706            16
    0.20588235294118    0.08823529411765    0.23529411764706            16
    0.23529411764706    0.08823529411765    0.23529411764706            16
    0.26470588235294    0.08823529411765    0.23529411764706            16
    0.29411764705883    0.08823529411765    0.23529411764706            16
    0.32352941176470    0.08823529411765    0.23529411764706            16
    0.35294117647059    0.08823529411765    0.23529411764706            16
    0.38235294117647    0.08823529411765    0.23529411764706            16
    0.41176470588236    0.08823529411765    0.23529411764706            16
    0.44117647058823    0.08823529411765    0.23529411764706            16
    0.47058823529412    0.08823529411765    0.23529411764706            16
    0.50000000000000    0.08823529411765    0.23529411764706             8
    0.11764705882353    0.11764705882353    0.23529411764706             8
    0.14705882352941    0.11764705882353    0.23529411764706            16
    0.17647058823530    0.11764705882353    0.23529411764706            16
    0.20588235294118    0.11764705882353    0.23529411764706            16
    0.23529411764706    0.11764705882353    0.23529411764706            16
    0.26470588235294    0.11764705882353    0.23529411764706            16
    0.29411764705883    0.11764705882353    0.23529411764706            16
    0.32352941176470    0.11764705882353    0.23529411764706            16
    0.35294117647059    0.11764705882353    0.23529411764706            16
    0.38235294117647    0.11764705882353    0.23529411764706            16
    0.41176470588236    0.11764705882353    0.23529411764706            16
    0.44117647058823    0.11764705882353    0.23529411764706            16
    0.47058823529412    0.11764705882353    0.23529411764706            16
    0.50000000000000    0.11764705882353    0.23529411764706             8
    0.14705882352941    0.14705882352941    0.23529411764706             8
    0.17647058823530    0.14705882352941    0.23529411764706            16
    0.20588235294118    0.14705882352941    0.23529411764706            16
    0.23529411764706    0.14705882352941    0.23529411764706            16
    0.26470588235294    0.14705882352941    0.23529411764706            16
    0.29411764705883    0.14705882352941    0.23529411764706            16
    0.32352941176470    0.14705882352941    0.23529411764706            16
    0.35294117647059    0.14705882352941    0.23529411764706            16
    0.38235294117647    0.14705882352941    0.23529411764706            16
    0.41176470588236    0.14705882352941    0.23529411764706            16
    0.44117647058823    0.14705882352941    0.23529411764706            16
    0.47058823529412    0.14705882352941    0.23529411764706            16
    0.50000000000000    0.14705882352941    0.23529411764706             8
    0.17647058823530    0.17647058823530    0.23529411764706             8
    0.20588235294118    0.17647058823530    0.23529411764706            16
    0.23529411764706    0.17647058823530    0.23529411764706            16
    0.26470588235294    0.17647058823530    0.23529411764706            16
    0.29411764705883    0.17647058823530    0.23529411764706            16
    0.32352941176470    0.17647058823530    0.23529411764706            16
    0.35294117647059    0.17647058823530    0.23529411764706            16
    0.38235294117647    0.17647058823530    0.23529411764706            16
    0.41176470588236    0.17647058823530    0.23529411764706            16
    0.44117647058823    0.17647058823530    0.23529411764706            16
    0.47058823529412    0.17647058823530    0.23529411764706            16
    0.50000000000000    0.17647058823530    0.23529411764706             8
    0.20588235294118    0.20588235294118    0.23529411764706             8
    0.23529411764706    0.20588235294118    0.23529411764706            16
    0.26470588235294    0.20588235294118    0.23529411764706            16
    0.29411764705883    0.20588235294118    0.23529411764706            16
    0.32352941176470    0.20588235294118    0.23529411764706            16
    0.35294117647059    0.20588235294118    0.23529411764706            16
    0.38235294117647    0.20588235294118    0.23529411764706            16
    0.41176470588236    0.20588235294118    0.23529411764706            16
    0.44117647058823    0.20588235294118    0.23529411764706            16
    0.47058823529412    0.20588235294118    0.23529411764706            16
    0.50000000000000    0.20588235294118    0.23529411764706             8
    0.23529411764706    0.23529411764706    0.23529411764706             8
    0.26470588235294    0.23529411764706    0.23529411764706            16
    0.29411764705883    0.23529411764706    0.23529411764706            16
    0.32352941176470    0.23529411764706    0.23529411764706            16
    0.35294117647059    0.23529411764706    0.23529411764706            16
    0.38235294117647    0.23529411764706    0.23529411764706            16
    0.41176470588236    0.23529411764706    0.23529411764706            16
    0.44117647058823    0.23529411764706    0.23529411764706            16
    0.47058823529412    0.23529411764706    0.23529411764706            16
    0.50000000000000    0.23529411764706    0.23529411764706             8
    0.26470588235294    0.26470588235294    0.23529411764706             8
    0.29411764705883    0.26470588235294    0.23529411764706            16
    0.32352941176470    0.26470588235294    0.23529411764706            16
    0.35294117647059    0.26470588235294    0.23529411764706            16
    0.38235294117647    0.26470588235294    0.23529411764706            16
    0.41176470588236    0.26470588235294    0.23529411764706            16
    0.44117647058823    0.26470588235294    0.23529411764706            16
    0.47058823529412    0.26470588235294    0.23529411764706            16
    0.50000000000000    0.26470588235294    0.23529411764706             8
    0.29411764705883    0.29411764705883    0.23529411764706             8
    0.32352941176470    0.29411764705883    0.23529411764706            16
    0.35294117647059    0.29411764705883    0.23529411764706            16
    0.38235294117647    0.29411764705883    0.23529411764706            16
    0.41176470588236    0.29411764705883    0.23529411764706            16
    0.44117647058823    0.29411764705883    0.23529411764706            16
    0.47058823529412    0.29411764705883    0.23529411764706            16
    0.50000000000000    0.29411764705883    0.23529411764706             8
    0.32352941176470    0.32352941176470    0.23529411764706             8
    0.35294117647059    0.32352941176470    0.23529411764706            16
    0.38235294117647    0.32352941176470    0.23529411764706            16
    0.41176470588236    0.32352941176470    0.23529411764706            16
    0.44117647058823    0.32352941176470    0.23529411764706            16
    0.47058823529412    0.32352941176470    0.23529411764706            16
    0.50000000000000    0.32352941176470    0.23529411764706             8
    0.35294117647059    0.35294117647059    0.23529411764706             8
    0.38235294117647    0.35294117647059    0.23529411764706            16
    0.41176470588236    0.35294117647059    0.23529411764706            16
    0.44117647058823    0.35294117647059    0.23529411764706            16
    0.47058823529412    0.35294117647059    0.23529411764706            16
    0.50000000000000    0.35294117647059    0.23529411764706             8
    0.38235294117647    0.38235294117647    0.23529411764706             8
    0.41176470588236    0.38235294117647    0.23529411764706            16
    0.44117647058823    0.38235294117647    0.23529411764706            16
    0.47058823529412    0.38235294117647    0.23529411764706            16
    0.50000000000000    0.38235294117647    0.23529411764706             8
    0.41176470588236    0.41176470588236    0.23529411764706             8
    0.44117647058823    0.41176470588236    0.23529411764706            16
    0.47058823529412    0.41176470588236    0.23529411764706            16
    0.50000000000000    0.41176470588236    0.23529411764706             8
    0.44117647058823    0.44117647058823    0.23529411764706             8
    0.47058823529412    0.44117647058823    0.23529411764706            16
    0.50000000000000    0.44117647058823    0.23529411764706             8
    0.47058823529412    0.47058823529412    0.23529411764706             8
    0.50000000000000    0.47058823529412    0.23529411764706             8
    0.50000000000000    0.50000000000000    0.23529411764706             2
    0.00000000000000    0.00000000000000    0.26470588235294             2
    0.02941176470589    0.00000000000000    0.26470588235294             8
    0.05882352941177    0.00000000000000    0.26470588235294             8
    0.08823529411765    0.00000000000000    0.26470588235294             8
    0.11764705882353    0.00000000000000    0.26470588235294             8
    0.14705882352941    0.00000000000000    0.26470588235294             8
    0.17647058823530    0.00000000000000    0.26470588235294             8
    0.20588235294118    0.00000000000000    0.26470588235294             8
    0.23529411764706    0.00000000000000    0.26470588235294             8
    0.26470588235294    0.00000000000000    0.26470588235294             8
    0.29411764705883    0.00000000000000    0.26470588235294             8
    0.32352941176470    0.00000000000000    0.26470588235294             8
    0.35294117647059    0.00000000000000    0.26470588235294             8
    0.38235294117647    0.00000000000000    0.26470588235294             8
    0.41176470588236    0.00000000000000    0.26470588235294             8
    0.44117647058823    0.00000000000000    0.26470588235294             8
    0.47058823529412    0.00000000000000    0.26470588235294             8
    0.50000000000000    0.00000000000000    0.26470588235294             4
    0.02941176470589    0.02941176470589    0.26470588235294             8
    0.05882352941177    0.02941176470589    0.26470588235294            16
    0.08823529411765    0.02941176470589    0.26470588235294            16
    0.11764705882353    0.02941176470589    0.26470588235294            16
    0.14705882352941    0.02941176470589    0.26470588235294            16
    0.17647058823530    0.02941176470589    0.26470588235294            16
    0.20588235294118    0.02941176470589    0.26470588235294            16
    0.23529411764706    0.02941176470589    0.26470588235294            16
    0.26470588235294    0.02941176470589    0.26470588235294            16
    0.29411764705883    0.02941176470589    0.26470588235294            16
    0.32352941176470    0.02941176470589    0.26470588235294            16
    0.35294117647059    0.02941176470589    0.26470588235294            16
    0.38235294117647    0.02941176470589    0.26470588235294            16
    0.41176470588236    0.02941176470589    0.26470588235294            16
    0.44117647058823    0.02941176470589    0.26470588235294            16
    0.47058823529412    0.02941176470589    0.26470588235294            16
    0.50000000000000    0.02941176470589    0.26470588235294             8
    0.05882352941177    0.05882352941177    0.26470588235294             8
    0.08823529411765    0.05882352941177    0.26470588235294            16
    0.11764705882353    0.05882352941177    0.26470588235294            16
    0.14705882352941    0.05882352941177    0.26470588235294            16
    0.17647058823530    0.05882352941177    0.26470588235294            16
    0.20588235294118    0.05882352941177    0.26470588235294            16
    0.23529411764706    0.05882352941177    0.26470588235294            16
    0.26470588235294    0.05882352941177    0.26470588235294            16
    0.29411764705883    0.05882352941177    0.26470588235294            16
    0.32352941176470    0.05882352941177    0.26470588235294            16
    0.35294117647059    0.05882352941177    0.26470588235294            16
    0.38235294117647    0.05882352941177    0.26470588235294            16
    0.41176470588236    0.05882352941177    0.26470588235294            16
    0.44117647058823    0.05882352941177    0.26470588235294            16
    0.47058823529412    0.05882352941177    0.26470588235294            16
    0.50000000000000    0.05882352941177    0.26470588235294             8
    0.08823529411765    0.08823529411765    0.26470588235294             8
    0.11764705882353    0.08823529411765    0.26470588235294            16
    0.14705882352941    0.08823529411765    0.26470588235294            16
    0.17647058823530    0.08823529411765    0.26470588235294            16
    0.20588235294118    0.08823529411765    0.26470588235294            16
    0.23529411764706    0.08823529411765    0.26470588235294            16
    0.26470588235294    0.08823529411765    0.26470588235294            16
    0.29411764705883    0.08823529411765    0.26470588235294            16
    0.32352941176470    0.08823529411765    0.26470588235294            16
    0.35294117647059    0.08823529411765    0.26470588235294            16
    0.38235294117647    0.08823529411765    0.26470588235294            16
    0.41176470588236    0.08823529411765    0.26470588235294            16
    0.44117647058823    0.08823529411765    0.26470588235294            16
    0.47058823529412    0.08823529411765    0.26470588235294            16
    0.50000000000000    0.08823529411765    0.26470588235294             8
    0.11764705882353    0.11764705882353    0.26470588235294             8
    0.14705882352941    0.11764705882353    0.26470588235294            16
    0.17647058823530    0.11764705882353    0.26470588235294            16
    0.20588235294118    0.11764705882353    0.26470588235294            16
    0.23529411764706    0.11764705882353    0.26470588235294            16
    0.26470588235294    0.11764705882353    0.26470588235294            16
    0.29411764705883    0.11764705882353    0.26470588235294            16
    0.32352941176470    0.11764705882353    0.26470588235294            16
    0.35294117647059    0.11764705882353    0.26470588235294            16
    0.38235294117647    0.11764705882353    0.26470588235294            16
    0.41176470588236    0.11764705882353    0.26470588235294            16
    0.44117647058823    0.11764705882353    0.26470588235294            16
    0.47058823529412    0.11764705882353    0.26470588235294            16
    0.50000000000000    0.11764705882353    0.26470588235294             8
    0.14705882352941    0.14705882352941    0.26470588235294             8
    0.17647058823530    0.14705882352941    0.26470588235294            16
    0.20588235294118    0.14705882352941    0.26470588235294            16
    0.23529411764706    0.14705882352941    0.26470588235294            16
    0.26470588235294    0.14705882352941    0.26470588235294            16
    0.29411764705883    0.14705882352941    0.26470588235294            16
    0.32352941176470    0.14705882352941    0.26470588235294            16
    0.35294117647059    0.14705882352941    0.26470588235294            16
    0.38235294117647    0.14705882352941    0.26470588235294            16
    0.41176470588236    0.14705882352941    0.26470588235294            16
    0.44117647058823    0.14705882352941    0.26470588235294            16
    0.47058823529412    0.14705882352941    0.26470588235294            16
    0.50000000000000    0.14705882352941    0.26470588235294             8
    0.17647058823530    0.17647058823530    0.26470588235294             8
    0.20588235294118    0.17647058823530    0.26470588235294            16
    0.23529411764706    0.17647058823530    0.26470588235294            16
    0.26470588235294    0.17647058823530    0.26470588235294            16
    0.29411764705883    0.17647058823530    0.26470588235294            16
    0.32352941176470    0.17647058823530    0.26470588235294            16
    0.35294117647059    0.17647058823530    0.26470588235294            16
    0.38235294117647    0.17647058823530    0.26470588235294            16
    0.41176470588236    0.17647058823530    0.26470588235294            16
    0.44117647058823    0.17647058823530    0.26470588235294            16
    0.47058823529412    0.17647058823530    0.26470588235294            16
    0.50000000000000    0.17647058823530    0.26470588235294             8
    0.20588235294118    0.20588235294118    0.26470588235294             8
    0.23529411764706    0.20588235294118    0.26470588235294            16
    0.26470588235294    0.20588235294118    0.26470588235294            16
    0.29411764705883    0.20588235294118    0.26470588235294            16
    0.32352941176470    0.20588235294118    0.26470588235294            16
    0.35294117647059    0.20588235294118    0.26470588235294            16
    0.38235294117647    0.20588235294118    0.26470588235294            16
    0.41176470588236    0.20588235294118    0.26470588235294            16
    0.44117647058823    0.20588235294118    0.26470588235294            16
    0.47058823529412    0.20588235294118    0.26470588235294            16
    0.50000000000000    0.20588235294118    0.26470588235294             8
    0.23529411764706    0.23529411764706    0.26470588235294             8
    0.26470588235294    0.23529411764706    0.26470588235294            16
    0.29411764705883    0.23529411764706    0.26470588235294            16
    0.32352941176470    0.23529411764706    0.26470588235294            16
    0.35294117647059    0.23529411764706    0.26470588235294            16
    0.38235294117647    0.23529411764706    0.26470588235294            16
    0.41176470588236    0.23529411764706    0.26470588235294            16
    0.44117647058823    0.23529411764706    0.26470588235294            16
    0.47058823529412    0.23529411764706    0.26470588235294            16
    0.50000000000000    0.23529411764706    0.26470588235294             8
    0.26470588235294    0.26470588235294    0.26470588235294             8
    0.29411764705883    0.26470588235294    0.26470588235294            16
    0.32352941176470    0.26470588235294    0.26470588235294            16
    0.35294117647059    0.26470588235294    0.26470588235294            16
    0.38235294117647    0.26470588235294    0.26470588235294            16
    0.41176470588236    0.26470588235294    0.26470588235294            16
    0.44117647058823    0.26470588235294    0.26470588235294            16
    0.47058823529412    0.26470588235294    0.26470588235294            16
    0.50000000000000    0.26470588235294    0.26470588235294             8
    0.29411764705883    0.29411764705883    0.26470588235294             8
    0.32352941176470    0.29411764705883    0.26470588235294            16
    0.35294117647059    0.29411764705883    0.26470588235294            16
    0.38235294117647    0.29411764705883    0.26470588235294            16
    0.41176470588236    0.29411764705883    0.26470588235294            16
    0.44117647058823    0.29411764705883    0.26470588235294            16
    0.47058823529412    0.29411764705883    0.26470588235294            16
    0.50000000000000    0.29411764705883    0.26470588235294             8
    0.32352941176470    0.32352941176470    0.26470588235294             8
    0.35294117647059    0.32352941176470    0.26470588235294            16
    0.38235294117647    0.32352941176470    0.26470588235294            16
    0.41176470588236    0.32352941176470    0.26470588235294            16
    0.44117647058823    0.32352941176470    0.26470588235294            16
    0.47058823529412    0.32352941176470    0.26470588235294            16
    0.50000000000000    0.32352941176470    0.26470588235294             8
    0.35294117647059    0.35294117647059    0.26470588235294             8
    0.38235294117647    0.35294117647059    0.26470588235294            16
    0.41176470588236    0.35294117647059    0.26470588235294            16
    0.44117647058823    0.35294117647059    0.26470588235294            16
    0.47058823529412    0.35294117647059    0.26470588235294            16
    0.50000000000000    0.35294117647059    0.26470588235294             8
    0.38235294117647    0.38235294117647    0.26470588235294             8
    0.41176470588236    0.38235294117647    0.26470588235294            16
    0.44117647058823    0.38235294117647    0.26470588235294            16
    0.47058823529412    0.38235294117647    0.26470588235294            16
    0.50000000000000    0.38235294117647    0.26470588235294             8
    0.41176470588236    0.41176470588236    0.26470588235294             8
    0.44117647058823    0.41176470588236    0.26470588235294            16
    0.47058823529412    0.41176470588236    0.26470588235294            16
    0.50000000000000    0.41176470588236    0.26470588235294             8
    0.44117647058823    0.44117647058823    0.26470588235294             8
    0.47058823529412    0.44117647058823    0.26470588235294            16
    0.50000000000000    0.44117647058823    0.26470588235294             8
    0.47058823529412    0.47058823529412    0.26470588235294             8
    0.50000000000000    0.47058823529412    0.26470588235294             8
    0.50000000000000    0.50000000000000    0.26470588235294             2
    0.00000000000000    0.00000000000000    0.29411764705883             2
    0.02941176470589    0.00000000000000    0.29411764705883             8
    0.05882352941177    0.00000000000000    0.29411764705883             8
    0.08823529411765    0.00000000000000    0.29411764705883             8
    0.11764705882353    0.00000000000000    0.29411764705883             8
    0.14705882352941    0.00000000000000    0.29411764705883             8
    0.17647058823530    0.00000000000000    0.29411764705883             8
    0.20588235294118    0.00000000000000    0.29411764705883             8
    0.23529411764706    0.00000000000000    0.29411764705883             8
    0.26470588235294    0.00000000000000    0.29411764705883             8
    0.29411764705883    0.00000000000000    0.29411764705883             8
    0.32352941176470    0.00000000000000    0.29411764705883             8
    0.35294117647059    0.00000000000000    0.29411764705883             8
    0.38235294117647    0.00000000000000    0.29411764705883             8
    0.41176470588236    0.00000000000000    0.29411764705883             8
    0.44117647058823    0.00000000000000    0.29411764705883             8
    0.47058823529412    0.00000000000000    0.29411764705883             8
    0.50000000000000    0.00000000000000    0.29411764705883             4
    0.02941176470589    0.02941176470589    0.29411764705883             8
    0.05882352941177    0.02941176470589    0.29411764705883            16
    0.08823529411765    0.02941176470589    0.29411764705883            16
    0.11764705882353    0.02941176470589    0.29411764705883            16
    0.14705882352941    0.02941176470589    0.29411764705883            16
    0.17647058823530    0.02941176470589    0.29411764705883            16
    0.20588235294118    0.02941176470589    0.29411764705883            16
    0.23529411764706    0.02941176470589    0.29411764705883            16
    0.26470588235294    0.02941176470589    0.29411764705883            16
    0.29411764705883    0.02941176470589    0.29411764705883            16
    0.32352941176470    0.02941176470589    0.29411764705883            16
    0.35294117647059    0.02941176470589    0.29411764705883            16
    0.38235294117647    0.02941176470589    0.29411764705883            16
    0.41176470588236    0.02941176470589    0.29411764705883            16
    0.44117647058823    0.02941176470589    0.29411764705883            16
    0.47058823529412    0.02941176470589    0.29411764705883            16
    0.50000000000000    0.02941176470589    0.29411764705883             8
    0.05882352941177    0.05882352941177    0.29411764705883             8
    0.08823529411765    0.05882352941177    0.29411764705883            16
    0.11764705882353    0.05882352941177    0.29411764705883            16
    0.14705882352941    0.05882352941177    0.29411764705883            16
    0.17647058823530    0.05882352941177    0.29411764705883            16
    0.20588235294118    0.05882352941177    0.29411764705883            16
    0.23529411764706    0.05882352941177    0.29411764705883            16
    0.26470588235294    0.05882352941177    0.29411764705883            16
    0.29411764705883    0.05882352941177    0.29411764705883            16
    0.32352941176470    0.05882352941177    0.29411764705883            16
    0.35294117647059    0.05882352941177    0.29411764705883            16
    0.38235294117647    0.05882352941177    0.29411764705883            16
    0.41176470588236    0.05882352941177    0.29411764705883            16
    0.44117647058823    0.05882352941177    0.29411764705883            16
    0.47058823529412    0.05882352941177    0.29411764705883            16
    0.50000000000000    0.05882352941177    0.29411764705883             8
    0.08823529411765    0.08823529411765    0.29411764705883             8
    0.11764705882353    0.08823529411765    0.29411764705883            16
    0.14705882352941    0.08823529411765    0.29411764705883            16
    0.17647058823530    0.08823529411765    0.29411764705883            16
    0.20588235294118    0.08823529411765    0.29411764705883            16
    0.23529411764706    0.08823529411765    0.29411764705883            16
    0.26470588235294    0.08823529411765    0.29411764705883            16
    0.29411764705883    0.08823529411765    0.29411764705883            16
    0.32352941176470    0.08823529411765    0.29411764705883            16
    0.35294117647059    0.08823529411765    0.29411764705883            16
    0.38235294117647    0.08823529411765    0.29411764705883            16
    0.41176470588236    0.08823529411765    0.29411764705883            16
    0.44117647058823    0.08823529411765    0.29411764705883            16
    0.47058823529412    0.08823529411765    0.29411764705883            16
    0.50000000000000    0.08823529411765    0.29411764705883             8
    0.11764705882353    0.11764705882353    0.29411764705883             8
    0.14705882352941    0.11764705882353    0.29411764705883            16
    0.17647058823530    0.11764705882353    0.29411764705883            16
    0.20588235294118    0.11764705882353    0.29411764705883            16
    0.23529411764706    0.11764705882353    0.29411764705883            16
    0.26470588235294    0.11764705882353    0.29411764705883            16
    0.29411764705883    0.11764705882353    0.29411764705883            16
    0.32352941176470    0.11764705882353    0.29411764705883            16
    0.35294117647059    0.11764705882353    0.29411764705883            16
    0.38235294117647    0.11764705882353    0.29411764705883            16
    0.41176470588236    0.11764705882353    0.29411764705883            16
    0.44117647058823    0.11764705882353    0.29411764705883            16
    0.47058823529412    0.11764705882353    0.29411764705883            16
    0.50000000000000    0.11764705882353    0.29411764705883             8
    0.14705882352941    0.14705882352941    0.29411764705883             8
    0.17647058823530    0.14705882352941    0.29411764705883            16
    0.20588235294118    0.14705882352941    0.29411764705883            16
    0.23529411764706    0.14705882352941    0.29411764705883            16
    0.26470588235294    0.14705882352941    0.29411764705883            16
    0.29411764705883    0.14705882352941    0.29411764705883            16
    0.32352941176470    0.14705882352941    0.29411764705883            16
    0.35294117647059    0.14705882352941    0.29411764705883            16
    0.38235294117647    0.14705882352941    0.29411764705883            16
    0.41176470588236    0.14705882352941    0.29411764705883            16
    0.44117647058823    0.14705882352941    0.29411764705883            16
    0.47058823529412    0.14705882352941    0.29411764705883            16
    0.50000000000000    0.14705882352941    0.29411764705883             8
    0.17647058823530    0.17647058823530    0.29411764705883             8
    0.20588235294118    0.17647058823530    0.29411764705883            16
    0.23529411764706    0.17647058823530    0.29411764705883            16
    0.26470588235294    0.17647058823530    0.29411764705883            16
    0.29411764705883    0.17647058823530    0.29411764705883            16
    0.32352941176470    0.17647058823530    0.29411764705883            16
    0.35294117647059    0.17647058823530    0.29411764705883            16
    0.38235294117647    0.17647058823530    0.29411764705883            16
    0.41176470588236    0.17647058823530    0.29411764705883            16
    0.44117647058823    0.17647058823530    0.29411764705883            16
    0.47058823529412    0.17647058823530    0.29411764705883            16
    0.50000000000000    0.17647058823530    0.29411764705883             8
    0.20588235294118    0.20588235294118    0.29411764705883             8
    0.23529411764706    0.20588235294118    0.29411764705883            16
    0.26470588235294    0.20588235294118    0.29411764705883            16
    0.29411764705883    0.20588235294118    0.29411764705883            16
    0.32352941176470    0.20588235294118    0.29411764705883            16
    0.35294117647059    0.20588235294118    0.29411764705883            16
    0.38235294117647    0.20588235294118    0.29411764705883            16
    0.41176470588236    0.20588235294118    0.29411764705883            16
    0.44117647058823    0.20588235294118    0.29411764705883            16
    0.47058823529412    0.20588235294118    0.29411764705883            16
    0.50000000000000    0.20588235294118    0.29411764705883             8
    0.23529411764706    0.23529411764706    0.29411764705883             8
    0.26470588235294    0.23529411764706    0.29411764705883            16
    0.29411764705883    0.23529411764706    0.29411764705883            16
    0.32352941176470    0.23529411764706    0.29411764705883            16
    0.35294117647059    0.23529411764706    0.29411764705883            16
    0.38235294117647    0.23529411764706    0.29411764705883            16
    0.41176470588236    0.23529411764706    0.29411764705883            16
    0.44117647058823    0.23529411764706    0.29411764705883            16
    0.47058823529412    0.23529411764706    0.29411764705883            16
    0.50000000000000    0.23529411764706    0.29411764705883             8
    0.26470588235294    0.26470588235294    0.29411764705883             8
    0.29411764705883    0.26470588235294    0.29411764705883            16
    0.32352941176470    0.26470588235294    0.29411764705883            16
    0.35294117647059    0.26470588235294    0.29411764705883            16
    0.38235294117647    0.26470588235294    0.29411764705883            16
    0.41176470588236    0.26470588235294    0.29411764705883            16
    0.44117647058823    0.26470588235294    0.29411764705883            16
    0.47058823529412    0.26470588235294    0.29411764705883            16
    0.50000000000000    0.26470588235294    0.29411764705883             8
    0.29411764705883    0.29411764705883    0.29411764705883             8
    0.32352941176470    0.29411764705883    0.29411764705883            16
    0.35294117647059    0.29411764705883    0.29411764705883            16
    0.38235294117647    0.29411764705883    0.29411764705883            16
    0.41176470588236    0.29411764705883    0.29411764705883            16
    0.44117647058823    0.29411764705883    0.29411764705883            16
    0.47058823529412    0.29411764705883    0.29411764705883            16
    0.50000000000000    0.29411764705883    0.29411764705883             8
    0.32352941176470    0.32352941176470    0.29411764705883             8
    0.35294117647059    0.32352941176470    0.29411764705883            16
    0.38235294117647    0.32352941176470    0.29411764705883            16
    0.41176470588236    0.32352941176470    0.29411764705883            16
    0.44117647058823    0.32352941176470    0.29411764705883            16
    0.47058823529412    0.32352941176470    0.29411764705883            16
    0.50000000000000    0.32352941176470    0.29411764705883             8
    0.35294117647059    0.35294117647059    0.29411764705883             8
    0.38235294117647    0.35294117647059    0.29411764705883            16
    0.41176470588236    0.35294117647059    0.29411764705883            16
    0.44117647058823    0.35294117647059    0.29411764705883            16
    0.47058823529412    0.35294117647059    0.29411764705883            16
    0.50000000000000    0.35294117647059    0.29411764705883             8
    0.38235294117647    0.38235294117647    0.29411764705883             8
    0.41176470588236    0.38235294117647    0.29411764705883            16
    0.44117647058823    0.38235294117647    0.29411764705883            16
    0.47058823529412    0.38235294117647    0.29411764705883            16
    0.50000000000000    0.38235294117647    0.29411764705883             8
    0.41176470588236    0.41176470588236    0.29411764705883             8
    0.44117647058823    0.41176470588236    0.29411764705883            16
    0.47058823529412    0.41176470588236    0.29411764705883            16
    0.50000000000000    0.41176470588236    0.29411764705883             8
    0.44117647058823    0.44117647058823    0.29411764705883             8
    0.47058823529412    0.44117647058823    0.29411764705883            16
    0.50000000000000    0.44117647058823    0.29411764705883             8
    0.47058823529412    0.47058823529412    0.29411764705883             8
    0.50000000000000    0.47058823529412    0.29411764705883             8
    0.50000000000000    0.50000000000000    0.29411764705883             2
    0.00000000000000    0.00000000000000    0.32352941176470             2
    0.02941176470589    0.00000000000000    0.32352941176470             8
    0.05882352941177    0.00000000000000    0.32352941176470             8
    0.08823529411765    0.00000000000000    0.32352941176470             8
    0.11764705882353    0.00000000000000    0.32352941176470             8
    0.14705882352941    0.00000000000000    0.32352941176470             8
    0.17647058823530    0.00000000000000    0.32352941176470             8
    0.20588235294118    0.00000000000000    0.32352941176470             8
    0.23529411764706    0.00000000000000    0.32352941176470             8
    0.26470588235294    0.00000000000000    0.32352941176470             8
    0.29411764705883    0.00000000000000    0.32352941176470             8
    0.32352941176470    0.00000000000000    0.32352941176470             8
    0.35294117647059    0.00000000000000    0.32352941176470             8
    0.38235294117647    0.00000000000000    0.32352941176470             8
    0.41176470588236    0.00000000000000    0.32352941176470             8
    0.44117647058823    0.00000000000000    0.32352941176470             8
    0.47058823529412    0.00000000000000    0.32352941176470             8
    0.50000000000000    0.00000000000000    0.32352941176470             4
    0.02941176470589    0.02941176470589    0.32352941176470             8
    0.05882352941177    0.02941176470589    0.32352941176470            16
    0.08823529411765    0.02941176470589    0.32352941176470            16
    0.11764705882353    0.02941176470589    0.32352941176470            16
    0.14705882352941    0.02941176470589    0.32352941176470            16
    0.17647058823530    0.02941176470589    0.32352941176470            16
    0.20588235294118    0.02941176470589    0.32352941176470            16
    0.23529411764706    0.02941176470589    0.32352941176470            16
    0.26470588235294    0.02941176470589    0.32352941176470            16
    0.29411764705883    0.02941176470589    0.32352941176470            16
    0.32352941176470    0.02941176470589    0.32352941176470            16
    0.35294117647059    0.02941176470589    0.32352941176470            16
    0.38235294117647    0.02941176470589    0.32352941176470            16
    0.41176470588236    0.02941176470589    0.32352941176470            16
    0.44117647058823    0.02941176470589    0.32352941176470            16
    0.47058823529412    0.02941176470589    0.32352941176470            16
    0.50000000000000    0.02941176470589    0.32352941176470             8
    0.05882352941177    0.05882352941177    0.32352941176470             8
    0.08823529411765    0.05882352941177    0.32352941176470            16
    0.11764705882353    0.05882352941177    0.32352941176470            16
    0.14705882352941    0.05882352941177    0.32352941176470            16
    0.17647058823530    0.05882352941177    0.32352941176470            16
    0.20588235294118    0.05882352941177    0.32352941176470            16
    0.23529411764706    0.05882352941177    0.32352941176470            16
    0.26470588235294    0.05882352941177    0.32352941176470            16
    0.29411764705883    0.05882352941177    0.32352941176470            16
    0.32352941176470    0.05882352941177    0.32352941176470            16
    0.35294117647059    0.05882352941177    0.32352941176470            16
    0.38235294117647    0.05882352941177    0.32352941176470            16
    0.41176470588236    0.05882352941177    0.32352941176470            16
    0.44117647058823    0.05882352941177    0.32352941176470            16
    0.47058823529412    0.05882352941177    0.32352941176470            16
    0.50000000000000    0.05882352941177    0.32352941176470             8
    0.08823529411765    0.08823529411765    0.32352941176470             8
    0.11764705882353    0.08823529411765    0.32352941176470            16
    0.14705882352941    0.08823529411765    0.32352941176470            16
    0.17647058823530    0.08823529411765    0.32352941176470            16
    0.20588235294118    0.08823529411765    0.32352941176470            16
    0.23529411764706    0.08823529411765    0.32352941176470            16
    0.26470588235294    0.08823529411765    0.32352941176470            16
    0.29411764705883    0.08823529411765    0.32352941176470            16
    0.32352941176470    0.08823529411765    0.32352941176470            16
    0.35294117647059    0.08823529411765    0.32352941176470            16
    0.38235294117647    0.08823529411765    0.32352941176470            16
    0.41176470588236    0.08823529411765    0.32352941176470            16
    0.44117647058823    0.08823529411765    0.32352941176470            16
    0.47058823529412    0.08823529411765    0.32352941176470            16
    0.50000000000000    0.08823529411765    0.32352941176470             8
    0.11764705882353    0.11764705882353    0.32352941176470             8
    0.14705882352941    0.11764705882353    0.32352941176470            16
    0.17647058823530    0.11764705882353    0.32352941176470            16
    0.20588235294118    0.11764705882353    0.32352941176470            16
    0.23529411764706    0.11764705882353    0.32352941176470            16
    0.26470588235294    0.11764705882353    0.32352941176470            16
    0.29411764705883    0.11764705882353    0.32352941176470            16
    0.32352941176470    0.11764705882353    0.32352941176470            16
    0.35294117647059    0.11764705882353    0.32352941176470            16
    0.38235294117647    0.11764705882353    0.32352941176470            16
    0.41176470588236    0.11764705882353    0.32352941176470            16
    0.44117647058823    0.11764705882353    0.32352941176470            16
    0.47058823529412    0.11764705882353    0.32352941176470            16
    0.50000000000000    0.11764705882353    0.32352941176470             8
    0.14705882352941    0.14705882352941    0.32352941176470             8
    0.17647058823530    0.14705882352941    0.32352941176470            16
    0.20588235294118    0.14705882352941    0.32352941176470            16
    0.23529411764706    0.14705882352941    0.32352941176470            16
    0.26470588235294    0.14705882352941    0.32352941176470            16
    0.29411764705883    0.14705882352941    0.32352941176470            16
    0.32352941176470    0.14705882352941    0.32352941176470            16
    0.35294117647059    0.14705882352941    0.32352941176470            16
    0.38235294117647    0.14705882352941    0.32352941176470            16
    0.41176470588236    0.14705882352941    0.32352941176470            16
    0.44117647058823    0.14705882352941    0.32352941176470            16
    0.47058823529412    0.14705882352941    0.32352941176470            16
    0.50000000000000    0.14705882352941    0.32352941176470             8
    0.17647058823530    0.17647058823530    0.32352941176470             8
    0.20588235294118    0.17647058823530    0.32352941176470            16
    0.23529411764706    0.17647058823530    0.32352941176470            16
    0.26470588235294    0.17647058823530    0.32352941176470            16
    0.29411764705883    0.17647058823530    0.32352941176470            16
    0.32352941176470    0.17647058823530    0.32352941176470            16
    0.35294117647059    0.17647058823530    0.32352941176470            16
    0.38235294117647    0.17647058823530    0.32352941176470            16
    0.41176470588236    0.17647058823530    0.32352941176470            16
    0.44117647058823    0.17647058823530    0.32352941176470            16
    0.47058823529412    0.17647058823530    0.32352941176470            16
    0.50000000000000    0.17647058823530    0.32352941176470             8
    0.20588235294118    0.20588235294118    0.32352941176470             8
    0.23529411764706    0.20588235294118    0.32352941176470            16
    0.26470588235294    0.20588235294118    0.32352941176470            16
    0.29411764705883    0.20588235294118    0.32352941176470            16
    0.32352941176470    0.20588235294118    0.32352941176470            16
    0.35294117647059    0.20588235294118    0.32352941176470            16
    0.38235294117647    0.20588235294118    0.32352941176470            16
    0.41176470588236    0.20588235294118    0.32352941176470            16
    0.44117647058823    0.20588235294118    0.32352941176470            16
    0.47058823529412    0.20588235294118    0.32352941176470            16
    0.50000000000000    0.20588235294118    0.32352941176470             8
    0.23529411764706    0.23529411764706    0.32352941176470             8
    0.26470588235294    0.23529411764706    0.32352941176470            16
    0.29411764705883    0.23529411764706    0.32352941176470            16
    0.32352941176470    0.23529411764706    0.32352941176470            16
    0.35294117647059    0.23529411764706    0.32352941176470            16
    0.38235294117647    0.23529411764706    0.32352941176470            16
    0.41176470588236    0.23529411764706    0.32352941176470            16
    0.44117647058823    0.23529411764706    0.32352941176470            16
    0.47058823529412    0.23529411764706    0.32352941176470            16
    0.50000000000000    0.23529411764706    0.32352941176470             8
    0.26470588235294    0.26470588235294    0.32352941176470             8
    0.29411764705883    0.26470588235294    0.32352941176470            16
    0.32352941176470    0.26470588235294    0.32352941176470            16
    0.35294117647059    0.26470588235294    0.32352941176470            16
    0.38235294117647    0.26470588235294    0.32352941176470            16
    0.41176470588236    0.26470588235294    0.32352941176470            16
    0.44117647058823    0.26470588235294    0.32352941176470            16
    0.47058823529412    0.26470588235294    0.32352941176470            16
    0.50000000000000    0.26470588235294    0.32352941176470             8
    0.29411764705883    0.29411764705883    0.32352941176470             8
    0.32352941176470    0.29411764705883    0.32352941176470            16
    0.35294117647059    0.29411764705883    0.32352941176470            16
    0.38235294117647    0.29411764705883    0.32352941176470            16
    0.41176470588236    0.29411764705883    0.32352941176470            16
    0.44117647058823    0.29411764705883    0.32352941176470            16
    0.47058823529412    0.29411764705883    0.32352941176470            16
    0.50000000000000    0.29411764705883    0.32352941176470             8
    0.32352941176470    0.32352941176470    0.32352941176470             8
    0.35294117647059    0.32352941176470    0.32352941176470            16
    0.38235294117647    0.32352941176470    0.32352941176470            16
    0.41176470588236    0.32352941176470    0.32352941176470            16
    0.44117647058823    0.32352941176470    0.32352941176470            16
    0.47058823529412    0.32352941176470    0.32352941176470            16
    0.50000000000000    0.32352941176470    0.32352941176470             8
    0.35294117647059    0.35294117647059    0.32352941176470             8
    0.38235294117647    0.35294117647059    0.32352941176470            16
    0.41176470588236    0.35294117647059    0.32352941176470            16
    0.44117647058823    0.35294117647059    0.32352941176470            16
    0.47058823529412    0.35294117647059    0.32352941176470            16
    0.50000000000000    0.35294117647059    0.32352941176470             8
    0.38235294117647    0.38235294117647    0.32352941176470             8
    0.41176470588236    0.38235294117647    0.32352941176470            16
    0.44117647058823    0.38235294117647    0.32352941176470            16
    0.47058823529412    0.38235294117647    0.32352941176470            16
    0.50000000000000    0.38235294117647    0.32352941176470             8
    0.41176470588236    0.41176470588236    0.32352941176470             8
    0.44117647058823    0.41176470588236    0.32352941176470            16
    0.47058823529412    0.41176470588236    0.32352941176470            16
    0.50000000000000    0.41176470588236    0.32352941176470             8
    0.44117647058823    0.44117647058823    0.32352941176470             8
    0.47058823529412    0.44117647058823    0.32352941176470            16
    0.50000000000000    0.44117647058823    0.32352941176470             8
    0.47058823529412    0.47058823529412    0.32352941176470             8
    0.50000000000000    0.47058823529412    0.32352941176470             8
    0.50000000000000    0.50000000000000    0.32352941176470             2
    0.00000000000000    0.00000000000000    0.35294117647059             2
    0.02941176470589    0.00000000000000    0.35294117647059             8
    0.05882352941177    0.00000000000000    0.35294117647059             8
    0.08823529411765    0.00000000000000    0.35294117647059             8
    0.11764705882353    0.00000000000000    0.35294117647059             8
    0.14705882352941    0.00000000000000    0.35294117647059             8
    0.17647058823530    0.00000000000000    0.35294117647059             8
    0.20588235294118    0.00000000000000    0.35294117647059             8
    0.23529411764706    0.00000000000000    0.35294117647059             8
    0.26470588235294    0.00000000000000    0.35294117647059             8
    0.29411764705883    0.00000000000000    0.35294117647059             8
    0.32352941176470    0.00000000000000    0.35294117647059             8
    0.35294117647059    0.00000000000000    0.35294117647059             8
    0.38235294117647    0.00000000000000    0.35294117647059             8
    0.41176470588236    0.00000000000000    0.35294117647059             8
    0.44117647058823    0.00000000000000    0.35294117647059             8
    0.47058823529412    0.00000000000000    0.35294117647059             8
    0.50000000000000    0.00000000000000    0.35294117647059             4
    0.02941176470589    0.02941176470589    0.35294117647059             8
    0.05882352941177    0.02941176470589    0.35294117647059            16
    0.08823529411765    0.02941176470589    0.35294117647059            16
    0.11764705882353    0.02941176470589    0.35294117647059            16
    0.14705882352941    0.02941176470589    0.35294117647059            16
    0.17647058823530    0.02941176470589    0.35294117647059            16
    0.20588235294118    0.02941176470589    0.35294117647059            16
    0.23529411764706    0.02941176470589    0.35294117647059            16
    0.26470588235294    0.02941176470589    0.35294117647059            16
    0.29411764705883    0.02941176470589    0.35294117647059            16
    0.32352941176470    0.02941176470589    0.35294117647059            16
    0.35294117647059    0.02941176470589    0.35294117647059            16
    0.38235294117647    0.02941176470589    0.35294117647059            16
    0.41176470588236    0.02941176470589    0.35294117647059            16
    0.44117647058823    0.02941176470589    0.35294117647059            16
    0.47058823529412    0.02941176470589    0.35294117647059            16
    0.50000000000000    0.02941176470589    0.35294117647059             8
    0.05882352941177    0.05882352941177    0.35294117647059             8
    0.08823529411765    0.05882352941177    0.35294117647059            16
    0.11764705882353    0.05882352941177    0.35294117647059            16
    0.14705882352941    0.05882352941177    0.35294117647059            16
    0.17647058823530    0.05882352941177    0.35294117647059            16
    0.20588235294118    0.05882352941177    0.35294117647059            16
    0.23529411764706    0.05882352941177    0.35294117647059            16
    0.26470588235294    0.05882352941177    0.35294117647059            16
    0.29411764705883    0.05882352941177    0.35294117647059            16
    0.32352941176470    0.05882352941177    0.35294117647059            16
    0.35294117647059    0.05882352941177    0.35294117647059            16
    0.38235294117647    0.05882352941177    0.35294117647059            16
    0.41176470588236    0.05882352941177    0.35294117647059            16
    0.44117647058823    0.05882352941177    0.35294117647059            16
    0.47058823529412    0.05882352941177    0.35294117647059            16
    0.50000000000000    0.05882352941177    0.35294117647059             8
    0.08823529411765    0.08823529411765    0.35294117647059             8
    0.11764705882353    0.08823529411765    0.35294117647059            16
    0.14705882352941    0.08823529411765    0.35294117647059            16
    0.17647058823530    0.08823529411765    0.35294117647059            16
    0.20588235294118    0.08823529411765    0.35294117647059            16
    0.23529411764706    0.08823529411765    0.35294117647059            16
    0.26470588235294    0.08823529411765    0.35294117647059            16
    0.29411764705883    0.08823529411765    0.35294117647059            16
    0.32352941176470    0.08823529411765    0.35294117647059            16
    0.35294117647059    0.08823529411765    0.35294117647059            16
    0.38235294117647    0.08823529411765    0.35294117647059            16
    0.41176470588236    0.08823529411765    0.35294117647059            16
    0.44117647058823    0.08823529411765    0.35294117647059            16
    0.47058823529412    0.08823529411765    0.35294117647059            16
    0.50000000000000    0.08823529411765    0.35294117647059             8
    0.11764705882353    0.11764705882353    0.35294117647059             8
    0.14705882352941    0.11764705882353    0.35294117647059            16
    0.17647058823530    0.11764705882353    0.35294117647059            16
    0.20588235294118    0.11764705882353    0.35294117647059            16
    0.23529411764706    0.11764705882353    0.35294117647059            16
    0.26470588235294    0.11764705882353    0.35294117647059            16
    0.29411764705883    0.11764705882353    0.35294117647059            16
    0.32352941176470    0.11764705882353    0.35294117647059            16
    0.35294117647059    0.11764705882353    0.35294117647059            16
    0.38235294117647    0.11764705882353    0.35294117647059            16
    0.41176470588236    0.11764705882353    0.35294117647059            16
    0.44117647058823    0.11764705882353    0.35294117647059            16
    0.47058823529412    0.11764705882353    0.35294117647059            16
    0.50000000000000    0.11764705882353    0.35294117647059             8
    0.14705882352941    0.14705882352941    0.35294117647059             8
    0.17647058823530    0.14705882352941    0.35294117647059            16
    0.20588235294118    0.14705882352941    0.35294117647059            16
    0.23529411764706    0.14705882352941    0.35294117647059            16
    0.26470588235294    0.14705882352941    0.35294117647059            16
    0.29411764705883    0.14705882352941    0.35294117647059            16
    0.32352941176470    0.14705882352941    0.35294117647059            16
    0.35294117647059    0.14705882352941    0.35294117647059            16
    0.38235294117647    0.14705882352941    0.35294117647059            16
    0.41176470588236    0.14705882352941    0.35294117647059            16
    0.44117647058823    0.14705882352941    0.35294117647059            16
    0.47058823529412    0.14705882352941    0.35294117647059            16
    0.50000000000000    0.14705882352941    0.35294117647059             8
    0.17647058823530    0.17647058823530    0.35294117647059             8
    0.20588235294118    0.17647058823530    0.35294117647059            16
    0.23529411764706    0.17647058823530    0.35294117647059            16
    0.26470588235294    0.17647058823530    0.35294117647059            16
    0.29411764705883    0.17647058823530    0.35294117647059            16
    0.32352941176470    0.17647058823530    0.35294117647059            16
    0.35294117647059    0.17647058823530    0.35294117647059            16
    0.38235294117647    0.17647058823530    0.35294117647059            16
    0.41176470588236    0.17647058823530    0.35294117647059            16
    0.44117647058823    0.17647058823530    0.35294117647059            16
    0.47058823529412    0.17647058823530    0.35294117647059            16
    0.50000000000000    0.17647058823530    0.35294117647059             8
    0.20588235294118    0.20588235294118    0.35294117647059             8
    0.23529411764706    0.20588235294118    0.35294117647059            16
    0.26470588235294    0.20588235294118    0.35294117647059            16
    0.29411764705883    0.20588235294118    0.35294117647059            16
    0.32352941176470    0.20588235294118    0.35294117647059            16
    0.35294117647059    0.20588235294118    0.35294117647059            16
    0.38235294117647    0.20588235294118    0.35294117647059            16
    0.41176470588236    0.20588235294118    0.35294117647059            16
    0.44117647058823    0.20588235294118    0.35294117647059            16
    0.47058823529412    0.20588235294118    0.35294117647059            16
    0.50000000000000    0.20588235294118    0.35294117647059             8
    0.23529411764706    0.23529411764706    0.35294117647059             8
    0.26470588235294    0.23529411764706    0.35294117647059            16
    0.29411764705883    0.23529411764706    0.35294117647059            16
    0.32352941176470    0.23529411764706    0.35294117647059            16
    0.35294117647059    0.23529411764706    0.35294117647059            16
    0.38235294117647    0.23529411764706    0.35294117647059            16
    0.41176470588236    0.23529411764706    0.35294117647059            16
    0.44117647058823    0.23529411764706    0.35294117647059            16
    0.47058823529412    0.23529411764706    0.35294117647059            16
    0.50000000000000    0.23529411764706    0.35294117647059             8
    0.26470588235294    0.26470588235294    0.35294117647059             8
    0.29411764705883    0.26470588235294    0.35294117647059            16
    0.32352941176470    0.26470588235294    0.35294117647059            16
    0.35294117647059    0.26470588235294    0.35294117647059            16
    0.38235294117647    0.26470588235294    0.35294117647059            16
    0.41176470588236    0.26470588235294    0.35294117647059            16
    0.44117647058823    0.26470588235294    0.35294117647059            16
    0.47058823529412    0.26470588235294    0.35294117647059            16
    0.50000000000000    0.26470588235294    0.35294117647059             8
    0.29411764705883    0.29411764705883    0.35294117647059             8
    0.32352941176470    0.29411764705883    0.35294117647059            16
    0.35294117647059    0.29411764705883    0.35294117647059            16
    0.38235294117647    0.29411764705883    0.35294117647059            16
    0.41176470588236    0.29411764705883    0.35294117647059            16
    0.44117647058823    0.29411764705883    0.35294117647059            16
    0.47058823529412    0.29411764705883    0.35294117647059            16
    0.50000000000000    0.29411764705883    0.35294117647059             8
    0.32352941176470    0.32352941176470    0.35294117647059             8
    0.35294117647059    0.32352941176470    0.35294117647059            16
    0.38235294117647    0.32352941176470    0.35294117647059            16
    0.41176470588236    0.32352941176470    0.35294117647059            16
    0.44117647058823    0.32352941176470    0.35294117647059            16
    0.47058823529412    0.32352941176470    0.35294117647059            16
    0.50000000000000    0.32352941176470    0.35294117647059             8
    0.35294117647059    0.35294117647059    0.35294117647059             8
    0.38235294117647    0.35294117647059    0.35294117647059            16
    0.41176470588236    0.35294117647059    0.35294117647059            16
    0.44117647058823    0.35294117647059    0.35294117647059            16
    0.47058823529412    0.35294117647059    0.35294117647059            16
    0.50000000000000    0.35294117647059    0.35294117647059             8
    0.38235294117647    0.38235294117647    0.35294117647059             8
    0.41176470588236    0.38235294117647    0.35294117647059            16
    0.44117647058823    0.38235294117647    0.35294117647059            16
    0.47058823529412    0.38235294117647    0.35294117647059            16
    0.50000000000000    0.38235294117647    0.35294117647059             8
    0.41176470588236    0.41176470588236    0.35294117647059             8
    0.44117647058823    0.41176470588236    0.35294117647059            16
    0.47058823529412    0.41176470588236    0.35294117647059            16
    0.50000000000000    0.41176470588236    0.35294117647059             8
    0.44117647058823    0.44117647058823    0.35294117647059             8
    0.47058823529412    0.44117647058823    0.35294117647059            16
    0.50000000000000    0.44117647058823    0.35294117647059             8
    0.47058823529412    0.47058823529412    0.35294117647059             8
    0.50000000000000    0.47058823529412    0.35294117647059             8
    0.50000000000000    0.50000000000000    0.35294117647059             2
    0.00000000000000    0.00000000000000    0.38235294117647             2
    0.02941176470589    0.00000000000000    0.38235294117647             8
    0.05882352941177    0.00000000000000    0.38235294117647             8
    0.08823529411765    0.00000000000000    0.38235294117647             8
    0.11764705882353    0.00000000000000    0.38235294117647             8
    0.14705882352941    0.00000000000000    0.38235294117647             8
    0.17647058823530    0.00000000000000    0.38235294117647             8
    0.20588235294118    0.00000000000000    0.38235294117647             8
    0.23529411764706    0.00000000000000    0.38235294117647             8
    0.26470588235294    0.00000000000000    0.38235294117647             8
    0.29411764705883    0.00000000000000    0.38235294117647             8
    0.32352941176470    0.00000000000000    0.38235294117647             8
    0.35294117647059    0.00000000000000    0.38235294117647             8
    0.38235294117647    0.00000000000000    0.38235294117647             8
    0.41176470588236    0.00000000000000    0.38235294117647             8
    0.44117647058823    0.00000000000000    0.38235294117647             8
    0.47058823529412    0.00000000000000    0.38235294117647             8
    0.50000000000000    0.00000000000000    0.38235294117647             4
    0.02941176470589    0.02941176470589    0.38235294117647             8
    0.05882352941177    0.02941176470589    0.38235294117647            16
    0.08823529411765    0.02941176470589    0.38235294117647            16
    0.11764705882353    0.02941176470589    0.38235294117647            16
    0.14705882352941    0.02941176470589    0.38235294117647            16
    0.17647058823530    0.02941176470589    0.38235294117647            16
    0.20588235294118    0.02941176470589    0.38235294117647            16
    0.23529411764706    0.02941176470589    0.38235294117647            16
    0.26470588235294    0.02941176470589    0.38235294117647            16
    0.29411764705883    0.02941176470589    0.38235294117647            16
    0.32352941176470    0.02941176470589    0.38235294117647            16
    0.35294117647059    0.02941176470589    0.38235294117647            16
    0.38235294117647    0.02941176470589    0.38235294117647            16
    0.41176470588236    0.02941176470589    0.38235294117647            16
    0.44117647058823    0.02941176470589    0.38235294117647            16
    0.47058823529412    0.02941176470589    0.38235294117647            16
    0.50000000000000    0.02941176470589    0.38235294117647             8
    0.05882352941177    0.05882352941177    0.38235294117647             8
    0.08823529411765    0.05882352941177    0.38235294117647            16
    0.11764705882353    0.05882352941177    0.38235294117647            16
    0.14705882352941    0.05882352941177    0.38235294117647            16
    0.17647058823530    0.05882352941177    0.38235294117647            16
    0.20588235294118    0.05882352941177    0.38235294117647            16
    0.23529411764706    0.05882352941177    0.38235294117647            16
    0.26470588235294    0.05882352941177    0.38235294117647            16
    0.29411764705883    0.05882352941177    0.38235294117647            16
    0.32352941176470    0.05882352941177    0.38235294117647            16
    0.35294117647059    0.05882352941177    0.38235294117647            16
    0.38235294117647    0.05882352941177    0.38235294117647            16
    0.41176470588236    0.05882352941177    0.38235294117647            16
    0.44117647058823    0.05882352941177    0.38235294117647            16
    0.47058823529412    0.05882352941177    0.38235294117647            16
    0.50000000000000    0.05882352941177    0.38235294117647             8
    0.08823529411765    0.08823529411765    0.38235294117647             8
    0.11764705882353    0.08823529411765    0.38235294117647            16
    0.14705882352941    0.08823529411765    0.38235294117647            16
    0.17647058823530    0.08823529411765    0.38235294117647            16
    0.20588235294118    0.08823529411765    0.38235294117647            16
    0.23529411764706    0.08823529411765    0.38235294117647            16
    0.26470588235294    0.08823529411765    0.38235294117647            16
    0.29411764705883    0.08823529411765    0.38235294117647            16
    0.32352941176470    0.08823529411765    0.38235294117647            16
    0.35294117647059    0.08823529411765    0.38235294117647            16
    0.38235294117647    0.08823529411765    0.38235294117647            16
    0.41176470588236    0.08823529411765    0.38235294117647            16
    0.44117647058823    0.08823529411765    0.38235294117647            16
    0.47058823529412    0.08823529411765    0.38235294117647            16
    0.50000000000000    0.08823529411765    0.38235294117647             8
    0.11764705882353    0.11764705882353    0.38235294117647             8
    0.14705882352941    0.11764705882353    0.38235294117647            16
    0.17647058823530    0.11764705882353    0.38235294117647            16
    0.20588235294118    0.11764705882353    0.38235294117647            16
    0.23529411764706    0.11764705882353    0.38235294117647            16
    0.26470588235294    0.11764705882353    0.38235294117647            16
    0.29411764705883    0.11764705882353    0.38235294117647            16
    0.32352941176470    0.11764705882353    0.38235294117647            16
    0.35294117647059    0.11764705882353    0.38235294117647            16
    0.38235294117647    0.11764705882353    0.38235294117647            16
    0.41176470588236    0.11764705882353    0.38235294117647            16
    0.44117647058823    0.11764705882353    0.38235294117647            16
    0.47058823529412    0.11764705882353    0.38235294117647            16
    0.50000000000000    0.11764705882353    0.38235294117647             8
    0.14705882352941    0.14705882352941    0.38235294117647             8
    0.17647058823530    0.14705882352941    0.38235294117647            16
    0.20588235294118    0.14705882352941    0.38235294117647            16
    0.23529411764706    0.14705882352941    0.38235294117647            16
    0.26470588235294    0.14705882352941    0.38235294117647            16
    0.29411764705883    0.14705882352941    0.38235294117647            16
    0.32352941176470    0.14705882352941    0.38235294117647            16
    0.35294117647059    0.14705882352941    0.38235294117647            16
    0.38235294117647    0.14705882352941    0.38235294117647            16
    0.41176470588236    0.14705882352941    0.38235294117647            16
    0.44117647058823    0.14705882352941    0.38235294117647            16
    0.47058823529412    0.14705882352941    0.38235294117647            16
    0.50000000000000    0.14705882352941    0.38235294117647             8
    0.17647058823530    0.17647058823530    0.38235294117647             8
    0.20588235294118    0.17647058823530    0.38235294117647            16
    0.23529411764706    0.17647058823530    0.38235294117647            16
    0.26470588235294    0.17647058823530    0.38235294117647            16
    0.29411764705883    0.17647058823530    0.38235294117647            16
    0.32352941176470    0.17647058823530    0.38235294117647            16
    0.35294117647059    0.17647058823530    0.38235294117647            16
    0.38235294117647    0.17647058823530    0.38235294117647            16
    0.41176470588236    0.17647058823530    0.38235294117647            16
    0.44117647058823    0.17647058823530    0.38235294117647            16
    0.47058823529412    0.17647058823530    0.38235294117647            16
    0.50000000000000    0.17647058823530    0.38235294117647             8
    0.20588235294118    0.20588235294118    0.38235294117647             8
    0.23529411764706    0.20588235294118    0.38235294117647            16
    0.26470588235294    0.20588235294118    0.38235294117647            16
    0.29411764705883    0.20588235294118    0.38235294117647            16
    0.32352941176470    0.20588235294118    0.38235294117647            16
    0.35294117647059    0.20588235294118    0.38235294117647            16
    0.38235294117647    0.20588235294118    0.38235294117647            16
    0.41176470588236    0.20588235294118    0.38235294117647            16
    0.44117647058823    0.20588235294118    0.38235294117647            16
    0.47058823529412    0.20588235294118    0.38235294117647            16
    0.50000000000000    0.20588235294118    0.38235294117647             8
    0.23529411764706    0.23529411764706    0.38235294117647             8
    0.26470588235294    0.23529411764706    0.38235294117647            16
    0.29411764705883    0.23529411764706    0.38235294117647            16
    0.32352941176470    0.23529411764706    0.38235294117647            16
    0.35294117647059    0.23529411764706    0.38235294117647            16
    0.38235294117647    0.23529411764706    0.38235294117647            16
    0.41176470588236    0.23529411764706    0.38235294117647            16
    0.44117647058823    0.23529411764706    0.38235294117647            16
    0.47058823529412    0.23529411764706    0.38235294117647            16
    0.50000000000000    0.23529411764706    0.38235294117647             8
    0.26470588235294    0.26470588235294    0.38235294117647             8
    0.29411764705883    0.26470588235294    0.38235294117647            16
    0.32352941176470    0.26470588235294    0.38235294117647            16
    0.35294117647059    0.26470588235294    0.38235294117647            16
    0.38235294117647    0.26470588235294    0.38235294117647            16
    0.41176470588236    0.26470588235294    0.38235294117647            16
    0.44117647058823    0.26470588235294    0.38235294117647            16
    0.47058823529412    0.26470588235294    0.38235294117647            16
    0.50000000000000    0.26470588235294    0.38235294117647             8
    0.29411764705883    0.29411764705883    0.38235294117647             8
    0.32352941176470    0.29411764705883    0.38235294117647            16
    0.35294117647059    0.29411764705883    0.38235294117647            16
    0.38235294117647    0.29411764705883    0.38235294117647            16
    0.41176470588236    0.29411764705883    0.38235294117647            16
    0.44117647058823    0.29411764705883    0.38235294117647            16
    0.47058823529412    0.29411764705883    0.38235294117647            16
    0.50000000000000    0.29411764705883    0.38235294117647             8
    0.32352941176470    0.32352941176470    0.38235294117647             8
    0.35294117647059    0.32352941176470    0.38235294117647            16
    0.38235294117647    0.32352941176470    0.38235294117647            16
    0.41176470588236    0.32352941176470    0.38235294117647            16
    0.44117647058823    0.32352941176470    0.38235294117647            16
    0.47058823529412    0.32352941176470    0.38235294117647            16
    0.50000000000000    0.32352941176470    0.38235294117647             8
    0.35294117647059    0.35294117647059    0.38235294117647             8
    0.38235294117647    0.35294117647059    0.38235294117647            16
    0.41176470588236    0.35294117647059    0.38235294117647            16
    0.44117647058823    0.35294117647059    0.38235294117647            16
    0.47058823529412    0.35294117647059    0.38235294117647            16
    0.50000000000000    0.35294117647059    0.38235294117647             8
    0.38235294117647    0.38235294117647    0.38235294117647             8
    0.41176470588236    0.38235294117647    0.38235294117647            16
    0.44117647058823    0.38235294117647    0.38235294117647            16
    0.47058823529412    0.38235294117647    0.38235294117647            16
    0.50000000000000    0.38235294117647    0.38235294117647             8
    0.41176470588236    0.41176470588236    0.38235294117647             8
    0.44117647058823    0.41176470588236    0.38235294117647            16
    0.47058823529412    0.41176470588236    0.38235294117647            16
    0.50000000000000    0.41176470588236    0.38235294117647             8
    0.44117647058823    0.44117647058823    0.38235294117647             8
    0.47058823529412    0.44117647058823    0.38235294117647            16
    0.50000000000000    0.44117647058823    0.38235294117647             8
    0.47058823529412    0.47058823529412    0.38235294117647             8
    0.50000000000000    0.47058823529412    0.38235294117647             8
    0.50000000000000    0.50000000000000    0.38235294117647             2
    0.00000000000000    0.00000000000000    0.41176470588236             2
    0.02941176470589    0.00000000000000    0.41176470588236             8
    0.05882352941177    0.00000000000000    0.41176470588236             8
    0.08823529411765    0.00000000000000    0.41176470588236             8
    0.11764705882353    0.00000000000000    0.41176470588236             8
    0.14705882352941    0.00000000000000    0.41176470588236             8
    0.17647058823530    0.00000000000000    0.41176470588236             8
    0.20588235294118    0.00000000000000    0.41176470588236             8
    0.23529411764706    0.00000000000000    0.41176470588236             8
    0.26470588235294    0.00000000000000    0.41176470588236             8
    0.29411764705883    0.00000000000000    0.41176470588236             8
    0.32352941176470    0.00000000000000    0.41176470588236             8
    0.35294117647059    0.00000000000000    0.41176470588236             8
    0.38235294117647    0.00000000000000    0.41176470588236             8
    0.41176470588236    0.00000000000000    0.41176470588236             8
    0.44117647058823    0.00000000000000    0.41176470588236             8
    0.47058823529412    0.00000000000000    0.41176470588236             8
    0.50000000000000    0.00000000000000    0.41176470588236             4
    0.02941176470589    0.02941176470589    0.41176470588236             8
    0.05882352941177    0.02941176470589    0.41176470588236            16
    0.08823529411765    0.02941176470589    0.41176470588236            16
    0.11764705882353    0.02941176470589    0.41176470588236            16
    0.14705882352941    0.02941176470589    0.41176470588236            16
    0.17647058823530    0.02941176470589    0.41176470588236            16
    0.20588235294118    0.02941176470589    0.41176470588236            16
    0.23529411764706    0.02941176470589    0.41176470588236            16
    0.26470588235294    0.02941176470589    0.41176470588236            16
    0.29411764705883    0.02941176470589    0.41176470588236            16
    0.32352941176470    0.02941176470589    0.41176470588236            16
    0.35294117647059    0.02941176470589    0.41176470588236            16
    0.38235294117647    0.02941176470589    0.41176470588236            16
    0.41176470588236    0.02941176470589    0.41176470588236            16
    0.44117647058823    0.02941176470589    0.41176470588236            16
    0.47058823529412    0.02941176470589    0.41176470588236            16
    0.50000000000000    0.02941176470589    0.41176470588236             8
    0.05882352941177    0.05882352941177    0.41176470588236             8
    0.08823529411765    0.05882352941177    0.41176470588236            16
    0.11764705882353    0.05882352941177    0.41176470588236            16
    0.14705882352941    0.05882352941177    0.41176470588236            16
    0.17647058823530    0.05882352941177    0.41176470588236            16
    0.20588235294118    0.05882352941177    0.41176470588236            16
    0.23529411764706    0.05882352941177    0.41176470588236            16
    0.26470588235294    0.05882352941177    0.41176470588236            16
    0.29411764705883    0.05882352941177    0.41176470588236            16
    0.32352941176470    0.05882352941177    0.41176470588236            16
    0.35294117647059    0.05882352941177    0.41176470588236            16
    0.38235294117647    0.05882352941177    0.41176470588236            16
    0.41176470588236    0.05882352941177    0.41176470588236            16
    0.44117647058823    0.05882352941177    0.41176470588236            16
    0.47058823529412    0.05882352941177    0.41176470588236            16
    0.50000000000000    0.05882352941177    0.41176470588236             8
    0.08823529411765    0.08823529411765    0.41176470588236             8
    0.11764705882353    0.08823529411765    0.41176470588236            16
    0.14705882352941    0.08823529411765    0.41176470588236            16
    0.17647058823530    0.08823529411765    0.41176470588236            16
    0.20588235294118    0.08823529411765    0.41176470588236            16
    0.23529411764706    0.08823529411765    0.41176470588236            16
    0.26470588235294    0.08823529411765    0.41176470588236            16
    0.29411764705883    0.08823529411765    0.41176470588236            16
    0.32352941176470    0.08823529411765    0.41176470588236            16
    0.35294117647059    0.08823529411765    0.41176470588236            16
    0.38235294117647    0.08823529411765    0.41176470588236            16
    0.41176470588236    0.08823529411765    0.41176470588236            16
    0.44117647058823    0.08823529411765    0.41176470588236            16
    0.47058823529412    0.08823529411765    0.41176470588236            16
    0.50000000000000    0.08823529411765    0.41176470588236             8
    0.11764705882353    0.11764705882353    0.41176470588236             8
    0.14705882352941    0.11764705882353    0.41176470588236            16
    0.17647058823530    0.11764705882353    0.41176470588236            16
    0.20588235294118    0.11764705882353    0.41176470588236            16
    0.23529411764706    0.11764705882353    0.41176470588236            16
    0.26470588235294    0.11764705882353    0.41176470588236            16
    0.29411764705883    0.11764705882353    0.41176470588236            16
    0.32352941176470    0.11764705882353    0.41176470588236            16
    0.35294117647059    0.11764705882353    0.41176470588236            16
    0.38235294117647    0.11764705882353    0.41176470588236            16
    0.41176470588236    0.11764705882353    0.41176470588236            16
    0.44117647058823    0.11764705882353    0.41176470588236            16
    0.47058823529412    0.11764705882353    0.41176470588236            16
    0.50000000000000    0.11764705882353    0.41176470588236             8
    0.14705882352941    0.14705882352941    0.41176470588236             8
    0.17647058823530    0.14705882352941    0.41176470588236            16
    0.20588235294118    0.14705882352941    0.41176470588236            16
    0.23529411764706    0.14705882352941    0.41176470588236            16
    0.26470588235294    0.14705882352941    0.41176470588236            16
    0.29411764705883    0.14705882352941    0.41176470588236            16
    0.32352941176470    0.14705882352941    0.41176470588236            16
    0.35294117647059    0.14705882352941    0.41176470588236            16
    0.38235294117647    0.14705882352941    0.41176470588236            16
    0.41176470588236    0.14705882352941    0.41176470588236            16
    0.44117647058823    0.14705882352941    0.41176470588236            16
    0.47058823529412    0.14705882352941    0.41176470588236            16
    0.50000000000000    0.14705882352941    0.41176470588236             8
    0.17647058823530    0.17647058823530    0.41176470588236             8
    0.20588235294118    0.17647058823530    0.41176470588236            16
    0.23529411764706    0.17647058823530    0.41176470588236            16
    0.26470588235294    0.17647058823530    0.41176470588236            16
    0.29411764705883    0.17647058823530    0.41176470588236            16
    0.32352941176470    0.17647058823530    0.41176470588236            16
    0.35294117647059    0.17647058823530    0.41176470588236            16
    0.38235294117647    0.17647058823530    0.41176470588236            16
    0.41176470588236    0.17647058823530    0.41176470588236            16
    0.44117647058823    0.17647058823530    0.41176470588236            16
    0.47058823529412    0.17647058823530    0.41176470588236            16
    0.50000000000000    0.17647058823530    0.41176470588236             8
    0.20588235294118    0.20588235294118    0.41176470588236             8
    0.23529411764706    0.20588235294118    0.41176470588236            16
    0.26470588235294    0.20588235294118    0.41176470588236            16
    0.29411764705883    0.20588235294118    0.41176470588236            16
    0.32352941176470    0.20588235294118    0.41176470588236            16
    0.35294117647059    0.20588235294118    0.41176470588236            16
    0.38235294117647    0.20588235294118    0.41176470588236            16
    0.41176470588236    0.20588235294118    0.41176470588236            16
    0.44117647058823    0.20588235294118    0.41176470588236            16
    0.47058823529412    0.20588235294118    0.41176470588236            16
    0.50000000000000    0.20588235294118    0.41176470588236             8
    0.23529411764706    0.23529411764706    0.41176470588236             8
    0.26470588235294    0.23529411764706    0.41176470588236            16
    0.29411764705883    0.23529411764706    0.41176470588236            16
    0.32352941176470    0.23529411764706    0.41176470588236            16
    0.35294117647059    0.23529411764706    0.41176470588236            16
    0.38235294117647    0.23529411764706    0.41176470588236            16
    0.41176470588236    0.23529411764706    0.41176470588236            16
    0.44117647058823    0.23529411764706    0.41176470588236            16
    0.47058823529412    0.23529411764706    0.41176470588236            16
    0.50000000000000    0.23529411764706    0.41176470588236             8
    0.26470588235294    0.26470588235294    0.41176470588236             8
    0.29411764705883    0.26470588235294    0.41176470588236            16
    0.32352941176470    0.26470588235294    0.41176470588236            16
    0.35294117647059    0.26470588235294    0.41176470588236            16
    0.38235294117647    0.26470588235294    0.41176470588236            16
    0.41176470588236    0.26470588235294    0.41176470588236            16
    0.44117647058823    0.26470588235294    0.41176470588236            16
    0.47058823529412    0.26470588235294    0.41176470588236            16
    0.50000000000000    0.26470588235294    0.41176470588236             8
    0.29411764705883    0.29411764705883    0.41176470588236             8
    0.32352941176470    0.29411764705883    0.41176470588236            16
    0.35294117647059    0.29411764705883    0.41176470588236            16
    0.38235294117647    0.29411764705883    0.41176470588236            16
    0.41176470588236    0.29411764705883    0.41176470588236            16
    0.44117647058823    0.29411764705883    0.41176470588236            16
    0.47058823529412    0.29411764705883    0.41176470588236            16
    0.50000000000000    0.29411764705883    0.41176470588236             8
    0.32352941176470    0.32352941176470    0.41176470588236             8
    0.35294117647059    0.32352941176470    0.41176470588236            16
    0.38235294117647    0.32352941176470    0.41176470588236            16
    0.41176470588236    0.32352941176470    0.41176470588236            16
    0.44117647058823    0.32352941176470    0.41176470588236            16
    0.47058823529412    0.32352941176470    0.41176470588236            16
    0.50000000000000    0.32352941176470    0.41176470588236             8
    0.35294117647059    0.35294117647059    0.41176470588236             8
    0.38235294117647    0.35294117647059    0.41176470588236            16
    0.41176470588236    0.35294117647059    0.41176470588236            16
    0.44117647058823    0.35294117647059    0.41176470588236            16
    0.47058823529412    0.35294117647059    0.41176470588236            16
    0.50000000000000    0.35294117647059    0.41176470588236             8
    0.38235294117647    0.38235294117647    0.41176470588236             8
    0.41176470588236    0.38235294117647    0.41176470588236            16
    0.44117647058823    0.38235294117647    0.41176470588236            16
    0.47058823529412    0.38235294117647    0.41176470588236            16
    0.50000000000000    0.38235294117647    0.41176470588236             8
    0.41176470588236    0.41176470588236    0.41176470588236             8
    0.44117647058823    0.41176470588236    0.41176470588236            16
    0.47058823529412    0.41176470588236    0.41176470588236            16
    0.50000000000000    0.41176470588236    0.41176470588236             8
    0.44117647058823    0.44117647058823    0.41176470588236             8
    0.47058823529412    0.44117647058823    0.41176470588236            16
    0.50000000000000    0.44117647058823    0.41176470588236             8
    0.47058823529412    0.47058823529412    0.41176470588236             8
    0.50000000000000    0.47058823529412    0.41176470588236             8
    0.50000000000000    0.50000000000000    0.41176470588236             2
    0.00000000000000    0.00000000000000    0.44117647058823             2
    0.02941176470589    0.00000000000000    0.44117647058823             8
    0.05882352941177    0.00000000000000    0.44117647058823             8
    0.08823529411765    0.00000000000000    0.44117647058823             8
    0.11764705882353    0.00000000000000    0.44117647058823             8
    0.14705882352941    0.00000000000000    0.44117647058823             8
    0.17647058823530    0.00000000000000    0.44117647058823             8
    0.20588235294118    0.00000000000000    0.44117647058823             8
    0.23529411764706    0.00000000000000    0.44117647058823             8
    0.26470588235294    0.00000000000000    0.44117647058823             8
    0.29411764705883    0.00000000000000    0.44117647058823             8
    0.32352941176470    0.00000000000000    0.44117647058823             8
    0.35294117647059    0.00000000000000    0.44117647058823             8
    0.38235294117647    0.00000000000000    0.44117647058823             8
    0.41176470588236    0.00000000000000    0.44117647058823             8
    0.44117647058823    0.00000000000000    0.44117647058823             8
    0.47058823529412    0.00000000000000    0.44117647058823             8
    0.50000000000000    0.00000000000000    0.44117647058823             4
    0.02941176470589    0.02941176470589    0.44117647058823             8
    0.05882352941177    0.02941176470589    0.44117647058823            16
    0.08823529411765    0.02941176470589    0.44117647058823            16
    0.11764705882353    0.02941176470589    0.44117647058823            16
    0.14705882352941    0.02941176470589    0.44117647058823            16
    0.17647058823530    0.02941176470589    0.44117647058823            16
    0.20588235294118    0.02941176470589    0.44117647058823            16
    0.23529411764706    0.02941176470589    0.44117647058823            16
    0.26470588235294    0.02941176470589    0.44117647058823            16
    0.29411764705883    0.02941176470589    0.44117647058823            16
    0.32352941176470    0.02941176470589    0.44117647058823            16
    0.35294117647059    0.02941176470589    0.44117647058823            16
    0.38235294117647    0.02941176470589    0.44117647058823            16
    0.41176470588236    0.02941176470589    0.44117647058823            16
    0.44117647058823    0.02941176470589    0.44117647058823            16
    0.47058823529412    0.02941176470589    0.44117647058823            16
    0.50000000000000    0.02941176470589    0.44117647058823             8
    0.05882352941177    0.05882352941177    0.44117647058823             8
    0.08823529411765    0.05882352941177    0.44117647058823            16
    0.11764705882353    0.05882352941177    0.44117647058823            16
    0.14705882352941    0.05882352941177    0.44117647058823            16
    0.17647058823530    0.05882352941177    0.44117647058823            16
    0.20588235294118    0.05882352941177    0.44117647058823            16
    0.23529411764706    0.05882352941177    0.44117647058823            16
    0.26470588235294    0.05882352941177    0.44117647058823            16
    0.29411764705883    0.05882352941177    0.44117647058823            16
    0.32352941176470    0.05882352941177    0.44117647058823            16
    0.35294117647059    0.05882352941177    0.44117647058823            16
    0.38235294117647    0.05882352941177    0.44117647058823            16
    0.41176470588236    0.05882352941177    0.44117647058823            16
    0.44117647058823    0.05882352941177    0.44117647058823            16
    0.47058823529412    0.05882352941177    0.44117647058823            16
    0.50000000000000    0.05882352941177    0.44117647058823             8
    0.08823529411765    0.08823529411765    0.44117647058823             8
    0.11764705882353    0.08823529411765    0.44117647058823            16
    0.14705882352941    0.08823529411765    0.44117647058823            16
    0.17647058823530    0.08823529411765    0.44117647058823            16
    0.20588235294118    0.08823529411765    0.44117647058823            16
    0.23529411764706    0.08823529411765    0.44117647058823            16
    0.26470588235294    0.08823529411765    0.44117647058823            16
    0.29411764705883    0.08823529411765    0.44117647058823            16
    0.32352941176470    0.08823529411765    0.44117647058823            16
    0.35294117647059    0.08823529411765    0.44117647058823            16
    0.38235294117647    0.08823529411765    0.44117647058823            16
    0.41176470588236    0.08823529411765    0.44117647058823            16
    0.44117647058823    0.08823529411765    0.44117647058823            16
    0.47058823529412    0.08823529411765    0.44117647058823            16
    0.50000000000000    0.08823529411765    0.44117647058823             8
    0.11764705882353    0.11764705882353    0.44117647058823             8
    0.14705882352941    0.11764705882353    0.44117647058823            16
    0.17647058823530    0.11764705882353    0.44117647058823            16
    0.20588235294118    0.11764705882353    0.44117647058823            16
    0.23529411764706    0.11764705882353    0.44117647058823            16
    0.26470588235294    0.11764705882353    0.44117647058823            16
    0.29411764705883    0.11764705882353    0.44117647058823            16
    0.32352941176470    0.11764705882353    0.44117647058823            16
    0.35294117647059    0.11764705882353    0.44117647058823            16
    0.38235294117647    0.11764705882353    0.44117647058823            16
    0.41176470588236    0.11764705882353    0.44117647058823            16
    0.44117647058823    0.11764705882353    0.44117647058823            16
    0.47058823529412    0.11764705882353    0.44117647058823            16
    0.50000000000000    0.11764705882353    0.44117647058823             8
    0.14705882352941    0.14705882352941    0.44117647058823             8
    0.17647058823530    0.14705882352941    0.44117647058823            16
    0.20588235294118    0.14705882352941    0.44117647058823            16
    0.23529411764706    0.14705882352941    0.44117647058823            16
    0.26470588235294    0.14705882352941    0.44117647058823            16
    0.29411764705883    0.14705882352941    0.44117647058823            16
    0.32352941176470    0.14705882352941    0.44117647058823            16
    0.35294117647059    0.14705882352941    0.44117647058823            16
    0.38235294117647    0.14705882352941    0.44117647058823            16
    0.41176470588236    0.14705882352941    0.44117647058823            16
    0.44117647058823    0.14705882352941    0.44117647058823            16
    0.47058823529412    0.14705882352941    0.44117647058823            16
    0.50000000000000    0.14705882352941    0.44117647058823             8
    0.17647058823530    0.17647058823530    0.44117647058823             8
    0.20588235294118    0.17647058823530    0.44117647058823            16
    0.23529411764706    0.17647058823530    0.44117647058823            16
    0.26470588235294    0.17647058823530    0.44117647058823            16
    0.29411764705883    0.17647058823530    0.44117647058823            16
    0.32352941176470    0.17647058823530    0.44117647058823            16
    0.35294117647059    0.17647058823530    0.44117647058823            16
    0.38235294117647    0.17647058823530    0.44117647058823            16
    0.41176470588236    0.17647058823530    0.44117647058823            16
    0.44117647058823    0.17647058823530    0.44117647058823            16
    0.47058823529412    0.17647058823530    0.44117647058823            16
    0.50000000000000    0.17647058823530    0.44117647058823             8
    0.20588235294118    0.20588235294118    0.44117647058823             8
    0.23529411764706    0.20588235294118    0.44117647058823            16
    0.26470588235294    0.20588235294118    0.44117647058823            16
    0.29411764705883    0.20588235294118    0.44117647058823            16
    0.32352941176470    0.20588235294118    0.44117647058823            16
    0.35294117647059    0.20588235294118    0.44117647058823            16
    0.38235294117647    0.20588235294118    0.44117647058823            16
    0.41176470588236    0.20588235294118    0.44117647058823            16
    0.44117647058823    0.20588235294118    0.44117647058823            16
    0.47058823529412    0.20588235294118    0.44117647058823            16
    0.50000000000000    0.20588235294118    0.44117647058823             8
    0.23529411764706    0.23529411764706    0.44117647058823             8
    0.26470588235294    0.23529411764706    0.44117647058823            16
    0.29411764705883    0.23529411764706    0.44117647058823            16
    0.32352941176470    0.23529411764706    0.44117647058823            16
    0.35294117647059    0.23529411764706    0.44117647058823            16
    0.38235294117647    0.23529411764706    0.44117647058823            16
    0.41176470588236    0.23529411764706    0.44117647058823            16
    0.44117647058823    0.23529411764706    0.44117647058823            16
    0.47058823529412    0.23529411764706    0.44117647058823            16
    0.50000000000000    0.23529411764706    0.44117647058823             8
    0.26470588235294    0.26470588235294    0.44117647058823             8
    0.29411764705883    0.26470588235294    0.44117647058823            16
    0.32352941176470    0.26470588235294    0.44117647058823            16
    0.35294117647059    0.26470588235294    0.44117647058823            16
    0.38235294117647    0.26470588235294    0.44117647058823            16
    0.41176470588236    0.26470588235294    0.44117647058823            16
    0.44117647058823    0.26470588235294    0.44117647058823            16
    0.47058823529412    0.26470588235294    0.44117647058823            16
    0.50000000000000    0.26470588235294    0.44117647058823             8
    0.29411764705883    0.29411764705883    0.44117647058823             8
    0.32352941176470    0.29411764705883    0.44117647058823            16
    0.35294117647059    0.29411764705883    0.44117647058823            16
    0.38235294117647    0.29411764705883    0.44117647058823            16
    0.41176470588236    0.29411764705883    0.44117647058823            16
    0.44117647058823    0.29411764705883    0.44117647058823            16
    0.47058823529412    0.29411764705883    0.44117647058823            16
    0.50000000000000    0.29411764705883    0.44117647058823             8
    0.32352941176470    0.32352941176470    0.44117647058823             8
    0.35294117647059    0.32352941176470    0.44117647058823            16
    0.38235294117647    0.32352941176470    0.44117647058823            16
    0.41176470588236    0.32352941176470    0.44117647058823            16
    0.44117647058823    0.32352941176470    0.44117647058823            16
    0.47058823529412    0.32352941176470    0.44117647058823            16
    0.50000000000000    0.32352941176470    0.44117647058823             8
    0.35294117647059    0.35294117647059    0.44117647058823             8
    0.38235294117647    0.35294117647059    0.44117647058823            16
    0.41176470588236    0.35294117647059    0.44117647058823            16
    0.44117647058823    0.35294117647059    0.44117647058823            16
    0.47058823529412    0.35294117647059    0.44117647058823            16
    0.50000000000000    0.35294117647059    0.44117647058823             8
    0.38235294117647    0.38235294117647    0.44117647058823             8
    0.41176470588236    0.38235294117647    0.44117647058823            16
    0.44117647058823    0.38235294117647    0.44117647058823            16
    0.47058823529412    0.38235294117647    0.44117647058823            16
    0.50000000000000    0.38235294117647    0.44117647058823             8
    0.41176470588236    0.41176470588236    0.44117647058823             8
    0.44117647058823    0.41176470588236    0.44117647058823            16
    0.47058823529412    0.41176470588236    0.44117647058823            16
    0.50000000000000    0.41176470588236    0.44117647058823             8
    0.44117647058823    0.44117647058823    0.44117647058823             8
    0.47058823529412    0.44117647058823    0.44117647058823            16
    0.50000000000000    0.44117647058823    0.44117647058823             8
    0.47058823529412    0.47058823529412    0.44117647058823             8
    0.50000000000000    0.47058823529412    0.44117647058823             8
    0.50000000000000    0.50000000000000    0.44117647058823             2
    0.00000000000000    0.00000000000000    0.47058823529412             2
    0.02941176470589    0.00000000000000    0.47058823529412             8
    0.05882352941177    0.00000000000000    0.47058823529412             8
    0.08823529411765    0.00000000000000    0.47058823529412             8
    0.11764705882353    0.00000000000000    0.47058823529412             8
    0.14705882352941    0.00000000000000    0.47058823529412             8
    0.17647058823530    0.00000000000000    0.47058823529412             8
    0.20588235294118    0.00000000000000    0.47058823529412             8
    0.23529411764706    0.00000000000000    0.47058823529412             8
    0.26470588235294    0.00000000000000    0.47058823529412             8
    0.29411764705883    0.00000000000000    0.47058823529412             8
    0.32352941176470    0.00000000000000    0.47058823529412             8
    0.35294117647059    0.00000000000000    0.47058823529412             8
    0.38235294117647    0.00000000000000    0.47058823529412             8
    0.41176470588236    0.00000000000000    0.47058823529412             8
    0.44117647058823    0.00000000000000    0.47058823529412             8
    0.47058823529412    0.00000000000000    0.47058823529412             8
    0.50000000000000    0.00000000000000    0.47058823529412             4
    0.02941176470589    0.02941176470589    0.47058823529412             8
    0.05882352941177    0.02941176470589    0.47058823529412            16
    0.08823529411765    0.02941176470589    0.47058823529412            16
    0.11764705882353    0.02941176470589    0.47058823529412            16
    0.14705882352941    0.02941176470589    0.47058823529412            16
    0.17647058823530    0.02941176470589    0.47058823529412            16
    0.20588235294118    0.02941176470589    0.47058823529412            16
    0.23529411764706    0.02941176470589    0.47058823529412            16
    0.26470588235294    0.02941176470589    0.47058823529412            16
    0.29411764705883    0.02941176470589    0.47058823529412            16
    0.32352941176470    0.02941176470589    0.47058823529412            16
    0.35294117647059    0.02941176470589    0.47058823529412            16
    0.38235294117647    0.02941176470589    0.47058823529412            16
    0.41176470588236    0.02941176470589    0.47058823529412            16
    0.44117647058823    0.02941176470589    0.47058823529412            16
    0.47058823529412    0.02941176470589    0.47058823529412            16
    0.50000000000000    0.02941176470589    0.47058823529412             8
    0.05882352941177    0.05882352941177    0.47058823529412             8
    0.08823529411765    0.05882352941177    0.47058823529412            16
    0.11764705882353    0.05882352941177    0.47058823529412            16
    0.14705882352941    0.05882352941177    0.47058823529412            16
    0.17647058823530    0.05882352941177    0.47058823529412            16
    0.20588235294118    0.05882352941177    0.47058823529412            16
    0.23529411764706    0.05882352941177    0.47058823529412            16
    0.26470588235294    0.05882352941177    0.47058823529412            16
    0.29411764705883    0.05882352941177    0.47058823529412            16
    0.32352941176470    0.05882352941177    0.47058823529412            16
    0.35294117647059    0.05882352941177    0.47058823529412            16
    0.38235294117647    0.05882352941177    0.47058823529412            16
    0.41176470588236    0.05882352941177    0.47058823529412            16
    0.44117647058823    0.05882352941177    0.47058823529412            16
    0.47058823529412    0.05882352941177    0.47058823529412            16
    0.50000000000000    0.05882352941177    0.47058823529412             8
    0.08823529411765    0.08823529411765    0.47058823529412             8
    0.11764705882353    0.08823529411765    0.47058823529412            16
    0.14705882352941    0.08823529411765    0.47058823529412            16
    0.17647058823530    0.08823529411765    0.47058823529412            16
    0.20588235294118    0.08823529411765    0.47058823529412            16
    0.23529411764706    0.08823529411765    0.47058823529412            16
    0.26470588235294    0.08823529411765    0.47058823529412            16
    0.29411764705883    0.08823529411765    0.47058823529412            16
    0.32352941176470    0.08823529411765    0.47058823529412            16
    0.35294117647059    0.08823529411765    0.47058823529412            16
    0.38235294117647    0.08823529411765    0.47058823529412            16
    0.41176470588236    0.08823529411765    0.47058823529412            16
    0.44117647058823    0.08823529411765    0.47058823529412            16
    0.47058823529412    0.08823529411765    0.47058823529412            16
    0.50000000000000    0.08823529411765    0.47058823529412             8
    0.11764705882353    0.11764705882353    0.47058823529412             8
    0.14705882352941    0.11764705882353    0.47058823529412            16
    0.17647058823530    0.11764705882353    0.47058823529412            16
    0.20588235294118    0.11764705882353    0.47058823529412            16
    0.23529411764706    0.11764705882353    0.47058823529412            16
    0.26470588235294    0.11764705882353    0.47058823529412            16
    0.29411764705883    0.11764705882353    0.47058823529412            16
    0.32352941176470    0.11764705882353    0.47058823529412            16
    0.35294117647059    0.11764705882353    0.47058823529412            16
    0.38235294117647    0.11764705882353    0.47058823529412            16
    0.41176470588236    0.11764705882353    0.47058823529412            16
    0.44117647058823    0.11764705882353    0.47058823529412            16
    0.47058823529412    0.11764705882353    0.47058823529412            16
    0.50000000000000    0.11764705882353    0.47058823529412             8
    0.14705882352941    0.14705882352941    0.47058823529412             8
    0.17647058823530    0.14705882352941    0.47058823529412            16
    0.20588235294118    0.14705882352941    0.47058823529412            16
    0.23529411764706    0.14705882352941    0.47058823529412            16
    0.26470588235294    0.14705882352941    0.47058823529412            16
    0.29411764705883    0.14705882352941    0.47058823529412            16
    0.32352941176470    0.14705882352941    0.47058823529412            16
    0.35294117647059    0.14705882352941    0.47058823529412            16
    0.38235294117647    0.14705882352941    0.47058823529412            16
    0.41176470588236    0.14705882352941    0.47058823529412            16
    0.44117647058823    0.14705882352941    0.47058823529412            16
    0.47058823529412    0.14705882352941    0.47058823529412            16
    0.50000000000000    0.14705882352941    0.47058823529412             8
    0.17647058823530    0.17647058823530    0.47058823529412             8
    0.20588235294118    0.17647058823530    0.47058823529412            16
    0.23529411764706    0.17647058823530    0.47058823529412            16
    0.26470588235294    0.17647058823530    0.47058823529412            16
    0.29411764705883    0.17647058823530    0.47058823529412            16
    0.32352941176470    0.17647058823530    0.47058823529412            16
    0.35294117647059    0.17647058823530    0.47058823529412            16
    0.38235294117647    0.17647058823530    0.47058823529412            16
    0.41176470588236    0.17647058823530    0.47058823529412            16
    0.44117647058823    0.17647058823530    0.47058823529412            16
    0.47058823529412    0.17647058823530    0.47058823529412            16
    0.50000000000000    0.17647058823530    0.47058823529412             8
    0.20588235294118    0.20588235294118    0.47058823529412             8
    0.23529411764706    0.20588235294118    0.47058823529412            16
    0.26470588235294    0.20588235294118    0.47058823529412            16
    0.29411764705883    0.20588235294118    0.47058823529412            16
    0.32352941176470    0.20588235294118    0.47058823529412            16
    0.35294117647059    0.20588235294118    0.47058823529412            16
    0.38235294117647    0.20588235294118    0.47058823529412            16
    0.41176470588236    0.20588235294118    0.47058823529412            16
    0.44117647058823    0.20588235294118    0.47058823529412            16
    0.47058823529412    0.20588235294118    0.47058823529412            16
    0.50000000000000    0.20588235294118    0.47058823529412             8
    0.23529411764706    0.23529411764706    0.47058823529412             8
    0.26470588235294    0.23529411764706    0.47058823529412            16
    0.29411764705883    0.23529411764706    0.47058823529412            16
    0.32352941176470    0.23529411764706    0.47058823529412            16
    0.35294117647059    0.23529411764706    0.47058823529412            16
    0.38235294117647    0.23529411764706    0.47058823529412            16
    0.41176470588236    0.23529411764706    0.47058823529412            16
    0.44117647058823    0.23529411764706    0.47058823529412            16
    0.47058823529412    0.23529411764706    0.47058823529412            16
    0.50000000000000    0.23529411764706    0.47058823529412             8
    0.26470588235294    0.26470588235294    0.47058823529412             8
    0.29411764705883    0.26470588235294    0.47058823529412            16
    0.32352941176470    0.26470588235294    0.47058823529412            16
    0.35294117647059    0.26470588235294    0.47058823529412            16
    0.38235294117647    0.26470588235294    0.47058823529412            16
    0.41176470588236    0.26470588235294    0.47058823529412            16
    0.44117647058823    0.26470588235294    0.47058823529412            16
    0.47058823529412    0.26470588235294    0.47058823529412            16
    0.50000000000000    0.26470588235294    0.47058823529412             8
    0.29411764705883    0.29411764705883    0.47058823529412             8
    0.32352941176470    0.29411764705883    0.47058823529412            16
    0.35294117647059    0.29411764705883    0.47058823529412            16
    0.38235294117647    0.29411764705883    0.47058823529412            16
    0.41176470588236    0.29411764705883    0.47058823529412            16
    0.44117647058823    0.29411764705883    0.47058823529412            16
    0.47058823529412    0.29411764705883    0.47058823529412            16
    0.50000000000000    0.29411764705883    0.47058823529412             8
    0.32352941176470    0.32352941176470    0.47058823529412             8
    0.35294117647059    0.32352941176470    0.47058823529412            16
    0.38235294117647    0.32352941176470    0.47058823529412            16
    0.41176470588236    0.32352941176470    0.47058823529412            16
    0.44117647058823    0.32352941176470    0.47058823529412            16
    0.47058823529412    0.32352941176470    0.47058823529412            16
    0.50000000000000    0.32352941176470    0.47058823529412             8
    0.35294117647059    0.35294117647059    0.47058823529412             8
    0.38235294117647    0.35294117647059    0.47058823529412            16
    0.41176470588236    0.35294117647059    0.47058823529412            16
    0.44117647058823    0.35294117647059    0.47058823529412            16
    0.47058823529412    0.35294117647059    0.47058823529412            16
    0.50000000000000    0.35294117647059    0.47058823529412             8
    0.38235294117647    0.38235294117647    0.47058823529412             8
    0.41176470588236    0.38235294117647    0.47058823529412            16
    0.44117647058823    0.38235294117647    0.47058823529412            16
    0.47058823529412    0.38235294117647    0.47058823529412            16
    0.50000000000000    0.38235294117647    0.47058823529412             8
    0.41176470588236    0.41176470588236    0.47058823529412             8
    0.44117647058823    0.41176470588236    0.47058823529412            16
    0.47058823529412    0.41176470588236    0.47058823529412            16
    0.50000000000000    0.41176470588236    0.47058823529412             8
    0.44117647058823    0.44117647058823    0.47058823529412             8
    0.47058823529412    0.44117647058823    0.47058823529412            16
    0.50000000000000    0.44117647058823    0.47058823529412             8
    0.47058823529412    0.47058823529412    0.47058823529412             8
    0.50000000000000    0.47058823529412    0.47058823529412             8
    0.50000000000000    0.50000000000000    0.47058823529412             2
    0.00000000000000    0.00000000000000    0.50000000000000             1
    0.02941176470589    0.00000000000000    0.50000000000000             4
    0.05882352941177    0.00000000000000    0.50000000000000             4
    0.08823529411765    0.00000000000000    0.50000000000000             4
    0.11764705882353    0.00000000000000    0.50000000000000             4
    0.14705882352941    0.00000000000000    0.50000000000000             4
    0.17647058823530    0.00000000000000    0.50000000000000             4
    0.20588235294118    0.00000000000000    0.50000000000000             4
    0.23529411764706    0.00000000000000    0.50000000000000             4
    0.26470588235294    0.00000000000000    0.50000000000000             4
    0.29411764705883    0.00000000000000    0.50000000000000             4
    0.32352941176470    0.00000000000000    0.50000000000000             4
    0.35294117647059    0.00000000000000    0.50000000000000             4
    0.38235294117647    0.00000000000000    0.50000000000000             4
    0.41176470588236    0.00000000000000    0.50000000000000             4
    0.44117647058823    0.00000000000000    0.50000000000000             4
    0.47058823529412    0.00000000000000    0.50000000000000             4
    0.50000000000000    0.00000000000000    0.50000000000000             2
    0.02941176470589    0.02941176470589    0.50000000000000             4
    0.05882352941177    0.02941176470589    0.50000000000000             8
    0.08823529411765    0.02941176470589    0.50000000000000             8
    0.11764705882353    0.02941176470589    0.50000000000000             8
    0.14705882352941    0.02941176470589    0.50000000000000             8
    0.17647058823530    0.02941176470589    0.50000000000000             8
    0.20588235294118    0.02941176470589    0.50000000000000             8
    0.23529411764706    0.02941176470589    0.50000000000000             8
    0.26470588235294    0.02941176470589    0.50000000000000             8
    0.29411764705883    0.02941176470589    0.50000000000000             8
    0.32352941176470    0.02941176470589    0.50000000000000             8
    0.35294117647059    0.02941176470589    0.50000000000000             8
    0.38235294117647    0.02941176470589    0.50000000000000             8
    0.41176470588236    0.02941176470589    0.50000000000000             8
    0.44117647058823    0.02941176470589    0.50000000000000             8
    0.47058823529412    0.02941176470589    0.50000000000000             8
    0.50000000000000    0.02941176470589    0.50000000000000             4
    0.05882352941177    0.05882352941177    0.50000000000000             4
    0.08823529411765    0.05882352941177    0.50000000000000             8
    0.11764705882353    0.05882352941177    0.50000000000000             8
    0.14705882352941    0.05882352941177    0.50000000000000             8
    0.17647058823530    0.05882352941177    0.50000000000000             8
    0.20588235294118    0.05882352941177    0.50000000000000             8
    0.23529411764706    0.05882352941177    0.50000000000000             8
    0.26470588235294    0.05882352941177    0.50000000000000             8
    0.29411764705883    0.05882352941177    0.50000000000000             8
    0.32352941176470    0.05882352941177    0.50000000000000             8
    0.35294117647059    0.05882352941177    0.50000000000000             8
    0.38235294117647    0.05882352941177    0.50000000000000             8
    0.41176470588236    0.05882352941177    0.50000000000000             8
    0.44117647058823    0.05882352941177    0.50000000000000             8
    0.47058823529412    0.05882352941177    0.50000000000000             8
    0.50000000000000    0.05882352941177    0.50000000000000             4
    0.08823529411765    0.08823529411765    0.50000000000000             4
    0.11764705882353    0.08823529411765    0.50000000000000             8
    0.14705882352941    0.08823529411765    0.50000000000000             8
    0.17647058823530    0.08823529411765    0.50000000000000             8
    0.20588235294118    0.08823529411765    0.50000000000000             8
    0.23529411764706    0.08823529411765    0.50000000000000             8
    0.26470588235294    0.08823529411765    0.50000000000000             8
    0.29411764705883    0.08823529411765    0.50000000000000             8
    0.32352941176470    0.08823529411765    0.50000000000000             8
    0.35294117647059    0.08823529411765    0.50000000000000             8
    0.38235294117647    0.08823529411765    0.50000000000000             8
    0.41176470588236    0.08823529411765    0.50000000000000             8
    0.44117647058823    0.08823529411765    0.50000000000000             8
    0.47058823529412    0.08823529411765    0.50000000000000             8
    0.50000000000000    0.08823529411765    0.50000000000000             4
    0.11764705882353    0.11764705882353    0.50000000000000             4
    0.14705882352941    0.11764705882353    0.50000000000000             8
    0.17647058823530    0.11764705882353    0.50000000000000             8
    0.20588235294118    0.11764705882353    0.50000000000000             8
    0.23529411764706    0.11764705882353    0.50000000000000             8
    0.26470588235294    0.11764705882353    0.50000000000000             8
    0.29411764705883    0.11764705882353    0.50000000000000             8
    0.32352941176470    0.11764705882353    0.50000000000000             8
    0.35294117647059    0.11764705882353    0.50000000000000             8
    0.38235294117647    0.11764705882353    0.50000000000000             8
    0.41176470588236    0.11764705882353    0.50000000000000             8
    0.44117647058823    0.11764705882353    0.50000000000000             8
    0.47058823529412    0.11764705882353    0.50000000000000             8
    0.50000000000000    0.11764705882353    0.50000000000000             4
    0.14705882352941    0.14705882352941    0.50000000000000             4
    0.17647058823530    0.14705882352941    0.50000000000000             8
    0.20588235294118    0.14705882352941    0.50000000000000             8
    0.23529411764706    0.14705882352941    0.50000000000000             8
    0.26470588235294    0.14705882352941    0.50000000000000             8
    0.29411764705883    0.14705882352941    0.50000000000000             8
    0.32352941176470    0.14705882352941    0.50000000000000             8
    0.35294117647059    0.14705882352941    0.50000000000000             8
    0.38235294117647    0.14705882352941    0.50000000000000             8
    0.41176470588236    0.14705882352941    0.50000000000000             8
    0.44117647058823    0.14705882352941    0.50000000000000             8
    0.47058823529412    0.14705882352941    0.50000000000000             8
    0.50000000000000    0.14705882352941    0.50000000000000             4
    0.17647058823530    0.17647058823530    0.50000000000000             4
    0.20588235294118    0.17647058823530    0.50000000000000             8
    0.23529411764706    0.17647058823530    0.50000000000000             8
    0.26470588235294    0.17647058823530    0.50000000000000             8
    0.29411764705883    0.17647058823530    0.50000000000000             8
    0.32352941176470    0.17647058823530    0.50000000000000             8
    0.35294117647059    0.17647058823530    0.50000000000000             8
    0.38235294117647    0.17647058823530    0.50000000000000             8
    0.41176470588236    0.17647058823530    0.50000000000000             8
    0.44117647058823    0.17647058823530    0.50000000000000             8
    0.47058823529412    0.17647058823530    0.50000000000000             8
    0.50000000000000    0.17647058823530    0.50000000000000             4
    0.20588235294118    0.20588235294118    0.50000000000000             4
    0.23529411764706    0.20588235294118    0.50000000000000             8
    0.26470588235294    0.20588235294118    0.50000000000000             8
    0.29411764705883    0.20588235294118    0.50000000000000             8
    0.32352941176470    0.20588235294118    0.50000000000000             8
    0.35294117647059    0.20588235294118    0.50000000000000             8
    0.38235294117647    0.20588235294118    0.50000000000000             8
    0.41176470588236    0.20588235294118    0.50000000000000             8
    0.44117647058823    0.20588235294118    0.50000000000000             8
    0.47058823529412    0.20588235294118    0.50000000000000             8
    0.50000000000000    0.20588235294118    0.50000000000000             4
    0.23529411764706    0.23529411764706    0.50000000000000             4
    0.26470588235294    0.23529411764706    0.50000000000000             8
    0.29411764705883    0.23529411764706    0.50000000000000             8
    0.32352941176470    0.23529411764706    0.50000000000000             8
    0.35294117647059    0.23529411764706    0.50000000000000             8
    0.38235294117647    0.23529411764706    0.50000000000000             8
    0.41176470588236    0.23529411764706    0.50000000000000             8
    0.44117647058823    0.23529411764706    0.50000000000000             8
    0.47058823529412    0.23529411764706    0.50000000000000             8
    0.50000000000000    0.23529411764706    0.50000000000000             4
    0.26470588235294    0.26470588235294    0.50000000000000             4
    0.29411764705883    0.26470588235294    0.50000000000000             8
    0.32352941176470    0.26470588235294    0.50000000000000             8
    0.35294117647059    0.26470588235294    0.50000000000000             8
    0.38235294117647    0.26470588235294    0.50000000000000             8
    0.41176470588236    0.26470588235294    0.50000000000000             8
    0.44117647058823    0.26470588235294    0.50000000000000             8
    0.47058823529412    0.26470588235294    0.50000000000000             8
    0.50000000000000    0.26470588235294    0.50000000000000             4
    0.29411764705883    0.29411764705883    0.50000000000000             4
    0.32352941176470    0.29411764705883    0.50000000000000             8
    0.35294117647059    0.29411764705883    0.50000000000000             8
    0.38235294117647    0.29411764705883    0.50000000000000             8
    0.41176470588236    0.29411764705883    0.50000000000000             8
    0.44117647058823    0.29411764705883    0.50000000000000             8
    0.47058823529412    0.29411764705883    0.50000000000000             8
    0.50000000000000    0.29411764705883    0.50000000000000             4
    0.32352941176470    0.32352941176470    0.50000000000000             4
    0.35294117647059    0.32352941176470    0.50000000000000             8
    0.38235294117647    0.32352941176470    0.50000000000000             8
    0.41176470588236    0.32352941176470    0.50000000000000             8
    0.44117647058823    0.32352941176470    0.50000000000000             8
    0.47058823529412    0.32352941176470    0.50000000000000             8
    0.50000000000000    0.32352941176470    0.50000000000000             4
    0.35294117647059    0.35294117647059    0.50000000000000             4
    0.38235294117647    0.35294117647059    0.50000000000000             8
    0.41176470588236    0.35294117647059    0.50000000000000             8
    0.44117647058823    0.35294117647059    0.50000000000000             8
    0.47058823529412    0.35294117647059    0.50000000000000             8
    0.50000000000000    0.35294117647059    0.50000000000000             4
    0.38235294117647    0.38235294117647    0.50000000000000             4
    0.41176470588236    0.38235294117647    0.50000000000000             8
    0.44117647058823    0.38235294117647    0.50000000000000             8
    0.47058823529412    0.38235294117647    0.50000000000000             8
    0.50000000000000    0.38235294117647    0.50000000000000             4
    0.41176470588236    0.41176470588236    0.50000000000000             4
    0.44117647058823    0.41176470588236    0.50000000000000             8
    0.47058823529412    0.41176470588236    0.50000000000000             8
    0.50000000000000    0.41176470588236    0.50000000000000             4
    0.44117647058823    0.44117647058823    0.50000000000000             4
    0.47058823529412    0.44117647058823    0.50000000000000             8
    0.50000000000000    0.44117647058823    0.50000000000000             4
    0.47058823529412    0.47058823529412    0.50000000000000             4
    0.50000000000000    0.47058823529412    0.50000000000000             4
    0.50000000000000    0.50000000000000    0.50000000000000             1
