
+----------------------------------------------------------------------+
|===================                                                   |
|SURFACE CALCULATION                                                   |
|===================                                                   |
|starting at 2026-09-23 23:48:37,264                                   |
|running Z2Pack version 2.2.1                                          |
|                                                                      |
|gap_tol:            0.3                                               |
|init_result:        None                                              |
|iterator:           range(12, 101, 4)                                 |
|load:               False                                             |
|load_quiet:         False                                             |
|min_neighbour_dist: 0.001                                             |
|move_tol:           0.3                                               |
|num_lines:          21                                                |
|pos_tol:            0.005                                             |
|save_file:          /cmt2/lniu6305/H-Beryl<...>owest_4/checkpoint.json|
|serializer:         auto                                              |
|surface:            <function run_manifold<...>bda> at 0x14c8318a53a0>|
|system:             <z2pack.fp._first_prin<...>ject at 0x14c83992bac0>|
+----------------------------------------------------------------------+

INFO: Adding lines required by 'num_lines'.
INFO: Adding line at t = 0.0
INFO:       Calculating line for N = 12
{"status": "validated", "nelect": 5, "vasp_nbands": 28, "wcc_count": 4, "gap": {"bands": 4, "minimum_direct_gap_ev": 1.00516, "minimum_direct_gap_kpoint": [0.4545455, 1.304512e-15, 1.276756e-15], "indirect_gap_ev": 0.4117829999999998, "sampled_kpoints": 11}, "overlap_norms": {"minimum_frobenius_norm_squared": 0.0769062307346018, "maximum_frobenius_norm_squared": 3.9933016906473005}, "recorded_utc": "2026-09-23T13:48:44.279673+00:00", "archive": "/cmt2/lniu6305/H-Beryllene_20250718/9.0_topology/b-Beryllene_b/wcc_direct_v3/lowest_4/lines/line_20260923T134844_273482Z_09ffef9d"}
INFO:       Calculating line for N = 16
{"status": "validated", "nelect": 5, "vasp_nbands": 28, "wcc_count": 4, "gap": {"bands": 4, "minimum_direct_gap_ev": 0.9296059999999997, "minimum_direct_gap_kpoint": [0.4666667, 1.276756e-15, 1.276756e-15], "indirect_gap_ev": 0.4666509999999997, "sampled_kpoints": 15}, "overlap_norms": {"minimum_frobenius_norm_squared": 0.07953660593491635, "maximum_frobenius_norm_squared": 3.9964611807487973}, "recorded_utc": "2026-09-23T13:48:54.282951+00:00", "archive": "/cmt2/lniu6305/H-Beryllene_20250718/9.0_topology/b-Beryllene_b/wcc_direct_v3/lowest_4/lines/line_20260923T134854_276175Z_8411c3cd"}
INFO: Adding line at t = 0.05
INFO:       Calculating line for N = 12
INFO: Saving surface result to file /cmt2/lniu6305/H-Beryllene_20250718/9.0_topology/b-Beryllene_b/wcc_direct_v3/lowest_4/checkpoint.json (ASYNC)
{"status": "validated", "nelect": 5, "vasp_nbands": 28, "wcc_count": 4, "gap": {"bands": 4, "minimum_direct_gap_ev": 0.9324500000000002, "minimum_direct_gap_kpoint": [0.4545455, 0.025, 1.276756e-15], "indirect_gap_ev": 0.4477820000000001, "sampled_kpoints": 11}, "overlap_norms": {"minimum_frobenius_norm_squared": 0.07659886075459257, "maximum_frobenius_norm_squared": 3.9931419338864966}, "recorded_utc": "2026-09-23T13:49:02.290684+00:00", "archive": "/cmt2/lniu6305/H-Beryllene_20250718/9.0_topology/b-Beryllene_b/wcc_direct_v3/lowest_4/lines/line_20260923T134902_284720Z_f85f1f63"}
INFO:       Calculating line for N = 16
{"status": "validated", "nelect": 5, "vasp_nbands": 28, "wcc_count": 4, "gap": {"bands": 4, "minimum_direct_gap_ev": 1.0094279999999998, "minimum_direct_gap_kpoint": [0.4666667, 0.025, 1.276756e-15], "indirect_gap_ev": 0.41704700000000017, "sampled_kpoints": 15}, "overlap_norms": {"minimum_frobenius_norm_squared": 0.07931191037130125, "maximum_frobenius_norm_squared": 3.9963948706395964}, "recorded_utc": "2026-09-23T13:49:10.150580+00:00", "archive": "/cmt2/lniu6305/H-Beryllene_20250718/9.0_topology/b-Beryllene_b/wcc_direct_v3/lowest_4/lines/line_20260923T134910_144372Z_895c9ae3"}
INFO: Adding line at t = 0.1
INFO:       Calculating line for N = 12
INFO: Saving surface result to file /cmt2/lniu6305/H-Beryllene_20250718/9.0_topology/b-Beryllene_b/wcc_direct_v3/lowest_4/checkpoint.json (ASYNC)
{"status": "validated", "nelect": 5, "vasp_nbands": 28, "wcc_count": 4, "gap": {"bands": 4, "minimum_direct_gap_ev": 1.0208589999999997, "minimum_direct_gap_kpoint": [0.4545455, 0.05, 1.276756e-15], "indirect_gap_ev": 0.5557760000000007, "sampled_kpoints": 11}, "overlap_norms": {"minimum_frobenius_norm_squared": 0.07648728615573124, "maximum_frobenius_norm_squared": 3.9929170834349903}, "recorded_utc": "2026-09-23T13:49:17.238418+00:00", "archive": "/cmt2/lniu6305/H-Beryllene_20250718/9.0_topology/b-Beryllene_b/wcc_direct_v3/lowest_4/lines/line_20260923T134917_232919Z_811dd158"}
INFO:       Calculating line for N = 16
{"status": "validated", "nelect": 5, "vasp_nbands": 28, "wcc_count": 4, "gap": {"bands": 4, "minimum_direct_gap_ev": 1.1549490000000002, "minimum_direct_gap_kpoint": [0.4666667, 0.05, 1.276756e-15], "indirect_gap_ev": 0.4657500000000008, "sampled_kpoints": 15}, "overlap_norms": {"minimum_frobenius_norm_squared": 0.07929170032735486, "maximum_frobenius_norm_squared": 3.9962942024114567}, "recorded_utc": "2026-09-23T13:49:26.046983+00:00", "archive": "/cmt2/lniu6305/H-Beryllene_20250718/9.0_topology/b-Beryllene_b/wcc_direct_v3/lowest_4/lines/line_20260923T134926_040834Z_f86de198"}
INFO: Adding line at t = 0.15000000000000002
INFO:       Calculating line for N = 12
INFO: Saving surface result to file /cmt2/lniu6305/H-Beryllene_20250718/9.0_topology/b-Beryllene_b/wcc_direct_v3/lowest_4/checkpoint.json (ASYNC)
{"status": "validated", "nelect": 5, "vasp_nbands": 28, "wcc_count": 4, "gap": {"bands": 4, "minimum_direct_gap_ev": 1.1652909999999999, "minimum_direct_gap_kpoint": [0.4545455, 0.075, 1.276756e-15], "indirect_gap_ev": 0.7123280000000003, "sampled_kpoints": 11}, "overlap_norms": {"minimum_frobenius_norm_squared": 0.0765784201920198, "maximum_frobenius_norm_squared": 3.9926235550598377}, "recorded_utc": "2026-09-23T13:49:32.671481+00:00", "archive": "/cmt2/lniu6305/H-Beryllene_20250718/9.0_topology/b-Beryllene_b/wcc_direct_v3/lowest_4/lines/line_20260923T134932_666026Z_71ede9af"}
INFO:       Calculating line for N = 16
{"status": "validated", "nelect": 5, "vasp_nbands": 28, "wcc_count": 4, "gap": {"bands": 4, "minimum_direct_gap_ev": 1.191942, "minimum_direct_gap_kpoint": [0.4666667, 0.075, 1.276756e-15], "indirect_gap_ev": 0.502122, "sampled_kpoints": 15}, "overlap_norms": {"minimum_frobenius_norm_squared": 0.07948410373870375, "maximum_frobenius_norm_squared": 3.9962250558993224}, "recorded_utc": "2026-09-23T13:49:41.654439+00:00", "archive": "/cmt2/lniu6305/H-Beryllene_20250718/9.0_topology/b-Beryllene_b/wcc_direct_v3/lowest_4/lines/line_20260923T134941_648294Z_13db35eb"}
INFO:       Calculating line for N = 20
{"status": "validated", "nelect": 5, "vasp_nbands": 28, "wcc_count": 4, "gap": {"bands": 4, "minimum_direct_gap_ev": 0.9818740000000004, "minimum_direct_gap_kpoint": [0.4210526, 0.075, 1.276756e-15], "indirect_gap_ev": 0.4369360000000002, "sampled_kpoints": 19}, "overlap_norms": {"minimum_frobenius_norm_squared": 0.08131203978588018, "maximum_frobenius_norm_squared": 3.997730264983666}, "recorded_utc": "2026-09-23T13:49:52.121416+00:00", "archive": "/cmt2/lniu6305/H-Beryllene_20250718/9.0_topology/b-Beryllene_b/wcc_direct_v3/lowest_4/lines/line_20260923T134952_114459Z_c6c9ec9a"}
INFO:       Calculating line for N = 24
{"status": "validated", "nelect": 5, "vasp_nbands": 28, "wcc_count": 4, "gap": {"bands": 4, "minimum_direct_gap_ev": 0.972111, "minimum_direct_gap_kpoint": [0.4347826, 0.075, 1.276756e-15], "indirect_gap_ev": 0.4581969999999993, "sampled_kpoints": 23}, "overlap_norms": {"minimum_frobenius_norm_squared": 0.08256855754833096, "maximum_frobenius_norm_squared": 3.9984751714906634}, "recorded_utc": "2026-09-23T13:50:04.336863+00:00", "archive": "/cmt2/lniu6305/H-Beryllene_20250718/9.0_topology/b-Beryllene_b/wcc_direct_v3/lowest_4/lines/line_20260923T135004_329403Z_6401ec5b"}
INFO:       Calculating line for N = 28
{"status": "validated", "nelect": 5, "vasp_nbands": 28, "wcc_count": 4, "gap": {"bands": 4, "minimum_direct_gap_ev": 1.0484920000000004, "minimum_direct_gap_kpoint": [0.4814815, 0.075, 1.276756e-15], "indirect_gap_ev": 0.4371299999999998, "sampled_kpoints": 27}, "overlap_norms": {"minimum_frobenius_norm_squared": 0.08348544764678387, "maximum_frobenius_norm_squared": 3.998901626045946}, "recorded_utc": "2026-09-23T13:50:18.238303+00:00", "archive": "/cmt2/lniu6305/H-Beryllene_20250718/9.0_topology/b-Beryllene_b/wcc_direct_v3/lowest_4/lines/line_20260923T135018_230028Z_214aa8c8"}
INFO: Adding line at t = 0.2
INFO:       Calculating line for N = 12
INFO: Saving surface result to file /cmt2/lniu6305/H-Beryllene_20250718/9.0_topology/b-Beryllene_b/wcc_direct_v3/lowest_4/checkpoint.json (ASYNC)
{"status": "validated", "nelect": 5, "vasp_nbands": 28, "wcc_count": 4, "gap": {"bands": 4, "minimum_direct_gap_ev": 1.1963460000000001, "minimum_direct_gap_kpoint": [0.4545455, 0.1, 1.276756e-15], "indirect_gap_ev": 0.7659250000000002, "sampled_kpoints": 11}, "overlap_norms": {"minimum_frobenius_norm_squared": 0.07688780656871075, "maximum_frobenius_norm_squared": 3.9924506557489723}, "recorded_utc": "2026-09-23T13:50:25.594384+00:00", "archive": "/cmt2/lniu6305/H-Beryllene_20250718/9.0_topology/b-Beryllene_b/wcc_direct_v3/lowest_4/lines/line_20260923T135025_588687Z_18cbce94"}
INFO:       Calculating line for N = 16
{"status": "validated", "nelect": 5, "vasp_nbands": 28, "wcc_count": 4, "gap": {"bands": 4, "minimum_direct_gap_ev": 1.088253, "minimum_direct_gap_kpoint": [0.4666667, 0.1, 1.276756e-15], "indirect_gap_ev": 0.4386049999999999, "sampled_kpoints": 15}, "overlap_norms": {"minimum_frobenius_norm_squared": 0.07990609226512678, "maximum_frobenius_norm_squared": 3.9962498260736545}, "recorded_utc": "2026-09-23T13:50:35.049394+00:00", "archive": "/cmt2/lniu6305/H-Beryllene_20250718/9.0_topology/b-Beryllene_b/wcc_direct_v3/lowest_4/lines/line_20260923T135035_043248Z_93692725"}
INFO:       Calculating line for N = 20
{"status": "validated", "nelect": 5, "vasp_nbands": 28, "wcc_count": 4, "gap": {"bands": 4, "minimum_direct_gap_ev": 0.9834589999999999, "minimum_direct_gap_kpoint": [0.4210526, 0.1, 1.276756e-15], "indirect_gap_ev": 0.5262840000000004, "sampled_kpoints": 19}, "overlap_norms": {"minimum_frobenius_norm_squared": 0.08181027338613009, "maximum_frobenius_norm_squared": 3.9977244574829163}, "recorded_utc": "2026-09-23T13:50:45.728529+00:00", "archive": "/cmt2/lniu6305/H-Beryllene_20250718/9.0_topology/b-Beryllene_b/wcc_direct_v3/lowest_4/lines/line_20260923T135045_721695Z_ae75891d"}
INFO:       Calculating line for N = 24
{"status": "validated", "nelect": 5, "vasp_nbands": 28, "wcc_count": 4, "gap": {"bands": 4, "minimum_direct_gap_ev": 0.9870769999999993, "minimum_direct_gap_kpoint": [0.4782609, 0.1, 1.276756e-15], "indirect_gap_ev": 0.4621379999999995, "sampled_kpoints": 23}, "overlap_norms": {"minimum_frobenius_norm_squared": 0.0831216302342818, "maximum_frobenius_norm_squared": 3.9984623905626835}, "recorded_utc": "2026-09-23T13:50:57.928113+00:00", "archive": "/cmt2/lniu6305/H-Beryllene_20250718/9.0_topology/b-Beryllene_b/wcc_direct_v3/lowest_4/lines/line_20260923T135057_920767Z_752a0f51"}
INFO:       Calculating line for N = 28
{"status": "validated", "nelect": 5, "vasp_nbands": 28, "wcc_count": 4, "gap": {"bands": 4, "minimum_direct_gap_ev": 0.9738740000000004, "minimum_direct_gap_kpoint": [0.4814815, 0.1, 1.276756e-15], "indirect_gap_ev": 0.44010699999999936, "sampled_kpoints": 27}, "overlap_norms": {"minimum_frobenius_norm_squared": 0.08407957210672302, "maximum_frobenius_norm_squared": 3.9988879659584255}, "recorded_utc": "2026-09-23T13:51:11.791141+00:00", "archive": "/cmt2/lniu6305/H-Beryllene_20250718/9.0_topology/b-Beryllene_b/wcc_direct_v3/lowest_4/lines/line_20260923T135111_782564Z_7ca61e25"}
INFO:       Calculating line for N = 32
{"status": "validated", "nelect": 5, "vasp_nbands": 28, "wcc_count": 4, "gap": {"bands": 4, "minimum_direct_gap_ev": 0.9701979999999999, "minimum_direct_gap_kpoint": [0.483871, 0.1, 1.276756e-15], "indirect_gap_ev": 0.48785599999999985, "sampled_kpoints": 31}, "overlap_norms": {"minimum_frobenius_norm_squared": 0.08481014737604582, "maximum_frobenius_norm_squared": 3.9991569099135273}, "recorded_utc": "2026-09-23T13:51:27.284619+00:00", "archive": "/cmt2/lniu6305/H-Beryllene_20250718/9.0_topology/b-Beryllene_b/wcc_direct_v3/lowest_4/lines/line_20260923T135127_275365Z_8e2a3c57"}
INFO:       Calculating line for N = 36
{"status": "validated", "nelect": 5, "vasp_nbands": 28, "wcc_count": 4, "gap": {"bands": 4, "minimum_direct_gap_ev": 0.9712669999999992, "minimum_direct_gap_kpoint": [0.4857143, 0.1, 1.276756e-15], "indirect_gap_ev": 0.43208999999999964, "sampled_kpoints": 35}, "overlap_norms": {"minimum_frobenius_norm_squared": 0.08538574976686872, "maximum_frobenius_norm_squared": 3.9993381296790127}, "recorded_utc": "2026-09-23T13:51:44.107977+00:00", "archive": "/cmt2/lniu6305/H-Beryllene_20250718/9.0_topology/b-Beryllene_b/wcc_direct_v3/lowest_4/lines/line_20260923T135144_098579Z_6c2483ea"}
INFO:       Calculating line for N = 40
{"status": "validated", "nelect": 5, "vasp_nbands": 28, "wcc_count": 4, "gap": {"bands": 4, "minimum_direct_gap_ev": 0.9746610000000002, "minimum_direct_gap_kpoint": [0.4871795, 0.1, 1.276756e-15], "indirect_gap_ev": 0.4456009999999999, "sampled_kpoints": 39}, "overlap_norms": {"minimum_frobenius_norm_squared": 0.08585085744372156, "maximum_frobenius_norm_squared": 3.9994662896568007}, "recorded_utc": "2026-09-23T13:52:02.736627+00:00", "archive": "/cmt2/lniu6305/H-Beryllene_20250718/9.0_topology/b-Beryllene_b/wcc_direct_v3/lowest_4/lines/line_20260923T135202_726656Z_707c1e9e"}
INFO: Adding line at t = 0.25
INFO:       Calculating line for N = 12
INFO: Saving surface result to file /cmt2/lniu6305/H-Beryllene_20250718/9.0_topology/b-Beryllene_b/wcc_direct_v3/lowest_4/checkpoint.json (ASYNC)
{"status": "validated", "nelect": 5, "vasp_nbands": 28, "wcc_count": 4, "gap": {"bands": 4, "minimum_direct_gap_ev": 1.1014650000000001, "minimum_direct_gap_kpoint": [0.4545455, 0.125, 1.276756e-15], "indirect_gap_ev": 0.611504, "sampled_kpoints": 11}, "overlap_norms": {"minimum_frobenius_norm_squared": 0.07743839707223539, "maximum_frobenius_norm_squared": 3.9925289897171723}, "recorded_utc": "2026-09-23T13:52:09.920579+00:00", "archive": "/cmt2/lniu6305/H-Beryllene_20250718/9.0_topology/b-Beryllene_b/wcc_direct_v3/lowest_4/lines/line_20260923T135209_914666Z_d0dda270"}
INFO:       Calculating line for N = 16
{"status": "validated", "nelect": 5, "vasp_nbands": 28, "wcc_count": 4, "gap": {"bands": 4, "minimum_direct_gap_ev": 0.9982300000000004, "minimum_direct_gap_kpoint": [0.4, 0.125, 1.276756e-15], "indirect_gap_ev": 0.4687109999999999, "sampled_kpoints": 15}, "overlap_norms": {"minimum_frobenius_norm_squared": 0.08058295421066869, "maximum_frobenius_norm_squared": 3.9962276061150472}, "recorded_utc": "2026-09-23T13:52:18.848837+00:00", "archive": "/cmt2/lniu6305/H-Beryllene_20250718/9.0_topology/b-Beryllene_b/wcc_direct_v3/lowest_4/lines/line_20260923T135218_842422Z_f863ffce"}
INFO:       Calculating line for N = 20
{"status": "validated", "nelect": 5, "vasp_nbands": 28, "wcc_count": 4, "gap": {"bands": 4, "minimum_direct_gap_ev": 0.9948310000000005, "minimum_direct_gap_kpoint": [0.4736842, 0.125, 1.276756e-15], "indirect_gap_ev": 0.4790720000000004, "sampled_kpoints": 19}, "overlap_norms": {"minimum_frobenius_norm_squared": 0.08257258195978641, "maximum_frobenius_norm_squared": 3.997690484255112}, "recorded_utc": "2026-09-23T13:52:29.461615+00:00", "archive": "/cmt2/lniu6305/H-Beryllene_20250718/9.0_topology/b-Beryllene_b/wcc_direct_v3/lowest_4/lines/line_20260923T135229_454612Z_ebe5c0a2"}
INFO:       Calculating line for N = 24
{"status": "validated", "nelect": 5, "vasp_nbands": 28, "wcc_count": 4, "gap": {"bands": 4, "minimum_direct_gap_ev": 1.014316, "minimum_direct_gap_kpoint": [0.4782609, 0.125, 1.276756e-15], "indirect_gap_ev": 0.4505720000000002, "sampled_kpoints": 23}, "overlap_norms": {"minimum_frobenius_norm_squared": 0.08394492993782171, "maximum_frobenius_norm_squared": 3.9984307263154903}, "recorded_utc": "2026-09-23T13:52:41.651805+00:00", "archive": "/cmt2/lniu6305/H-Beryllene_20250718/9.0_topology/b-Beryllene_b/wcc_direct_v3/lowest_4/lines/line_20260923T135241_644150Z_637528c9"}
INFO:       Calculating line for N = 28
{"status": "validated", "nelect": 5, "vasp_nbands": 28, "wcc_count": 4, "gap": {"bands": 4, "minimum_direct_gap_ev": 1.0013510000000005, "minimum_direct_gap_kpoint": [0.4074074, 0.125, 1.276756e-15], "indirect_gap_ev": 0.44711199999999973, "sampled_kpoints": 27}, "overlap_norms": {"minimum_frobenius_norm_squared": 0.08494888481126031, "maximum_frobenius_norm_squared": 3.9988607160421057}, "recorded_utc": "2026-09-23T13:52:55.612166+00:00", "archive": "/cmt2/lniu6305/H-Beryllene_20250718/9.0_topology/b-Beryllene_b/wcc_direct_v3/lowest_4/lines/line_20260923T135255_603784Z_cafd5171"}
INFO:       Calculating line for N = 32
{"status": "validated", "nelect": 5, "vasp_nbands": 28, "wcc_count": 4, "gap": {"bands": 4, "minimum_direct_gap_ev": 1.0685059999999993, "minimum_direct_gap_kpoint": [0.483871, 0.125, 1.276756e-15], "indirect_gap_ev": 0.44020299999999946, "sampled_kpoints": 31}, "overlap_norms": {"minimum_frobenius_norm_squared": 0.08571518069514295, "maximum_frobenius_norm_squared": 3.9991338713732847}, "recorded_utc": "2026-09-23T13:53:11.043488+00:00", "archive": "/cmt2/lniu6305/H-Beryllene_20250718/9.0_topology/b-Beryllene_b/wcc_direct_v3/lowest_4/lines/line_20260923T135311_034832Z_a109faac"}
INFO:       Calculating line for N = 36
{"status": "validated", "nelect": 5, "vasp_nbands": 28, "wcc_count": 4, "gap": {"bands": 4, "minimum_direct_gap_ev": 0.9982300000000004, "minimum_direct_gap_kpoint": [0.4, 0.125, 1.276756e-15], "indirect_gap_ev": 0.44062300000000043, "sampled_kpoints": 35}, "overlap_norms": {"minimum_frobenius_norm_squared": 0.08631927711952297, "maximum_frobenius_norm_squared": 3.9993218054741586}, "recorded_utc": "2026-09-23T13:53:28.261222+00:00", "archive": "/cmt2/lniu6305/H-Beryllene_20250718/9.0_topology/b-Beryllene_b/wcc_direct_v3/lowest_4/lines/line_20260923T135328_251682Z_5ac30cb4"}
INFO:       Calculating line for N = 40
{"status": "validated", "nelect": 5, "vasp_nbands": 28, "wcc_count": 4, "gap": {"bands": 4, "minimum_direct_gap_ev": 1.0153399999999992, "minimum_direct_gap_kpoint": [0.4102564, 0.125, 1.276756e-15], "indirect_gap_ev": 0.4444860000000004, "sampled_kpoints": 39}, "overlap_norms": {"minimum_frobenius_norm_squared": 0.0868077592139159, "maximum_frobenius_norm_squared": 3.9994544469848208}, "recorded_utc": "2026-09-23T13:53:47.060127+00:00", "archive": "/cmt2/lniu6305/H-Beryllene_20250718/9.0_topology/b-Beryllene_b/wcc_direct_v3/lowest_4/lines/line_20260923T135347_049888Z_9fd2324b"}
INFO:       Calculating line for N = 44
{"status": "validated", "nelect": 5, "vasp_nbands": 28, "wcc_count": 4, "gap": {"bands": 4, "minimum_direct_gap_ev": 1.0132690000000002, "minimum_direct_gap_kpoint": [0.4651163, 0.125, 1.276756e-15], "indirect_gap_ev": 0.4441050000000004, "sampled_kpoints": 43}, "overlap_norms": {"minimum_frobenius_norm_squared": 0.08721090525427214, "maximum_frobenius_norm_squared": 3.9995511312343073}, "recorded_utc": "2026-09-23T13:54:07.702986+00:00", "archive": "/cmt2/lniu6305/H-Beryllene_20250718/9.0_topology/b-Beryllene_b/wcc_direct_v3/lowest_4/lines/line_20260923T135407_692452Z_3d6436e7"}
INFO: Adding line at t = 0.30000000000000004
INFO:       Calculating line for N = 12
INFO: Saving surface result to file /cmt2/lniu6305/H-Beryllene_20250718/9.0_topology/b-Beryllene_b/wcc_direct_v3/lowest_4/checkpoint.json (ASYNC)
{"status": "validated", "nelect": 5, "vasp_nbands": 28, "wcc_count": 4, "gap": {"bands": 4, "minimum_direct_gap_ev": 1.0309679999999997, "minimum_direct_gap_kpoint": [0.4545455, 0.15, 1.276756e-15], "indirect_gap_ev": 0.5065040000000005, "sampled_kpoints": 11}, "overlap_norms": {"minimum_frobenius_norm_squared": 0.07826489615042662, "maximum_frobenius_norm_squared": 3.9924985190661264}, "recorded_utc": "2026-09-23T13:54:14.567269+00:00", "archive": "/cmt2/lniu6305/H-Beryllene_20250718/9.0_topology/b-Beryllene_b/wcc_direct_v3/lowest_4/lines/line_20260923T135414_561487Z_c20e590c"}
INFO:       Calculating line for N = 16
{"status": "validated", "nelect": 5, "vasp_nbands": 28, "wcc_count": 4, "gap": {"bands": 4, "minimum_direct_gap_ev": 1.047828, "minimum_direct_gap_kpoint": [0.4666667, 0.15, 1.276756e-15], "indirect_gap_ev": 0.46586000000000016, "sampled_kpoints": 15}, "overlap_norms": {"minimum_frobenius_norm_squared": 0.08155266847916373, "maximum_frobenius_norm_squared": 3.996152020817341}, "recorded_utc": "2026-09-23T13:54:24.091460+00:00", "archive": "/cmt2/lniu6305/H-Beryllene_20250718/9.0_topology/b-Beryllene_b/wcc_direct_v3/lowest_4/lines/line_20260923T135424_084818Z_40b1305c"}
INFO:       Calculating line for N = 20
{"status": "validated", "nelect": 5, "vasp_nbands": 28, "wcc_count": 4, "gap": {"bands": 4, "minimum_direct_gap_ev": 1.1244240000000003, "minimum_direct_gap_kpoint": [0.4736842, 0.15, 1.276756e-15], "indirect_gap_ev": 0.46875, "sampled_kpoints": 19}, "overlap_norms": {"minimum_frobenius_norm_squared": 0.08363866323312892, "maximum_frobenius_norm_squared": 3.9976242486100073}, "recorded_utc": "2026-09-23T13:54:34.313887+00:00", "archive": "/cmt2/lniu6305/H-Beryllene_20250718/9.0_topology/b-Beryllene_b/wcc_direct_v3/lowest_4/lines/line_20260923T135434_306740Z_9d54280e"}
INFO:       Calculating line for N = 24
{"status": "validated", "nelect": 5, "vasp_nbands": 28, "wcc_count": 4, "gap": {"bands": 4, "minimum_direct_gap_ev": 1.0214070000000008, "minimum_direct_gap_kpoint": [0.3913043, 0.15, 1.276756e-15], "indirect_gap_ev": 0.4662789999999992, "sampled_kpoints": 23}, "overlap_norms": {"minimum_frobenius_norm_squared": 0.08508016660570064, "maximum_frobenius_norm_squared": 3.9983772786786265}, "recorded_utc": "2026-09-23T13:54:47.856694+00:00", "archive": "/cmt2/lniu6305/H-Beryllene_20250718/9.0_topology/b-Beryllene_b/wcc_direct_v3/lowest_4/lines/line_20260923T135447_849267Z_3604902d"}
INFO:       Calculating line for N = 28
{"status": "validated", "nelect": 5, "vasp_nbands": 28, "wcc_count": 4, "gap": {"bands": 4, "minimum_direct_gap_ev": 1.0994079999999995, "minimum_direct_gap_kpoint": [0.4444444, 0.15, 1.276756e-15], "indirect_gap_ev": 0.4665569999999999, "sampled_kpoints": 27}, "overlap_norms": {"minimum_frobenius_norm_squared": 0.0861358282256829, "maximum_frobenius_norm_squared": 3.9988189463637016}, "recorded_utc": "2026-09-23T13:54:59.979645+00:00", "archive": "/cmt2/lniu6305/H-Beryllene_20250718/9.0_topology/b-Beryllene_b/wcc_direct_v3/lowest_4/lines/line_20260923T135459_971458Z_5e0829cf"}
INFO:       Calculating line for N = 32
{"status": "validated", "nelect": 5, "vasp_nbands": 28, "wcc_count": 4, "gap": {"bands": 4, "minimum_direct_gap_ev": 1.0275499999999997, "minimum_direct_gap_kpoint": [0.3870968, 0.15, 1.276756e-15], "indirect_gap_ev": 0.48304100000000005, "sampled_kpoints": 31}, "overlap_norms": {"minimum_frobenius_norm_squared": 0.08694238982975616, "maximum_frobenius_norm_squared": 3.99910779257953}, "recorded_utc": "2026-09-23T13:55:15.756097+00:00", "archive": "/cmt2/lniu6305/H-Beryllene_20250718/9.0_topology/b-Beryllene_b/wcc_direct_v3/lowest_4/lines/line_20260923T135515_747455Z_6db292c8"}
INFO:       Calculating line for N = 36
{"status": "validated", "nelect": 5, "vasp_nbands": 28, "wcc_count": 4, "gap": {"bands": 4, "minimum_direct_gap_ev": 1.0233169999999996, "minimum_direct_gap_kpoint": [0.4571429, 0.15, 1.276756e-15], "indirect_gap_ev": 0.466437, "sampled_kpoints": 35}, "overlap_norms": {"minimum_frobenius_norm_squared": 0.0875787527221452, "maximum_frobenius_norm_squared": 3.999300312072135}, "recorded_utc": "2026-09-23T13:55:33.815492+00:00", "archive": "/cmt2/lniu6305/H-Beryllene_20250718/9.0_topology/b-Beryllene_b/wcc_direct_v3/lowest_4/lines/line_20260923T135533_805887Z_3089613b"}
INFO:       Calculating line for N = 40
{"status": "validated", "nelect": 5, "vasp_nbands": 28, "wcc_count": 4, "gap": {"bands": 4, "minimum_direct_gap_ev": 1.0236370000000008, "minimum_direct_gap_kpoint": [0.4615385, 0.15, 1.276756e-15], "indirect_gap_ev": 0.4685429999999995, "sampled_kpoints": 39}, "overlap_norms": {"minimum_frobenius_norm_squared": 0.08809355154408999, "maximum_frobenius_norm_squared": 3.9994356374825877}, "recorded_utc": "2026-09-23T13:55:51.185975+00:00", "archive": "/cmt2/lniu6305/H-Beryllene_20250718/9.0_topology/b-Beryllene_b/wcc_direct_v3/lowest_4/lines/line_20260923T135551_175781Z_65a13f2c"}
INFO:       Calculating line for N = 44
{"status": "validated", "nelect": 5, "vasp_nbands": 28, "wcc_count": 4, "gap": {"bands": 4, "minimum_direct_gap_ev": 1.0304759999999993, "minimum_direct_gap_kpoint": [0.3953488, 0.15, 1.276756e-15], "indirect_gap_ev": 0.46206000000000014, "sampled_kpoints": 43}, "overlap_norms": {"minimum_frobenius_norm_squared": 0.08851858969742066, "maximum_frobenius_norm_squared": 3.999536290249319}, "recorded_utc": "2026-09-23T13:56:11.272680+00:00", "archive": "/cmt2/lniu6305/H-Beryllene_20250718/9.0_topology/b-Beryllene_b/wcc_direct_v3/lowest_4/lines/line_20260923T135611_262108Z_d859fe17"}
INFO:       Calculating line for N = 48
{"status": "validated", "nelect": 5, "vasp_nbands": 28, "wcc_count": 4, "gap": {"bands": 4, "minimum_direct_gap_ev": 1.0506589999999996, "minimum_direct_gap_kpoint": [0.3829787, 0.15, 1.276756e-15], "indirect_gap_ev": 0.46273300000000006, "sampled_kpoints": 47}, "overlap_norms": {"minimum_frobenius_norm_squared": 0.08887549366480428, "maximum_frobenius_norm_squared": 3.999612103642193}, "recorded_utc": "2026-09-23T13:56:34.833973+00:00", "archive": "/cmt2/lniu6305/H-Beryllene_20250718/9.0_topology/b-Beryllene_b/wcc_direct_v3/lowest_4/lines/line_20260923T135634_822803Z_a0f260ac"}
INFO: Adding line at t = 0.35000000000000003
INFO:       Calculating line for N = 12
INFO: Saving surface result to file /cmt2/lniu6305/H-Beryllene_20250718/9.0_topology/b-Beryllene_b/wcc_direct_v3/lowest_4/checkpoint.json (ASYNC)
{"status": "validated", "nelect": 5, "vasp_nbands": 28, "wcc_count": 4, "gap": {"bands": 4, "minimum_direct_gap_ev": 1.0839630000000007, "minimum_direct_gap_kpoint": [0.4545455, 0.175, 1.276756e-15], "indirect_gap_ev": 0.4737239999999998, "sampled_kpoints": 11}, "overlap_norms": {"minimum_frobenius_norm_squared": 0.07941471749515643, "maximum_frobenius_norm_squared": 3.9923436721189636}, "recorded_utc": "2026-09-23T13:56:41.357505+00:00", "archive": "/cmt2/lniu6305/H-Beryllene_20250718/9.0_topology/b-Beryllene_b/wcc_direct_v3/lowest_4/lines/line_20260923T135641_351894Z_c38eace5"}
INFO:       Calculating line for N = 16
{"status": "validated", "nelect": 5, "vasp_nbands": 28, "wcc_count": 4, "gap": {"bands": 4, "minimum_direct_gap_ev": 1.1739030000000001, "minimum_direct_gap_kpoint": [0.4, 0.175, 1.276756e-15], "indirect_gap_ev": 0.49605500000000013, "sampled_kpoints": 15}, "overlap_norms": {"minimum_frobenius_norm_squared": 0.08286696131393537, "maximum_frobenius_norm_squared": 3.9960138297081502}, "recorded_utc": "2026-09-23T13:56:50.911442+00:00", "archive": "/cmt2/lniu6305/H-Beryllene_20250718/9.0_topology/b-Beryllene_b/wcc_direct_v3/lowest_4/lines/line_20260923T135650_905046Z_89ea58a5"}
INFO:       Calculating line for N = 20
{"status": "validated", "nelect": 5, "vasp_nbands": 28, "wcc_count": 4, "gap": {"bands": 4, "minimum_direct_gap_ev": 1.101527, "minimum_direct_gap_kpoint": [0.3684211, 0.175, 1.276756e-15], "indirect_gap_ev": 0.48500799999999966, "sampled_kpoints": 19}, "overlap_norms": {"minimum_frobenius_norm_squared": 0.08506356186896503, "maximum_frobenius_norm_squared": 3.997519610816658}, "recorded_utc": "2026-09-23T13:57:01.266740+00:00", "archive": "/cmt2/lniu6305/H-Beryllene_20250718/9.0_topology/b-Beryllene_b/wcc_direct_v3/lowest_4/lines/line_20260923T135701_259690Z_2b83709f"}
INFO:       Calculating line for N = 24
{"status": "validated", "nelect": 5, "vasp_nbands": 28, "wcc_count": 4, "gap": {"bands": 4, "minimum_direct_gap_ev": 1.1014920000000004, "minimum_direct_gap_kpoint": [0.4347826, 0.175, 1.276756e-15], "indirect_gap_ev": 0.5397110000000005, "sampled_kpoints": 23}, "overlap_norms": {"minimum_frobenius_norm_squared": 0.08658410104384626, "maximum_frobenius_norm_squared": 3.9982987801202503}, "recorded_utc": "2026-09-23T13:57:14.657661+00:00", "archive": "/cmt2/lniu6305/H-Beryllene_20250718/9.0_topology/b-Beryllene_b/wcc_direct_v3/lowest_4/lines/line_20260923T135714_650000Z_f38087e8"}
INFO:       Calculating line for N = 28
{"status": "validated", "nelect": 5, "vasp_nbands": 28, "wcc_count": 4, "gap": {"bands": 4, "minimum_direct_gap_ev": 1.0562550000000002, "minimum_direct_gap_kpoint": [0.4444444, 0.175, 1.276756e-15], "indirect_gap_ev": 0.48556500000000025, "sampled_kpoints": 27}, "overlap_norms": {"minimum_frobenius_norm_squared": 0.08769910796745241, "maximum_frobenius_norm_squared": 3.998772962379346}, "recorded_utc": "2026-09-23T13:57:28.077580+00:00", "archive": "/cmt2/lniu6305/H-Beryllene_20250718/9.0_topology/b-Beryllene_b/wcc_direct_v3/lowest_4/lines/line_20260923T135728_068785Z_4429f537"}
INFO:       Calculating line for N = 32
{"status": "validated", "nelect": 5, "vasp_nbands": 28, "wcc_count": 4, "gap": {"bands": 4, "minimum_direct_gap_ev": 1.0661320000000005, "minimum_direct_gap_kpoint": [0.4516129, 0.175, 1.276756e-15], "indirect_gap_ev": 0.4936930000000004, "sampled_kpoints": 31}, "overlap_norms": {"minimum_frobenius_norm_squared": 0.08855176011574728, "maximum_frobenius_norm_squared": 3.999069008664742}, "recorded_utc": "2026-09-23T13:57:43.069212+00:00", "archive": "/cmt2/lniu6305/H-Beryllene_20250718/9.0_topology/b-Beryllene_b/wcc_direct_v3/lowest_4/lines/line_20260923T135743_060376Z_ed01e484"}
INFO:       Calculating line for N = 36
{"status": "validated", "nelect": 5, "vasp_nbands": 28, "wcc_count": 4, "gap": {"bands": 4, "minimum_direct_gap_ev": 1.0772709999999996, "minimum_direct_gap_kpoint": [0.3714286, 0.175, 1.276756e-15], "indirect_gap_ev": 0.475174, "sampled_kpoints": 35}, "overlap_norms": {"minimum_frobenius_norm_squared": 0.08922488935500189, "maximum_frobenius_norm_squared": 3.9992685719691154}, "recorded_utc": "2026-09-23T13:57:59.588096+00:00", "archive": "/cmt2/lniu6305/H-Beryllene_20250718/9.0_topology/b-Beryllene_b/wcc_direct_v3/lowest_4/lines/line_20260923T135759_578303Z_a65a333d"}
INFO:       Calculating line for N = 40
{"status": "validated", "nelect": 5, "vasp_nbands": 28, "wcc_count": 4, "gap": {"bands": 4, "minimum_direct_gap_ev": 1.06879, "minimum_direct_gap_kpoint": [0.3846154, 0.175, 1.276756e-15], "indirect_gap_ev": 0.47666699999999995, "sampled_kpoints": 39}, "overlap_norms": {"minimum_frobenius_norm_squared": 0.08976983419557709, "maximum_frobenius_norm_squared": 3.9994121699926914}, "recorded_utc": "2026-09-23T13:58:18.505337+00:00", "archive": "/cmt2/lniu6305/H-Beryllene_20250718/9.0_topology/b-Beryllene_b/wcc_direct_v3/lowest_4/lines/line_20260923T135818_495437Z_c5f108f7"}
INFO:       Calculating line for N = 44
{"status": "validated", "nelect": 5, "vasp_nbands": 28, "wcc_count": 4, "gap": {"bands": 4, "minimum_direct_gap_ev": 1.0630109999999995, "minimum_direct_gap_kpoint": [0.4418605, 0.175, 1.276756e-15], "indirect_gap_ev": 0.4801599999999997, "sampled_kpoints": 43}, "overlap_norms": {"minimum_frobenius_norm_squared": 0.09021990225617624, "maximum_frobenius_norm_squared": 3.999516255695303}, "recorded_utc": "2026-09-23T13:58:39.267085+00:00", "archive": "/cmt2/lniu6305/H-Beryllene_20250718/9.0_topology/b-Beryllene_b/wcc_direct_v3/lowest_4/lines/line_20260923T135839_256193Z_498a8194"}
INFO:       Calculating line for N = 48
{"status": "validated", "nelect": 5, "vasp_nbands": 28, "wcc_count": 4, "gap": {"bands": 4, "minimum_direct_gap_ev": 1.0545499999999999, "minimum_direct_gap_kpoint": [0.4468085, 0.175, 1.276756e-15], "indirect_gap_ev": 0.47578099999999957, "sampled_kpoints": 47}, "overlap_norms": {"minimum_frobenius_norm_squared": 0.09059794453010728, "maximum_frobenius_norm_squared": 3.9995949260736032}, "recorded_utc": "2026-09-23T13:59:01.255532+00:00", "archive": "/cmt2/lniu6305/H-Beryllene_20250718/9.0_topology/b-Beryllene_b/wcc_direct_v3/lowest_4/lines/line_20260923T135901_244326Z_bfb0a9c4"}
INFO: Adding line at t = 0.4
INFO:       Calculating line for N = 12
INFO: Saving surface result to file /cmt2/lniu6305/H-Beryllene_20250718/9.0_topology/b-Beryllene_b/wcc_direct_v3/lowest_4/checkpoint.json (ASYNC)
{"status": "validated", "nelect": 5, "vasp_nbands": 28, "wcc_count": 4, "gap": {"bands": 4, "minimum_direct_gap_ev": 1.0963630000000002, "minimum_direct_gap_kpoint": [0.3636364, 0.2, 1.276756e-15], "indirect_gap_ev": 0.5122610000000005, "sampled_kpoints": 11}, "overlap_norms": {"minimum_frobenius_norm_squared": 0.08095315141269192, "maximum_frobenius_norm_squared": 3.9920407399086475}, "recorded_utc": "2026-09-23T13:59:08.566010+00:00", "archive": "/cmt2/lniu6305/H-Beryllene_20250718/9.0_topology/b-Beryllene_b/wcc_direct_v3/lowest_4/lines/line_20260923T135908_560398Z_58587d46"}
INFO:       Calculating line for N = 16
{"status": "validated", "nelect": 5, "vasp_nbands": 28, "wcc_count": 4, "gap": {"bands": 4, "minimum_direct_gap_ev": 1.227487, "minimum_direct_gap_kpoint": [0.4, 0.2, 1.276756e-15], "indirect_gap_ev": 0.6111529999999998, "sampled_kpoints": 15}, "overlap_norms": {"minimum_frobenius_norm_squared": 0.08459798221435344, "maximum_frobenius_norm_squared": 3.9957989795057824}, "recorded_utc": "2026-09-23T13:59:17.449922+00:00", "archive": "/cmt2/lniu6305/H-Beryllene_20250718/9.0_topology/b-Beryllene_b/wcc_direct_v3/lowest_4/lines/line_20260923T135917_443424Z_1de45968"}
INFO:       Calculating line for N = 20
{"status": "validated", "nelect": 5, "vasp_nbands": 28, "wcc_count": 4, "gap": {"bands": 4, "minimum_direct_gap_ev": 1.0935939999999995, "minimum_direct_gap_kpoint": [0.3684211, 0.2, 1.276756e-15], "indirect_gap_ev": 0.5523439999999997, "sampled_kpoints": 19}, "overlap_norms": {"minimum_frobenius_norm_squared": 0.08692349684306666, "maximum_frobenius_norm_squared": 3.9973671509255015}, "recorded_utc": "2026-09-23T13:59:28.123115+00:00", "archive": "/cmt2/lniu6305/H-Beryllene_20250718/9.0_topology/b-Beryllene_b/wcc_direct_v3/lowest_4/lines/line_20260923T135928_116096Z_64156498"}
INFO:       Calculating line for N = 24
{"status": "validated", "nelect": 5, "vasp_nbands": 28, "wcc_count": 4, "gap": {"bands": 4, "minimum_direct_gap_ev": 1.093438, "minimum_direct_gap_kpoint": [0.4347826, 0.2, 1.276756e-15], "indirect_gap_ev": 0.5079580000000004, "sampled_kpoints": 23}, "overlap_norms": {"minimum_frobenius_norm_squared": 0.08853607091986863, "maximum_frobenius_norm_squared": 3.998212439123729}, "recorded_utc": "2026-09-23T13:59:40.434513+00:00", "archive": "/cmt2/lniu6305/H-Beryllene_20250718/9.0_topology/b-Beryllene_b/wcc_direct_v3/lowest_4/lines/line_20260923T135940_426573Z_45435aed"}
INFO:       Calculating line for N = 28
{"status": "validated", "nelect": 5, "vasp_nbands": 28, "wcc_count": 4, "gap": {"bands": 4, "minimum_direct_gap_ev": 1.0971739999999999, "minimum_direct_gap_kpoint": [0.3703704, 0.2, 1.276756e-15], "indirect_gap_ev": 0.5020529999999992, "sampled_kpoints": 27}, "overlap_norms": {"minimum_frobenius_norm_squared": 0.08972010297203986, "maximum_frobenius_norm_squared": 3.998703357541286}, "recorded_utc": "2026-09-23T13:59:54.245932+00:00", "archive": "/cmt2/lniu6305/H-Beryllene_20250718/9.0_topology/b-Beryllene_b/wcc_direct_v3/lowest_4/lines/line_20260923T135954_237740Z_038b25ab"}
INFO:       Calculating line for N = 32
{"status": "validated", "nelect": 5, "vasp_nbands": 28, "wcc_count": 4, "gap": {"bands": 4, "minimum_direct_gap_ev": 1.1460030000000003, "minimum_direct_gap_kpoint": [0.4193548, 0.2, 1.276756e-15], "indirect_gap_ev": 0.49804899999999996, "sampled_kpoints": 31}, "overlap_norms": {"minimum_frobenius_norm_squared": 0.09062636067483144, "maximum_frobenius_norm_squared": 3.9990149821397596}, "recorded_utc": "2026-09-23T14:00:09.359889+00:00", "archive": "/cmt2/lniu6305/H-Beryllene_20250718/9.0_topology/b-Beryllene_b/wcc_direct_v3/lowest_4/lines/line_20260923T140009_350686Z_ef57535e"}
INFO:       Calculating line for N = 36
{"status": "validated", "nelect": 5, "vasp_nbands": 28, "wcc_count": 4, "gap": {"bands": 4, "minimum_direct_gap_ev": 1.100098, "minimum_direct_gap_kpoint": [0.3714286, 0.2, 1.276756e-15], "indirect_gap_ev": 0.5259989999999997, "sampled_kpoints": 35}, "overlap_norms": {"minimum_frobenius_norm_squared": 0.09134229738059305, "maximum_frobenius_norm_squared": 3.9992290457842032}, "recorded_utc": "2026-09-23T14:00:25.778962+00:00", "archive": "/cmt2/lniu6305/H-Beryllene_20250718/9.0_topology/b-Beryllene_b/wcc_direct_v3/lowest_4/lines/line_20260923T140025_769618Z_a52c6ac8"}
INFO:       Calculating line for N = 40
{"status": "validated", "nelect": 5, "vasp_nbands": 28, "wcc_count": 4, "gap": {"bands": 4, "minimum_direct_gap_ev": 1.0952319999999993, "minimum_direct_gap_kpoint": [0.4358974, 0.2, 1.276756e-15], "indirect_gap_ev": 0.5057390000000002, "sampled_kpoints": 39}, "overlap_norms": {"minimum_frobenius_norm_squared": 0.09192216027476656, "maximum_frobenius_norm_squared": 3.9993781974284346}, "recorded_utc": "2026-09-23T14:00:44.760240+00:00", "archive": "/cmt2/lniu6305/H-Beryllene_20250718/9.0_topology/b-Beryllene_b/wcc_direct_v3/lowest_4/lines/line_20260923T140044_750336Z_078b7475"}
INFO:       Calculating line for N = 44
{"status": "validated", "nelect": 5, "vasp_nbands": 28, "wcc_count": 4, "gap": {"bands": 4, "minimum_direct_gap_ev": 1.102258, "minimum_direct_gap_kpoint": [0.372093, 0.2, 1.276756e-15], "indirect_gap_ev": 0.502319, "sampled_kpoints": 43}, "overlap_norms": {"minimum_frobenius_norm_squared": 0.0924014428360676, "maximum_frobenius_norm_squared": 3.999489087046511}, "recorded_utc": "2026-09-23T14:01:05.444338+00:00", "archive": "/cmt2/lniu6305/H-Beryllene_20250718/9.0_topology/b-Beryllene_b/wcc_direct_v3/lowest_4/lines/line_20260923T140105_433365Z_716f2a67"}
INFO: Adding line at t = 0.45
INFO:       Calculating line for N = 12
INFO: Saving surface result to file /cmt2/lniu6305/H-Beryllene_20250718/9.0_topology/b-Beryllene_b/wcc_direct_v3/lowest_4/checkpoint.json (ASYNC)
{"status": "validated", "nelect": 5, "vasp_nbands": 28, "wcc_count": 4, "gap": {"bands": 4, "minimum_direct_gap_ev": 1.1504029999999998, "minimum_direct_gap_kpoint": [0.3636364, 0.225, 1.276756e-15], "indirect_gap_ev": 0.6280760000000001, "sampled_kpoints": 11}, "overlap_norms": {"minimum_frobenius_norm_squared": 0.08296822070577053, "maximum_frobenius_norm_squared": 3.991554308093726}, "recorded_utc": "2026-09-23T14:01:12.761753+00:00", "archive": "/cmt2/lniu6305/H-Beryllene_20250718/9.0_topology/b-Beryllene_b/wcc_direct_v3/lowest_4/lines/line_20260923T140112_756099Z_6e37c4eb"}
INFO:       Calculating line for N = 16
{"status": "validated", "nelect": 5, "vasp_nbands": 28, "wcc_count": 4, "gap": {"bands": 4, "minimum_direct_gap_ev": 1.2004700000000001, "minimum_direct_gap_kpoint": [0.4, 0.225, 1.276756e-15], "indirect_gap_ev": 0.5542020000000001, "sampled_kpoints": 15}, "overlap_norms": {"minimum_frobenius_norm_squared": 0.08684277434262189, "maximum_frobenius_norm_squared": 3.9954860644568946}, "recorded_utc": "2026-09-23T14:01:21.768627+00:00", "archive": "/cmt2/lniu6305/H-Beryllene_20250718/9.0_topology/b-Beryllene_b/wcc_direct_v3/lowest_4/lines/line_20260923T140121_762285Z_4a3a4633"}
INFO:       Calculating line for N = 20
{"status": "validated", "nelect": 5, "vasp_nbands": 28, "wcc_count": 4, "gap": {"bands": 4, "minimum_direct_gap_ev": 1.1355339999999998, "minimum_direct_gap_kpoint": [0.4210526, 0.225, 1.276756e-15], "indirect_gap_ev": 0.559698, "sampled_kpoints": 19}, "overlap_norms": {"minimum_frobenius_norm_squared": 0.08932170364764652, "maximum_frobenius_norm_squared": 3.997180033335762}, "recorded_utc": "2026-09-23T14:01:32.496142+00:00", "archive": "/cmt2/lniu6305/H-Beryllene_20250718/9.0_topology/b-Beryllene_b/wcc_direct_v3/lowest_4/lines/line_20260923T140132_488915Z_c2b3af21"}
INFO:       Calculating line for N = 24
{"status": "validated", "nelect": 5, "vasp_nbands": 28, "wcc_count": 4, "gap": {"bands": 4, "minimum_direct_gap_ev": 1.156759, "minimum_direct_gap_kpoint": [0.3478261, 0.225, 1.276756e-15], "indirect_gap_ev": 0.5365669999999998, "sampled_kpoints": 23}, "overlap_norms": {"minimum_frobenius_norm_squared": 0.09104390332110118, "maximum_frobenius_norm_squared": 3.9980845855177343}, "recorded_utc": "2026-09-23T14:01:44.829779+00:00", "archive": "/cmt2/lniu6305/H-Beryllene_20250718/9.0_topology/b-Beryllene_b/wcc_direct_v3/lowest_4/lines/line_20260923T140144_822381Z_362aad8a"}
INFO:       Calculating line for N = 28
{"status": "validated", "nelect": 5, "vasp_nbands": 28, "wcc_count": 4, "gap": {"bands": 4, "minimum_direct_gap_ev": 1.1668149999999997, "minimum_direct_gap_kpoint": [0.4074074, 0.225, 1.276756e-15], "indirect_gap_ev": 0.5419620000000007, "sampled_kpoints": 27}, "overlap_norms": {"minimum_frobenius_norm_squared": 0.09230996044131916, "maximum_frobenius_norm_squared": 3.9986052325289285}, "recorded_utc": "2026-09-23T14:01:58.908165+00:00", "archive": "/cmt2/lniu6305/H-Beryllene_20250718/9.0_topology/b-Beryllene_b/wcc_direct_v3/lowest_4/lines/line_20260923T140158_899928Z_3102b9cb"}
INFO:       Calculating line for N = 32
{"status": "validated", "nelect": 5, "vasp_nbands": 28, "wcc_count": 4, "gap": {"bands": 4, "minimum_direct_gap_ev": 1.1344779999999997, "minimum_direct_gap_kpoint": [0.4193548, 0.225, 1.276756e-15], "indirect_gap_ev": 0.569458, "sampled_kpoints": 31}, "overlap_norms": {"minimum_frobenius_norm_squared": 0.09327986874374063, "maximum_frobenius_norm_squared": 3.9989459797094624}, "recorded_utc": "2026-09-23T14:02:14.528823+00:00", "archive": "/cmt2/lniu6305/H-Beryllene_20250718/9.0_topology/b-Beryllene_b/wcc_direct_v3/lowest_4/lines/line_20260923T140214_519818Z_686b9bfa"}
INFO:       Calculating line for N = 36
{"status": "validated", "nelect": 5, "vasp_nbands": 28, "wcc_count": 4, "gap": {"bands": 4, "minimum_direct_gap_ev": 1.1655160000000002, "minimum_direct_gap_kpoint": [0.4285714, 0.225, 1.276756e-15], "indirect_gap_ev": 0.5274809999999999, "sampled_kpoints": 35}, "overlap_norms": {"minimum_frobenius_norm_squared": 0.09404662817565453, "maximum_frobenius_norm_squared": 3.999171529292754}, "recorded_utc": "2026-09-23T14:02:31.675534+00:00", "archive": "/cmt2/lniu6305/H-Beryllene_20250718/9.0_topology/b-Beryllene_b/wcc_direct_v3/lowest_4/lines/line_20260923T140231_666068Z_4f653581"}
INFO:       Calculating line for N = 40
{"status": "validated", "nelect": 5, "vasp_nbands": 28, "wcc_count": 4, "gap": {"bands": 4, "minimum_direct_gap_ev": 1.1374139999999997, "minimum_direct_gap_kpoint": [0.3589744, 0.225, 1.276756e-15], "indirect_gap_ev": 0.5311810000000001, "sampled_kpoints": 39}, "overlap_norms": {"minimum_frobenius_norm_squared": 0.09466798615147658, "maximum_frobenius_norm_squared": 3.999334026823863}, "recorded_utc": "2026-09-23T14:02:50.320164+00:00", "archive": "/cmt2/lniu6305/H-Beryllene_20250718/9.0_topology/b-Beryllene_b/wcc_direct_v3/lowest_4/lines/line_20260923T140250_310416Z_5ee86185"}
INFO:       Calculating line for N = 44
{"status": "validated", "nelect": 5, "vasp_nbands": 28, "wcc_count": 4, "gap": {"bands": 4, "minimum_direct_gap_ev": 1.1345939999999999, "minimum_direct_gap_kpoint": [0.4186047, 0.225, 1.276756e-15], "indirect_gap_ev": 0.538468, "sampled_kpoints": 43}, "overlap_norms": {"minimum_frobenius_norm_squared": 0.09518173396977156, "maximum_frobenius_norm_squared": 3.999451816862588}, "recorded_utc": "2026-09-23T14:03:12.829690+00:00", "archive": "/cmt2/lniu6305/H-Beryllene_20250718/9.0_topology/b-Beryllene_b/wcc_direct_v3/lowest_4/lines/line_20260923T140312_819043Z_5ea016c0"}
INFO: Adding line at t = 0.5
INFO:       Calculating line for N = 12
INFO: Saving surface result to file /cmt2/lniu6305/H-Beryllene_20250718/9.0_topology/b-Beryllene_b/wcc_direct_v3/lowest_4/checkpoint.json (ASYNC)
{"status": "validated", "nelect": 5, "vasp_nbands": 28, "wcc_count": 4, "gap": {"bands": 4, "minimum_direct_gap_ev": 1.2146379999999999, "minimum_direct_gap_kpoint": [0.3636364, 0.25, 1.276756e-15], "indirect_gap_ev": 0.7074359999999995, "sampled_kpoints": 11}, "overlap_norms": {"minimum_frobenius_norm_squared": 0.08557725904066411, "maximum_frobenius_norm_squared": 3.9908303415327766}, "recorded_utc": "2026-09-23T14:03:19.178148+00:00", "archive": "/cmt2/lniu6305/H-Beryllene_20250718/9.0_topology/b-Beryllene_b/wcc_direct_v3/lowest_4/lines/line_20260923T140319_172739Z_ab20586f"}
INFO:       Calculating line for N = 16
{"status": "validated", "nelect": 5, "vasp_nbands": 28, "wcc_count": 4, "gap": {"bands": 4, "minimum_direct_gap_ev": 1.180205, "minimum_direct_gap_kpoint": [0.4, 0.25, 1.276756e-15], "indirect_gap_ev": 0.5664370000000005, "sampled_kpoints": 15}, "overlap_norms": {"minimum_frobenius_norm_squared": 0.08973216465852252, "maximum_frobenius_norm_squared": 3.9950417456231415}, "recorded_utc": "2026-09-23T14:03:27.971113+00:00", "archive": "/cmt2/lniu6305/H-Beryllene_20250718/9.0_topology/b-Beryllene_b/wcc_direct_v3/lowest_4/lines/line_20260923T140327_964807Z_8de0ea1a"}
INFO:       Calculating line for N = 20
{"status": "validated", "nelect": 5, "vasp_nbands": 28, "wcc_count": 4, "gap": {"bands": 4, "minimum_direct_gap_ev": 1.2252049999999999, "minimum_direct_gap_kpoint": [0.3684211, 0.25, 1.276756e-15], "indirect_gap_ev": 0.5760909999999999, "sampled_kpoints": 19}, "overlap_norms": {"minimum_frobenius_norm_squared": 0.09239791046290897, "maximum_frobenius_norm_squared": 3.996933056634663}, "recorded_utc": "2026-09-23T14:03:38.124185+00:00", "archive": "/cmt2/lniu6305/H-Beryllene_20250718/9.0_topology/b-Beryllene_b/wcc_direct_v3/lowest_4/lines/line_20260923T140338_117481Z_3a0f7c27"}
INFO:       Calculating line for N = 24
{"status": "validated", "nelect": 5, "vasp_nbands": 28, "wcc_count": 4, "gap": {"bands": 4, "minimum_direct_gap_ev": 1.1779659999999996, "minimum_direct_gap_kpoint": [0.3478261, 0.25, 1.276756e-15], "indirect_gap_ev": 0.6059599999999996, "sampled_kpoints": 23}, "overlap_norms": {"minimum_frobenius_norm_squared": 0.0942532141993303, "maximum_frobenius_norm_squared": 3.997901608530571}, "recorded_utc": "2026-09-23T14:03:51.105433+00:00", "archive": "/cmt2/lniu6305/H-Beryllene_20250718/9.0_topology/b-Beryllene_b/wcc_direct_v3/lowest_4/lines/line_20260923T140351_097753Z_350e4af1"}
INFO:       Calculating line for N = 28
{"status": "validated", "nelect": 5, "vasp_nbands": 28, "wcc_count": 4, "gap": {"bands": 4, "minimum_direct_gap_ev": 1.1810780000000003, "minimum_direct_gap_kpoint": [0.4074074, 0.25, 1.276756e-15], "indirect_gap_ev": 0.5698730000000003, "sampled_kpoints": 27}, "overlap_norms": {"minimum_frobenius_norm_squared": 0.09561888863144637, "maximum_frobenius_norm_squared": 3.998482050663381}, "recorded_utc": "2026-09-23T14:04:05.557056+00:00", "archive": "/cmt2/lniu6305/H-Beryllene_20250718/9.0_topology/b-Beryllene_b/wcc_direct_v3/lowest_4/lines/line_20260923T140405_548977Z_661e382b"}
INFO:       Calculating line for N = 32
{"status": "validated", "nelect": 5, "vasp_nbands": 28, "wcc_count": 4, "gap": {"bands": 4, "minimum_direct_gap_ev": 1.1901200000000003, "minimum_direct_gap_kpoint": [0.3548387, 0.25, 1.276756e-15], "indirect_gap_ev": 0.5645150000000001, "sampled_kpoints": 31}, "overlap_norms": {"minimum_frobenius_norm_squared": 0.09666604318790922, "maximum_frobenius_norm_squared": 3.9988467827979037}, "recorded_utc": "2026-09-23T14:04:20.313519+00:00", "archive": "/cmt2/lniu6305/H-Beryllene_20250718/9.0_topology/b-Beryllene_b/wcc_direct_v3/lowest_4/lines/line_20260923T140420_304973Z_d3f9797a"}
INFO:       Calculating line for N = 36
{"status": "validated", "nelect": 5, "vasp_nbands": 28, "wcc_count": 4, "gap": {"bands": 4, "minimum_direct_gap_ev": 1.180205, "minimum_direct_gap_kpoint": [0.4, 0.25, 1.276756e-15], "indirect_gap_ev": 0.5865999999999998, "sampled_kpoints": 35}, "overlap_norms": {"minimum_frobenius_norm_squared": 0.09749451728030721, "maximum_frobenius_norm_squared": 3.9990968364893114}, "recorded_utc": "2026-09-23T14:04:37.158576+00:00", "archive": "/cmt2/lniu6305/H-Beryllene_20250718/9.0_topology/b-Beryllene_b/wcc_direct_v3/lowest_4/lines/line_20260923T140437_148912Z_ebcaa8bc"}
INFO:       Calculating line for N = 40
{"status": "validated", "nelect": 5, "vasp_nbands": 28, "wcc_count": 4, "gap": {"bands": 4, "minimum_direct_gap_ev": 1.1891100000000003, "minimum_direct_gap_kpoint": [0.4102564, 0.25, 1.276756e-15], "indirect_gap_ev": 0.5647730000000006, "sampled_kpoints": 39}, "overlap_norms": {"minimum_frobenius_norm_squared": 0.0981662971912727, "maximum_frobenius_norm_squared": 3.999271910993667}, "recorded_utc": "2026-09-23T14:04:56.126128+00:00", "archive": "/cmt2/lniu6305/H-Beryllene_20250718/9.0_topology/b-Beryllene_b/wcc_direct_v3/lowest_4/lines/line_20260923T140456_115668Z_93bcbb5a"}
INFO:       Calculating line for N = 44
{"status": "validated", "nelect": 5, "vasp_nbands": 28, "wcc_count": 4, "gap": {"bands": 4, "minimum_direct_gap_ev": 1.1787790000000005, "minimum_direct_gap_kpoint": [0.3488372, 0.25, 1.276756e-15], "indirect_gap_ev": 0.5660180000000006, "sampled_kpoints": 43}, "overlap_norms": {"minimum_frobenius_norm_squared": 0.09872201123886182, "maximum_frobenius_norm_squared": 3.9994016919292905}, "recorded_utc": "2026-09-23T14:05:16.897394+00:00", "archive": "/cmt2/lniu6305/H-Beryllene_20250718/9.0_topology/b-Beryllene_b/wcc_direct_v3/lowest_4/lines/line_20260923T140516_886521Z_5ebc2240"}
INFO: Adding line at t = 0.55
INFO:       Calculating line for N = 12
INFO: Saving surface result to file /cmt2/lniu6305/H-Beryllene_20250718/9.0_topology/b-Beryllene_b/wcc_direct_v3/lowest_4/checkpoint.json (ASYNC)
{"status": "validated", "nelect": 5, "vasp_nbands": 28, "wcc_count": 4, "gap": {"bands": 4, "minimum_direct_gap_ev": 1.2292490000000003, "minimum_direct_gap_kpoint": [0.3636364, 0.275, 1.276756e-15], "indirect_gap_ev": 0.7267700000000001, "sampled_kpoints": 11}, "overlap_norms": {"minimum_frobenius_norm_squared": 0.08893542509331548, "maximum_frobenius_norm_squared": 3.9897847741324566}, "recorded_utc": "2026-09-23T14:05:24.393876+00:00", "archive": "/cmt2/lniu6305/H-Beryllene_20250718/9.0_topology/b-Beryllene_b/wcc_direct_v3/lowest_4/lines/line_20260923T140524_388213Z_cce5057f"}
INFO:       Calculating line for N = 16
{"status": "validated", "nelect": 5, "vasp_nbands": 28, "wcc_count": 4, "gap": {"bands": 4, "minimum_direct_gap_ev": 1.2225770000000002, "minimum_direct_gap_kpoint": [0.3333333, 0.275, 1.276756e-15], "indirect_gap_ev": 0.6065769999999997, "sampled_kpoints": 15}, "overlap_norms": {"minimum_frobenius_norm_squared": 0.09344012094906397, "maximum_frobenius_norm_squared": 3.9944511364910893}, "recorded_utc": "2026-09-23T14:05:33.600940+00:00", "archive": "/cmt2/lniu6305/H-Beryllene_20250718/9.0_topology/b-Beryllene_b/wcc_direct_v3/lowest_4/lines/line_20260923T140533_594501Z_a1d3507e"}
INFO:       Calculating line for N = 20
{"status": "validated", "nelect": 5, "vasp_nbands": 28, "wcc_count": 4, "gap": {"bands": 4, "minimum_direct_gap_ev": 1.227112, "minimum_direct_gap_kpoint": [0.3684211, 0.275, 1.276756e-15], "indirect_gap_ev": 0.6284450000000001, "sampled_kpoints": 19}, "overlap_norms": {"minimum_frobenius_norm_squared": 0.09633862544247747, "maximum_frobenius_norm_squared": 3.99657804556949}, "recorded_utc": "2026-09-23T14:05:44.123041+00:00", "archive": "/cmt2/lniu6305/H-Beryllene_20250718/9.0_topology/b-Beryllene_b/wcc_direct_v3/lowest_4/lines/line_20260923T140544_116383Z_135450c0"}
INFO:       Calculating line for N = 24
{"status": "validated", "nelect": 5, "vasp_nbands": 28, "wcc_count": 4, "gap": {"bands": 4, "minimum_direct_gap_ev": 1.2185200000000003, "minimum_direct_gap_kpoint": [0.3478261, 0.275, 1.276756e-15], "indirect_gap_ev": 0.6179800000000002, "sampled_kpoints": 23}, "overlap_norms": {"minimum_frobenius_norm_squared": 0.09835956527624029, "maximum_frobenius_norm_squared": 3.9976598066651534}, "recorded_utc": "2026-09-23T14:05:56.632602+00:00", "archive": "/cmt2/lniu6305/H-Beryllene_20250718/9.0_topology/b-Beryllene_b/wcc_direct_v3/lowest_4/lines/line_20260923T140556_625034Z_292ee446"}
INFO:       Calculating line for N = 28
{"status": "validated", "nelect": 5, "vasp_nbands": 28, "wcc_count": 4, "gap": {"bands": 4, "minimum_direct_gap_ev": 1.2225770000000002, "minimum_direct_gap_kpoint": [0.3333333, 0.275, 1.276756e-15], "indirect_gap_ev": 0.6157430000000002, "sampled_kpoints": 27}, "overlap_norms": {"minimum_frobenius_norm_squared": 0.09984913039537767, "maximum_frobenius_norm_squared": 3.9983052726566015}, "recorded_utc": "2026-09-23T14:06:10.482562+00:00", "archive": "/cmt2/lniu6305/H-Beryllene_20250718/9.0_topology/b-Beryllene_b/wcc_direct_v3/lowest_4/lines/line_20260923T140610_474433Z_f483d43a"}
INFO:       Calculating line for N = 32
{"status": "validated", "nelect": 5, "vasp_nbands": 28, "wcc_count": 4, "gap": {"bands": 4, "minimum_direct_gap_ev": 1.2151400000000003, "minimum_direct_gap_kpoint": [0.3870968, 0.275, 1.276756e-15], "indirect_gap_ev": 0.6085160000000007, "sampled_kpoints": 31}, "overlap_norms": {"minimum_frobenius_norm_squared": 0.1009923935875613, "maximum_frobenius_norm_squared": 3.9987145204198145}, "recorded_utc": "2026-09-23T14:06:26.367028+00:00", "archive": "/cmt2/lniu6305/H-Beryllene_20250718/9.0_topology/b-Beryllene_b/wcc_direct_v3/lowest_4/lines/line_20260923T140626_358138Z_0cff6b88"}
INFO:       Calculating line for N = 36
{"status": "validated", "nelect": 5, "vasp_nbands": 28, "wcc_count": 4, "gap": {"bands": 4, "minimum_direct_gap_ev": 1.2146410000000003, "minimum_direct_gap_kpoint": [0.3428571, 0.275, 1.276756e-15], "indirect_gap_ev": 0.6069019999999998, "sampled_kpoints": 35}, "overlap_norms": {"minimum_frobenius_norm_squared": 0.10189753649327743, "maximum_frobenius_norm_squared": 3.9989913363477956}, "recorded_utc": "2026-09-23T14:06:43.507935+00:00", "archive": "/cmt2/lniu6305/H-Beryllene_20250718/9.0_topology/b-Beryllene_b/wcc_direct_v3/lowest_4/lines/line_20260923T140643_498443Z_f7dc150f"}
INFO:       Calculating line for N = 40
{"status": "validated", "nelect": 5, "vasp_nbands": 28, "wcc_count": 4, "gap": {"bands": 4, "minimum_direct_gap_ev": 1.2141239999999995, "minimum_direct_gap_kpoint": [0.3846154, 0.275, 1.276756e-15], "indirect_gap_ev": 0.6182420000000004, "sampled_kpoints": 39}, "overlap_norms": {"minimum_frobenius_norm_squared": 0.10263189994183075, "maximum_frobenius_norm_squared": 3.999188318137902}, "recorded_utc": "2026-09-23T14:07:01.994777+00:00", "archive": "/cmt2/lniu6305/H-Beryllene_20250718/9.0_topology/b-Beryllene_b/wcc_direct_v3/lowest_4/lines/line_20260923T140701_984245Z_9d0adec4"}
INFO:       Calculating line for N = 44
{"status": "validated", "nelect": 5, "vasp_nbands": 28, "wcc_count": 4, "gap": {"bands": 4, "minimum_direct_gap_ev": 1.219566, "minimum_direct_gap_kpoint": [0.3488372, 0.275, 1.276756e-15], "indirect_gap_ev": 0.6064419999999995, "sampled_kpoints": 43}, "overlap_norms": {"minimum_frobenius_norm_squared": 0.10323971784590419, "maximum_frobenius_norm_squared": 3.999331661664696}, "recorded_utc": "2026-09-23T14:07:24.538196+00:00", "archive": "/cmt2/lniu6305/H-Beryllene_20250718/9.0_topology/b-Beryllene_b/wcc_direct_v3/lowest_4/lines/line_20260923T140724_527521Z_140e44bc"}
INFO: Adding line at t = 0.6000000000000001
INFO:       Calculating line for N = 12
INFO: Saving surface result to file /cmt2/lniu6305/H-Beryllene_20250718/9.0_topology/b-Beryllene_b/wcc_direct_v3/lowest_4/checkpoint.json (ASYNC)
{"status": "validated", "nelect": 5, "vasp_nbands": 28, "wcc_count": 4, "gap": {"bands": 4, "minimum_direct_gap_ev": 1.2275010000000002, "minimum_direct_gap_kpoint": [0.3636364, 0.3, 1.276756e-15], "indirect_gap_ev": 0.6770610000000001, "sampled_kpoints": 11}, "overlap_norms": {"minimum_frobenius_norm_squared": 0.09324152564455637, "maximum_frobenius_norm_squared": 3.9882824844151257}, "recorded_utc": "2026-09-23T14:07:31.087313+00:00", "archive": "/cmt2/lniu6305/H-Beryllene_20250718/9.0_topology/b-Beryllene_b/wcc_direct_v3/lowest_4/lines/line_20260923T140731_081493Z_d82b404a"}
INFO:       Calculating line for N = 16
{"status": "validated", "nelect": 5, "vasp_nbands": 28, "wcc_count": 4, "gap": {"bands": 4, "minimum_direct_gap_ev": 1.2314580000000004, "minimum_direct_gap_kpoint": [0.3333333, 0.3, 1.276756e-15], "indirect_gap_ev": 0.6551730000000004, "sampled_kpoints": 15}, "overlap_norms": {"minimum_frobenius_norm_squared": 0.098192359022726, "maximum_frobenius_norm_squared": 3.993695542969933}, "recorded_utc": "2026-09-23T14:07:40.439337+00:00", "archive": "/cmt2/lniu6305/H-Beryllene_20250718/9.0_topology/b-Beryllene_b/wcc_direct_v3/lowest_4/lines/line_20260923T140740_432786Z_00e17893"}
INFO:       Calculating line for N = 20
{"status": "validated", "nelect": 5, "vasp_nbands": 28, "wcc_count": 4, "gap": {"bands": 4, "minimum_direct_gap_ev": 1.2343919999999997, "minimum_direct_gap_kpoint": [0.3684211, 0.3, 1.276756e-15], "indirect_gap_ev": 0.6482899999999994, "sampled_kpoints": 19}, "overlap_norms": {"minimum_frobenius_norm_squared": 0.10138699272776343, "maximum_frobenius_norm_squared": 3.996068776797108}, "recorded_utc": "2026-09-23T14:07:50.861426+00:00", "archive": "/cmt2/lniu6305/H-Beryllene_20250718/9.0_topology/b-Beryllene_b/wcc_direct_v3/lowest_4/lines/line_20260923T140750_854411Z_ef6b3a9c"}
INFO:       Calculating line for N = 24
{"status": "validated", "nelect": 5, "vasp_nbands": 28, "wcc_count": 4, "gap": {"bands": 4, "minimum_direct_gap_ev": 1.222419, "minimum_direct_gap_kpoint": [0.3478261, 0.3, 1.276756e-15], "indirect_gap_ev": 0.6652820000000004, "sampled_kpoints": 23}, "overlap_norms": {"minimum_frobenius_norm_squared": 0.10361871957156928, "maximum_frobenius_norm_squared": 3.9973294542803712}, "recorded_utc": "2026-09-23T14:08:04.858301+00:00", "archive": "/cmt2/lniu6305/H-Beryllene_20250718/9.0_topology/b-Beryllene_b/wcc_direct_v3/lowest_4/lines/line_20260923T140804_850585Z_837b58d8"}
INFO:       Calculating line for N = 28
{"status": "validated", "nelect": 5, "vasp_nbands": 28, "wcc_count": 4, "gap": {"bands": 4, "minimum_direct_gap_ev": 1.2314580000000004, "minimum_direct_gap_kpoint": [0.3333333, 0.3, 1.276756e-15], "indirect_gap_ev": 0.6456729999999995, "sampled_kpoints": 27}, "overlap_norms": {"minimum_frobenius_norm_squared": 0.10526560726412237, "maximum_frobenius_norm_squared": 3.998055320652073}, "recorded_utc": "2026-09-23T14:08:18.155254+00:00", "archive": "/cmt2/lniu6305/H-Beryllene_20250718/9.0_topology/b-Beryllene_b/wcc_direct_v3/lowest_4/lines/line_20260923T140818_146952Z_776c2afa"}
INFO:       Calculating line for N = 32
{"status": "validated", "nelect": 5, "vasp_nbands": 28, "wcc_count": 4, "gap": {"bands": 4, "minimum_direct_gap_ev": 1.2227739999999998, "minimum_direct_gap_kpoint": [0.3548387, 0.3, 1.276756e-15], "indirect_gap_ev": 0.648142, "sampled_kpoints": 31}, "overlap_norms": {"minimum_frobenius_norm_squared": 0.1065309098185162, "maximum_frobenius_norm_squared": 3.9985298356481804}, "recorded_utc": "2026-09-23T14:08:33.237164+00:00", "archive": "/cmt2/lniu6305/H-Beryllene_20250718/9.0_topology/b-Beryllene_b/wcc_direct_v3/lowest_4/lines/line_20260923T140833_228023Z_aa8cf700"}
INFO:       Calculating line for N = 36
{"status": "validated", "nelect": 5, "vasp_nbands": 28, "wcc_count": 4, "gap": {"bands": 4, "minimum_direct_gap_ev": 1.223411, "minimum_direct_gap_kpoint": [0.3428571, 0.3, 1.276756e-15], "indirect_gap_ev": 0.6465050000000003, "sampled_kpoints": 35}, "overlap_norms": {"minimum_frobenius_norm_squared": 0.10753346924262423, "maximum_frobenius_norm_squared": 3.998846298229813}, "recorded_utc": "2026-09-23T14:08:50.594516+00:00", "archive": "/cmt2/lniu6305/H-Beryllene_20250718/9.0_topology/b-Beryllene_b/wcc_direct_v3/lowest_4/lines/line_20260923T140850_585029Z_f4437c15"}
INFO:       Calculating line for N = 40
{"status": "validated", "nelect": 5, "vasp_nbands": 28, "wcc_count": 4, "gap": {"bands": 4, "minimum_direct_gap_ev": 1.2241210000000002, "minimum_direct_gap_kpoint": [0.3589744, 0.3, 1.276756e-15], "indirect_gap_ev": 0.6480760000000005, "sampled_kpoints": 39}, "overlap_norms": {"minimum_frobenius_norm_squared": 0.1083473750901976, "maximum_frobenius_norm_squared": 3.999070479894217}, "recorded_utc": "2026-09-23T14:09:09.351399+00:00", "archive": "/cmt2/lniu6305/H-Beryllene_20250718/9.0_topology/b-Beryllene_b/wcc_direct_v3/lowest_4/lines/line_20260923T140909_341425Z_0cda0e2a"}
INFO:       Calculating line for N = 44
{"status": "validated", "nelect": 5, "vasp_nbands": 28, "wcc_count": 4, "gap": {"bands": 4, "minimum_direct_gap_ev": 1.222356, "minimum_direct_gap_kpoint": [0.3488372, 0.3, 1.276756e-15], "indirect_gap_ev": 0.647392, "sampled_kpoints": 43}, "overlap_norms": {"minimum_frobenius_norm_squared": 0.10902122615815497, "maximum_frobenius_norm_squared": 3.999236201858153}, "recorded_utc": "2026-09-23T14:09:29.853331+00:00", "archive": "/cmt2/lniu6305/H-Beryllene_20250718/9.0_topology/b-Beryllene_b/wcc_direct_v3/lowest_4/lines/line_20260923T140929_842651Z_b9c85452"}
INFO: Adding line at t = 0.65
INFO:       Calculating line for N = 12
INFO: Saving surface result to file /cmt2/lniu6305/H-Beryllene_20250718/9.0_topology/b-Beryllene_b/wcc_direct_v3/lowest_4/checkpoint.json (ASYNC)
{"status": "validated", "nelect": 5, "vasp_nbands": 28, "wcc_count": 4, "gap": {"bands": 4, "minimum_direct_gap_ev": 1.30214, "minimum_direct_gap_kpoint": [0.3636364, 0.325, 1.276756e-15], "indirect_gap_ev": 0.69902, "sampled_kpoints": 11}, "overlap_norms": {"minimum_frobenius_norm_squared": 0.09874121978453093, "maximum_frobenius_norm_squared": 3.986099029898547}, "recorded_utc": "2026-09-23T14:09:37.827539+00:00", "archive": "/cmt2/lniu6305/H-Beryllene_20250718/9.0_topology/b-Beryllene_b/wcc_direct_v3/lowest_4/lines/line_20260923T140937_821708Z_abe659ce"}
INFO:       Calculating line for N = 16
{"status": "validated", "nelect": 5, "vasp_nbands": 28, "wcc_count": 4, "gap": {"bands": 4, "minimum_direct_gap_ev": 1.2062970000000002, "minimum_direct_gap_kpoint": [0.3333333, 0.325, 1.276756e-15], "indirect_gap_ev": 0.67862, "sampled_kpoints": 15}, "overlap_norms": {"minimum_frobenius_norm_squared": 0.104270865944682, "maximum_frobenius_norm_squared": 3.992602172556759}, "recorded_utc": "2026-09-23T14:09:47.945437+00:00", "archive": "/cmt2/lniu6305/H-Beryllene_20250718/9.0_topology/b-Beryllene_b/wcc_direct_v3/lowest_4/lines/line_20260923T140947_938887Z_92276181"}
INFO:       Calculating line for N = 20
{"status": "validated", "nelect": 5, "vasp_nbands": 28, "wcc_count": 4, "gap": {"bands": 4, "minimum_direct_gap_ev": 1.269978, "minimum_direct_gap_kpoint": [0.3157895, 0.325, 1.276756e-15], "indirect_gap_ev": 0.6784010000000005, "sampled_kpoints": 19}, "overlap_norms": {"minimum_frobenius_norm_squared": 0.10784903006774438, "maximum_frobenius_norm_squared": 3.9953605884212355}, "recorded_utc": "2026-09-23T14:09:57.693209+00:00", "archive": "/cmt2/lniu6305/H-Beryllene_20250718/9.0_topology/b-Beryllene_b/wcc_direct_v3/lowest_4/lines/line_20260923T140957_686040Z_b8fa6957"}
INFO:       Calculating line for N = 24
{"status": "validated", "nelect": 5, "vasp_nbands": 28, "wcc_count": 4, "gap": {"bands": 4, "minimum_direct_gap_ev": 1.217889, "minimum_direct_gap_kpoint": [0.3478261, 0.325, 1.276756e-15], "indirect_gap_ev": 0.6635089999999999, "sampled_kpoints": 23}, "overlap_norms": {"minimum_frobenius_norm_squared": 0.11035305109518483, "maximum_frobenius_norm_squared": 3.9968511997383676}, "recorded_utc": "2026-09-23T14:10:09.654800+00:00", "archive": "/cmt2/lniu6305/H-Beryllene_20250718/9.0_topology/b-Beryllene_b/wcc_direct_v3/lowest_4/lines/line_20260923T141009_647143Z_57c8a8fb"}
INFO:       Calculating line for N = 28
{"status": "validated", "nelect": 5, "vasp_nbands": 28, "wcc_count": 4, "gap": {"bands": 4, "minimum_direct_gap_ev": 1.2062970000000002, "minimum_direct_gap_kpoint": [0.3333333, 0.325, 1.276756e-15], "indirect_gap_ev": 0.661727, "sampled_kpoints": 27}, "overlap_norms": {"minimum_frobenius_norm_squared": 0.11220337025216595, "maximum_frobenius_norm_squared": 3.9977182593637752}, "recorded_utc": "2026-09-23T14:10:23.236240+00:00", "archive": "/cmt2/lniu6305/H-Beryllene_20250718/9.0_topology/b-Beryllene_b/wcc_direct_v3/lowest_4/lines/line_20260923T141023_228068Z_b60385ca"}
INFO:       Calculating line for N = 32
{"status": "validated", "nelect": 5, "vasp_nbands": 28, "wcc_count": 4, "gap": {"bands": 4, "minimum_direct_gap_ev": 1.233908, "minimum_direct_gap_kpoint": [0.3225806, 0.325, 1.276756e-15], "indirect_gap_ev": 0.6654749999999998, "sampled_kpoints": 31}, "overlap_norms": {"minimum_frobenius_norm_squared": 0.11362599872962008, "maximum_frobenius_norm_squared": 3.998264090127458}, "recorded_utc": "2026-09-23T14:10:40.894085+00:00", "archive": "/cmt2/lniu6305/H-Beryllene_20250718/9.0_topology/b-Beryllene_b/wcc_direct_v3/lowest_4/lines/line_20260923T141040_885413Z_fa1ece8b"}
INFO:       Calculating line for N = 36
{"status": "validated", "nelect": 5, "vasp_nbands": 28, "wcc_count": 4, "gap": {"bands": 4, "minimum_direct_gap_ev": 1.2076860000000003, "minimum_direct_gap_kpoint": [0.3428571, 0.325, 1.276756e-15], "indirect_gap_ev": 0.6588750000000001, "sampled_kpoints": 35}, "overlap_norms": {"minimum_frobenius_norm_squared": 0.11475396909254426, "maximum_frobenius_norm_squared": 3.998642061535107}, "recorded_utc": "2026-09-23T14:10:56.767134+00:00", "archive": "/cmt2/lniu6305/H-Beryllene_20250718/9.0_topology/b-Beryllene_b/wcc_direct_v3/lowest_4/lines/line_20260923T141056_757471Z_9020b854"}
INFO:       Calculating line for N = 40
{"status": "validated", "nelect": 5, "vasp_nbands": 28, "wcc_count": 4, "gap": {"bands": 4, "minimum_direct_gap_ev": 1.2062970000000002, "minimum_direct_gap_kpoint": [0.3333333, 0.325, 1.276756e-15], "indirect_gap_ev": 0.6582940000000002, "sampled_kpoints": 39}, "overlap_norms": {"minimum_frobenius_norm_squared": 0.11567035985635907, "maximum_frobenius_norm_squared": 3.9989065420999337}, "recorded_utc": "2026-09-23T14:11:15.464143+00:00", "archive": "/cmt2/lniu6305/H-Beryllene_20250718/9.0_topology/b-Beryllene_b/wcc_direct_v3/lowest_4/lines/line_20260923T141115_453011Z_ddc794c9"}
INFO:       Calculating line for N = 44
{"status": "validated", "nelect": 5, "vasp_nbands": 28, "wcc_count": 4, "gap": {"bands": 4, "minimum_direct_gap_ev": 1.2208170000000003, "minimum_direct_gap_kpoint": [0.3488372, 0.325, 1.276756e-15], "indirect_gap_ev": 0.6610330000000002, "sampled_kpoints": 43}, "overlap_norms": {"minimum_frobenius_norm_squared": 0.11642932981135355, "maximum_frobenius_norm_squared": 3.999099089701881}, "recorded_utc": "2026-09-23T14:11:36.455798+00:00", "archive": "/cmt2/lniu6305/H-Beryllene_20250718/9.0_topology/b-Beryllene_b/wcc_direct_v3/lowest_4/lines/line_20260923T141136_445313Z_1d57d316"}
INFO: Adding line at t = 0.7000000000000001
INFO:       Calculating line for N = 12
INFO: Saving surface result to file /cmt2/lniu6305/H-Beryllene_20250718/9.0_topology/b-Beryllene_b/wcc_direct_v3/lowest_4/checkpoint.json (ASYNC)
{"status": "validated", "nelect": 5, "vasp_nbands": 28, "wcc_count": 4, "gap": {"bands": 4, "minimum_direct_gap_ev": 1.552477, "minimum_direct_gap_kpoint": [0.3636364, 0.35, 1.276756e-15], "indirect_gap_ev": 0.8828580000000001, "sampled_kpoints": 11}, "overlap_norms": {"minimum_frobenius_norm_squared": 0.1057134565358178, "maximum_frobenius_norm_squared": 3.9828451214153233}, "recorded_utc": "2026-09-23T14:11:43.955571+00:00", "archive": "/cmt2/lniu6305/H-Beryllene_20250718/9.0_topology/b-Beryllene_b/wcc_direct_v3/lowest_4/lines/line_20260923T141143_949931Z_84496be8"}
INFO:       Calculating line for N = 16
{"status": "validated", "nelect": 5, "vasp_nbands": 28, "wcc_count": 4, "gap": {"bands": 4, "minimum_direct_gap_ev": 1.1845720000000002, "minimum_direct_gap_kpoint": [0.3333333, 0.35, 1.276756e-15], "indirect_gap_ev": 0.7340740000000001, "sampled_kpoints": 15}, "overlap_norms": {"minimum_frobenius_norm_squared": 0.1120009226164697, "maximum_frobenius_norm_squared": 3.990998258440799}, "recorded_utc": "2026-09-23T14:11:53.051500+00:00", "archive": "/cmt2/lniu6305/H-Beryllene_20250718/9.0_topology/b-Beryllene_b/wcc_direct_v3/lowest_4/lines/line_20260923T141153_045108Z_ff5fe69f"}
INFO:       Calculating line for N = 20
{"status": "validated", "nelect": 5, "vasp_nbands": 28, "wcc_count": 4, "gap": {"bands": 4, "minimum_direct_gap_ev": 1.1892179999999999, "minimum_direct_gap_kpoint": [0.3157895, 0.35, 1.276756e-15], "indirect_gap_ev": 0.7278290000000003, "sampled_kpoints": 19}, "overlap_norms": {"minimum_frobenius_norm_squared": 0.11607978635117637, "maximum_frobenius_norm_squared": 3.994390623692543}, "recorded_utc": "2026-09-23T14:12:03.816518+00:00", "archive": "/cmt2/lniu6305/H-Beryllene_20250718/9.0_topology/b-Beryllene_b/wcc_direct_v3/lowest_4/lines/line_20260923T141203_809381Z_5e33c17d"}
INFO:       Calculating line for N = 24
{"status": "validated", "nelect": 5, "vasp_nbands": 28, "wcc_count": 4, "gap": {"bands": 4, "minimum_direct_gap_ev": 1.283416, "minimum_direct_gap_kpoint": [0.3043478, 0.35, 1.276756e-15], "indirect_gap_ev": 0.762626, "sampled_kpoints": 23}, "overlap_norms": {"minimum_frobenius_norm_squared": 0.11893830855048461, "maximum_frobenius_norm_squared": 3.996151342515188}, "recorded_utc": "2026-09-23T14:12:16.499787+00:00", "archive": "/cmt2/lniu6305/H-Beryllene_20250718/9.0_topology/b-Beryllene_b/wcc_direct_v3/lowest_4/lines/line_20260923T141216_491686Z_5e78b56e"}
INFO: Adding line at t = 0.75
INFO:       Calculating line for N = 12
INFO: Saving surface result to file /cmt2/lniu6305/H-Beryllene_20250718/9.0_topology/b-Beryllene_b/wcc_direct_v3/lowest_4/checkpoint.json (ASYNC)
{"status": "validated", "nelect": 5, "vasp_nbands": 28, "wcc_count": 4, "gap": {"bands": 4, "minimum_direct_gap_ev": 1.712373, "minimum_direct_gap_kpoint": [0.2727273, 0.375, 1.276756e-15], "indirect_gap_ev": 1.165889, "sampled_kpoints": 11}, "overlap_norms": {"minimum_frobenius_norm_squared": 0.1144156366275892, "maximum_frobenius_norm_squared": 3.9782572791025177}, "recorded_utc": "2026-09-23T14:12:23.833302+00:00", "archive": "/cmt2/lniu6305/H-Beryllene_20250718/9.0_topology/b-Beryllene_b/wcc_direct_v3/lowest_4/lines/line_20260923T141223_827312Z_12b7316b"}
INFO:       Calculating line for N = 16
{"status": "validated", "nelect": 5, "vasp_nbands": 28, "wcc_count": 4, "gap": {"bands": 4, "minimum_direct_gap_ev": 1.342346, "minimum_direct_gap_kpoint": [0.3333333, 0.375, 1.276756e-15], "indirect_gap_ev": 1.003892, "sampled_kpoints": 15}, "overlap_norms": {"minimum_frobenius_norm_squared": 0.12168884608794668, "maximum_frobenius_norm_squared": 3.988580827795534}, "recorded_utc": "2026-09-23T14:12:33.080344+00:00", "archive": "/cmt2/lniu6305/H-Beryllene_20250718/9.0_topology/b-Beryllene_b/wcc_direct_v3/lowest_4/lines/line_20260923T141233_073780Z_a62d7e5e"}
INFO:       Calculating line for N = 20
{"status": "validated", "nelect": 5, "vasp_nbands": 28, "wcc_count": 4, "gap": {"bands": 4, "minimum_direct_gap_ev": 1.1777479999999998, "minimum_direct_gap_kpoint": [0.3157895, 0.375, 1.276756e-15], "indirect_gap_ev": 0.93825, "sampled_kpoints": 19}, "overlap_norms": {"minimum_frobenius_norm_squared": 0.1264146583996115, "maximum_frobenius_norm_squared": 3.992945545050511}, "recorded_utc": "2026-09-23T14:12:43.825297+00:00", "archive": "/cmt2/lniu6305/H-Beryllene_20250718/9.0_topology/b-Beryllene_b/wcc_direct_v3/lowest_4/lines/line_20260923T141243_818186Z_3b33d1ec"}
INFO: Adding line at t = 0.8
INFO:       Calculating line for N = 12
INFO: Saving surface result to file /cmt2/lniu6305/H-Beryllene_20250718/9.0_topology/b-Beryllene_b/wcc_direct_v3/lowest_4/checkpoint.json (ASYNC)
{"status": "validated", "nelect": 5, "vasp_nbands": 28, "wcc_count": 4, "gap": {"bands": 4, "minimum_direct_gap_ev": 1.7503830000000002, "minimum_direct_gap_kpoint": [0.2727273, 0.4, 1.276756e-15], "indirect_gap_ev": 1.5661520000000002, "sampled_kpoints": 11}, "overlap_norms": {"minimum_frobenius_norm_squared": 0.12494678639467387, "maximum_frobenius_norm_squared": 3.971924419641204}, "recorded_utc": "2026-09-23T14:12:51.288993+00:00", "archive": "/cmt2/lniu6305/H-Beryllene_20250718/9.0_topology/b-Beryllene_b/wcc_direct_v3/lowest_4/lines/line_20260923T141251_282740Z_614703ee"}
INFO:       Calculating line for N = 16
{"status": "validated", "nelect": 5, "vasp_nbands": 28, "wcc_count": 4, "gap": {"bands": 4, "minimum_direct_gap_ev": 1.842867, "minimum_direct_gap_kpoint": [0.3333333, 0.4, 1.276756e-15], "indirect_gap_ev": 1.603605, "sampled_kpoints": 15}, "overlap_norms": {"minimum_frobenius_norm_squared": 0.13346087137204968, "maximum_frobenius_norm_squared": 3.9847967501902914}, "recorded_utc": "2026-09-23T14:13:00.623328+00:00", "archive": "/cmt2/lniu6305/H-Beryllene_20250718/9.0_topology/b-Beryllene_b/wcc_direct_v3/lowest_4/lines/line_20260923T141300_617090Z_0da05fc8"}
INFO: Adding line at t = 0.8500000000000001
INFO:       Calculating line for N = 12
INFO: Saving surface result to file /cmt2/lniu6305/H-Beryllene_20250718/9.0_topology/b-Beryllene_b/wcc_direct_v3/lowest_4/checkpoint.json (ASYNC)
{"status": "validated", "nelect": 5, "vasp_nbands": 28, "wcc_count": 4, "gap": {"bands": 4, "minimum_direct_gap_ev": 2.3289999999999997, "minimum_direct_gap_kpoint": [0.2727273, 0.425, 1.276756e-15], "indirect_gap_ev": 2.293927, "sampled_kpoints": 11}, "overlap_norms": {"minimum_frobenius_norm_squared": 0.13702500592518913, "maximum_frobenius_norm_squared": 3.9621475844108036}, "recorded_utc": "2026-09-23T14:13:08.350908+00:00", "archive": "/cmt2/lniu6305/H-Beryllene_20250718/9.0_topology/b-Beryllene_b/wcc_direct_v3/lowest_4/lines/line_20260923T141308_345396Z_a8d564a7"}
INFO:       Calculating line for N = 16
{"status": "validated", "nelect": 5, "vasp_nbands": 28, "wcc_count": 4, "gap": {"bands": 4, "minimum_direct_gap_ev": 2.354707, "minimum_direct_gap_kpoint": [0.2666667, 0.425, 1.276756e-15], "indirect_gap_ev": 2.300572, "sampled_kpoints": 15}, "overlap_norms": {"minimum_frobenius_norm_squared": 0.14697797253866818, "maximum_frobenius_norm_squared": 3.9795559208081404}, "recorded_utc": "2026-09-23T14:13:17.660039+00:00", "archive": "/cmt2/lniu6305/H-Beryllene_20250718/9.0_topology/b-Beryllene_b/wcc_direct_v3/lowest_4/lines/line_20260923T141317_653585Z_85a2d272"}
INFO: Adding line at t = 0.9
INFO:       Calculating line for N = 12
INFO: Saving surface result to file /cmt2/lniu6305/H-Beryllene_20250718/9.0_topology/b-Beryllene_b/wcc_direct_v3/lowest_4/checkpoint.json (ASYNC)
{"status": "validated", "nelect": 5, "vasp_nbands": 28, "wcc_count": 4, "gap": {"bands": 4, "minimum_direct_gap_ev": 3.2560849999999997, "minimum_direct_gap_kpoint": [0.2727273, 0.45, 1.276756e-15], "indirect_gap_ev": 2.871664, "sampled_kpoints": 11}, "overlap_norms": {"minimum_frobenius_norm_squared": 0.1498425500614423, "maximum_frobenius_norm_squared": 3.9463806335322467}, "recorded_utc": "2026-09-23T14:13:24.997485+00:00", "archive": "/cmt2/lniu6305/H-Beryllene_20250718/9.0_topology/b-Beryllene_b/wcc_direct_v3/lowest_4/lines/line_20260923T141324_991589Z_bc84993b"}
INFO:       Calculating line for N = 16
{"status": "validated", "nelect": 5, "vasp_nbands": 28, "wcc_count": 4, "gap": {"bands": 4, "minimum_direct_gap_ev": 3.2287879999999998, "minimum_direct_gap_kpoint": [0.3333333, 0.45, 1.276756e-15], "indirect_gap_ev": 2.8567600000000004, "sampled_kpoints": 15}, "overlap_norms": {"minimum_frobenius_norm_squared": 0.16116802879482453, "maximum_frobenius_norm_squared": 3.971143451632344}, "recorded_utc": "2026-09-23T14:13:34.274776+00:00", "archive": "/cmt2/lniu6305/H-Beryllene_20250718/9.0_topology/b-Beryllene_b/wcc_direct_v3/lowest_4/lines/line_20260923T141334_268123Z_983789ea"}
INFO: Adding line at t = 0.9500000000000001
INFO:       Calculating line for N = 12
INFO: Saving surface result to file /cmt2/lniu6305/H-Beryllene_20250718/9.0_topology/b-Beryllene_b/wcc_direct_v3/lowest_4/checkpoint.json (ASYNC)
{"status": "validated", "nelect": 5, "vasp_nbands": 28, "wcc_count": 4, "gap": {"bands": 4, "minimum_direct_gap_ev": 3.6845670000000004, "minimum_direct_gap_kpoint": [0.09090909, 0.475, 1.276756e-15], "indirect_gap_ev": 3.279246, "sampled_kpoints": 11}, "overlap_norms": {"minimum_frobenius_norm_squared": 0.1620914037688605, "maximum_frobenius_norm_squared": 3.91960784381205}, "recorded_utc": "2026-09-23T14:13:41.157828+00:00", "archive": "/cmt2/lniu6305/H-Beryllene_20250718/9.0_topology/b-Beryllene_b/wcc_direct_v3/lowest_4/lines/line_20260923T141341_152195Z_34a8c5d6"}
INFO:       Calculating line for N = 16
{"status": "validated", "nelect": 5, "vasp_nbands": 28, "wcc_count": 4, "gap": {"bands": 4, "minimum_direct_gap_ev": 3.662922, "minimum_direct_gap_kpoint": [0.4, 0.475, 1.276756e-15], "indirect_gap_ev": 3.278051, "sampled_kpoints": 15}, "overlap_norms": {"minimum_frobenius_norm_squared": 0.17408869878542574, "maximum_frobenius_norm_squared": 3.956888328349979}, "recorded_utc": "2026-09-23T14:13:51.449705+00:00", "archive": "/cmt2/lniu6305/H-Beryllene_20250718/9.0_topology/b-Beryllene_b/wcc_direct_v3/lowest_4/lines/line_20260923T141351_443106Z_f9585c90"}
INFO: Adding line at t = 1.0
INFO: Saving surface result to file /cmt2/lniu6305/H-Beryllene_20250718/9.0_topology/b-Beryllene_b/wcc_direct_v3/lowest_4/checkpoint.json (ASYNC)
INFO:       Calculating line for N = 12
{"status": "validated", "nelect": 5, "vasp_nbands": 28, "wcc_count": 4, "gap": {"bands": 4, "minimum_direct_gap_ev": 3.7976029999999996, "minimum_direct_gap_kpoint": [1.221245e-15, 0.5, 1.276756e-15], "indirect_gap_ev": 3.742876, "sampled_kpoints": 11}, "overlap_norms": {"minimum_frobenius_norm_squared": 0.17092469859142323, "maximum_frobenius_norm_squared": 3.8719947699176003}, "recorded_utc": "2026-09-23T14:14:00.136410+00:00", "archive": "/cmt2/lniu6305/H-Beryllene_20250718/9.0_topology/b-Beryllene_b/wcc_direct_v3/lowest_4/lines/line_20260923T141400_130941Z_467c8a2b"}
INFO:       Calculating line for N = 16
{"status": "validated", "nelect": 5, "vasp_nbands": 28, "wcc_count": 4, "gap": {"bands": 4, "minimum_direct_gap_ev": 3.7976029999999996, "minimum_direct_gap_kpoint": [1.276756e-15, 0.5, 1.276756e-15], "indirect_gap_ev": 3.742891, "sampled_kpoints": 15}, "overlap_norms": {"minimum_frobenius_norm_squared": 0.18216433218921121, "maximum_frobenius_norm_squared": 3.931320273253549}, "recorded_utc": "2026-09-23T14:14:08.455883+00:00", "archive": "/cmt2/lniu6305/H-Beryllene_20250718/9.0_topology/b-Beryllene_b/wcc_direct_v3/lowest_4/lines/line_20260923T141408_449016Z_3cfaec26"}
INFO: Convergence criteria fulfilled for 19 of 20 neighbouring lines.
INFO: Adding line at t = 0.675
INFO:       Calculating line for N = 12
INFO: Saving surface result to file /cmt2/lniu6305/H-Beryllene_20250718/9.0_topology/b-Beryllene_b/wcc_direct_v3/lowest_4/checkpoint.json (ASYNC)
{"status": "validated", "nelect": 5, "vasp_nbands": 28, "wcc_count": 4, "gap": {"bands": 4, "minimum_direct_gap_ev": 1.4012499999999997, "minimum_direct_gap_kpoint": [0.3636364, 0.3375, 1.276756e-15], "indirect_gap_ev": 0.7658199999999997, "sampled_kpoints": 11}, "overlap_norms": {"minimum_frobenius_norm_squared": 0.10202545964660473, "maximum_frobenius_norm_squared": 3.9846398906666844}, "recorded_utc": "2026-09-23T14:14:15.497881+00:00", "archive": "/cmt2/lniu6305/H-Beryllene_20250718/9.0_topology/b-Beryllene_b/wcc_direct_v3/lowest_4/lines/line_20260923T141415_491925Z_3cecbcae"}
INFO:       Calculating line for N = 16
{"status": "validated", "nelect": 5, "vasp_nbands": 28, "wcc_count": 4, "gap": {"bands": 4, "minimum_direct_gap_ev": 1.18804, "minimum_direct_gap_kpoint": [0.3333333, 0.3375, 1.276756e-15], "indirect_gap_ev": 0.6972689999999999, "sampled_kpoints": 15}, "overlap_norms": {"minimum_frobenius_norm_squared": 0.10790849037098624, "maximum_frobenius_norm_squared": 3.9918789491710647}, "recorded_utc": "2026-09-23T14:14:24.659720+00:00", "archive": "/cmt2/lniu6305/H-Beryllene_20250718/9.0_topology/b-Beryllene_b/wcc_direct_v3/lowest_4/lines/line_20260923T141424_653165Z_6c7b20fa"}
INFO:       Calculating line for N = 20
{"status": "validated", "nelect": 5, "vasp_nbands": 28, "wcc_count": 4, "gap": {"bands": 4, "minimum_direct_gap_ev": 1.235522, "minimum_direct_gap_kpoint": [0.3157895, 0.3375, 1.276756e-15], "indirect_gap_ev": 0.6950029999999998, "sampled_kpoints": 19}, "overlap_norms": {"minimum_frobenius_norm_squared": 0.11172035808839594, "maximum_frobenius_norm_squared": 3.9949221763706007}, "recorded_utc": "2026-09-23T14:14:35.082122+00:00", "archive": "/cmt2/lniu6305/H-Beryllene_20250718/9.0_topology/b-Beryllene_b/wcc_direct_v3/lowest_4/lines/line_20260923T141435_075168Z_36d6fd8c"}
INFO:       Calculating line for N = 24
{"status": "validated", "nelect": 5, "vasp_nbands": 28, "wcc_count": 4, "gap": {"bands": 4, "minimum_direct_gap_ev": 1.242388, "minimum_direct_gap_kpoint": [0.3478261, 0.3375, 1.276756e-15], "indirect_gap_ev": 0.6954889999999998, "sampled_kpoints": 23}, "overlap_norms": {"minimum_frobenius_norm_squared": 0.11439015193713911, "maximum_frobenius_norm_squared": 3.9965336537963054}, "recorded_utc": "2026-09-23T14:14:48.924083+00:00", "archive": "/cmt2/lniu6305/H-Beryllene_20250718/9.0_topology/b-Beryllene_b/wcc_direct_v3/lowest_4/lines/line_20260923T141448_916448Z_36e679f6"}
INFO: Convergence criteria fulfilled for 20 of 21 neighbouring lines.
INFO: Adding line at t = 0.6625000000000001
INFO:       Calculating line for N = 12
INFO: Saving surface result to file /cmt2/lniu6305/H-Beryllene_20250718/9.0_topology/b-Beryllene_b/wcc_direct_v3/lowest_4/checkpoint.json (ASYNC)
{"status": "validated", "nelect": 5, "vasp_nbands": 28, "wcc_count": 4, "gap": {"bands": 4, "minimum_direct_gap_ev": 1.345424, "minimum_direct_gap_kpoint": [0.3636364, 0.33125, 1.276756e-15], "indirect_gap_ev": 0.7266470000000003, "sampled_kpoints": 11}, "overlap_norms": {"minimum_frobenius_norm_squared": 0.10033502640077639, "maximum_frobenius_norm_squared": 3.9854063705840104}, "recorded_utc": "2026-09-23T14:14:55.705817+00:00", "archive": "/cmt2/lniu6305/H-Beryllene_20250718/9.0_topology/b-Beryllene_b/wcc_direct_v3/lowest_4/lines/line_20260923T141455_700180Z_93f07c25"}
INFO:       Calculating line for N = 16
{"status": "validated", "nelect": 5, "vasp_nbands": 28, "wcc_count": 4, "gap": {"bands": 4, "minimum_direct_gap_ev": 1.1965920000000003, "minimum_direct_gap_kpoint": [0.3333333, 0.33125, 1.276756e-15], "indirect_gap_ev": 0.6888060000000005, "sampled_kpoints": 15}, "overlap_norms": {"minimum_frobenius_norm_squared": 0.10603538410164993, "maximum_frobenius_norm_squared": 3.9922580622686787}, "recorded_utc": "2026-09-23T14:15:04.037008+00:00", "archive": "/cmt2/lniu6305/H-Beryllene_20250718/9.0_topology/b-Beryllene_b/wcc_direct_v3/lowest_4/lines/line_20260923T141504_030544Z_9a9b1296"}
INFO:       Calculating line for N = 20
{"status": "validated", "nelect": 5, "vasp_nbands": 28, "wcc_count": 4, "gap": {"bands": 4, "minimum_direct_gap_ev": 1.254553, "minimum_direct_gap_kpoint": [0.3157895, 0.33125, 1.276756e-15], "indirect_gap_ev": 0.6856619999999998, "sampled_kpoints": 19}, "overlap_norms": {"minimum_frobenius_norm_squared": 0.10972650593678118, "maximum_frobenius_norm_squared": 3.995151779294143}, "recorded_utc": "2026-09-23T14:15:15.053220+00:00", "archive": "/cmt2/lniu6305/H-Beryllene_20250718/9.0_topology/b-Beryllene_b/wcc_direct_v3/lowest_4/lines/line_20260923T141515_046241Z_743fedc2"}
INFO:       Calculating line for N = 24
{"status": "validated", "nelect": 5, "vasp_nbands": 28, "wcc_count": 4, "gap": {"bands": 4, "minimum_direct_gap_ev": 1.2261620000000004, "minimum_direct_gap_kpoint": [0.3478261, 0.33125, 1.276756e-15], "indirect_gap_ev": 0.6748670000000003, "sampled_kpoints": 23}, "overlap_norms": {"minimum_frobenius_norm_squared": 0.11231063248292891, "maximum_frobenius_norm_squared": 3.996700250885551}, "recorded_utc": "2026-09-23T14:15:27.627025+00:00", "archive": "/cmt2/lniu6305/H-Beryllene_20250718/9.0_topology/b-Beryllene_b/wcc_direct_v3/lowest_4/lines/line_20260923T141527_619521Z_ef1d118c"}
INFO:       Calculating line for N = 28
{"status": "validated", "nelect": 5, "vasp_nbands": 28, "wcc_count": 4, "gap": {"bands": 4, "minimum_direct_gap_ev": 1.1965920000000003, "minimum_direct_gap_kpoint": [0.3333333, 0.33125, 1.276756e-15], "indirect_gap_ev": 0.6696910000000003, "sampled_kpoints": 27}, "overlap_norms": {"minimum_frobenius_norm_squared": 0.11422057374975958, "maximum_frobenius_norm_squared": 3.9976121856019353}, "recorded_utc": "2026-09-23T14:15:42.715703+00:00", "archive": "/cmt2/lniu6305/H-Beryllene_20250718/9.0_topology/b-Beryllene_b/wcc_direct_v3/lowest_4/lines/line_20260923T141542_707329Z_ce6663c3"}
INFO:       Calculating line for N = 32
{"status": "validated", "nelect": 5, "vasp_nbands": 28, "wcc_count": 4, "gap": {"bands": 4, "minimum_direct_gap_ev": 1.219405, "minimum_direct_gap_kpoint": [0.3225806, 0.33125, 1.276756e-15], "indirect_gap_ev": 0.6710010000000004, "sampled_kpoints": 31}, "overlap_norms": {"minimum_frobenius_norm_squared": 0.11568952491525193, "maximum_frobenius_norm_squared": 3.9981850348810632}, "recorded_utc": "2026-09-23T14:15:56.970769+00:00", "archive": "/cmt2/lniu6305/H-Beryllene_20250718/9.0_topology/b-Beryllene_b/wcc_direct_v3/lowest_4/lines/line_20260923T141556_962190Z_1951e6c6"}
INFO:       Calculating line for N = 36
{"status": "validated", "nelect": 5, "vasp_nbands": 28, "wcc_count": 4, "gap": {"bands": 4, "minimum_direct_gap_ev": 1.2080739999999999, "minimum_direct_gap_kpoint": [0.3428571, 0.33125, 1.276756e-15], "indirect_gap_ev": 0.6670240000000001, "sampled_kpoints": 35}, "overlap_norms": {"minimum_frobenius_norm_squared": 0.1168543354671692, "maximum_frobenius_norm_squared": 3.99857768002268}, "recorded_utc": "2026-09-23T14:16:13.762490+00:00", "archive": "/cmt2/lniu6305/H-Beryllene_20250718/9.0_topology/b-Beryllene_b/wcc_direct_v3/lowest_4/lines/line_20260923T141613_752786Z_e93e197e"}
INFO: Convergence criteria fulfilled for 22 of 22 neighbouring lines.
INFO: Saving surface result to file /cmt2/lniu6305/H-Beryllene_20250718/9.0_topology/b-Beryllene_b/wcc_direct_v3/lowest_4/checkpoint.json (ASYNC)

+----------------------------------------------------------------------+
|                  Calculation finished in 0h 27m 37s                  |
+----------------------------------------------------------------------+
+----------------------------------------------------------------------+
|                         ==================                           |
|                         CONVERGENCE REPORT                           |
|                         ==================                           |
|                                                                      |
|                         Line Convergence                             |
|                         ================                             |
|                                                                      |
|                             PosCheck                                 |
|                             --------                                 |
|                             PASSED: 23 of 23                         |
|                                                                      |
|                         Surface Convergence                          |
|                         ===================                          |
|                                                                      |
|                             GapCheck                                 |
|                             --------                                 |
|                             PASSED: 22 of 22                         |
|                                                                      |
|                             MoveCheck                                |
|                             ---------                                |
|                             PASSED: 22 of 22                         |
+----------------------------------------------------------------------+

+----------------------------------------------------------------------+
|===================                                                   |
|SURFACE CALCULATION                                                   |
|===================                                                   |
|starting at 2026-09-24 00:16:14,720                                   |
|running Z2Pack version 2.2.1                                          |
|                                                                      |
|gap_tol:            0.3                                               |
|init_result:        None                                              |
|iterator:           range(12, 101, 4)                                 |
|load:               False                                             |
|load_quiet:         False                                             |
|min_neighbour_dist: 0.001                                             |
|move_tol:           0.3                                               |
|num_lines:          21                                                |
|pos_tol:            0.005                                             |
|save_file:          /cmt2/lniu6305/H-Beryl<...>owest_6/checkpoint.json|
|serializer:         auto                                              |
|surface:            <function run_manifold<...>bda> at 0x14c831669700>|
|system:             <z2pack.fp._first_prin<...>ject at 0x14c831699610>|
+----------------------------------------------------------------------+

INFO: Adding lines required by 'num_lines'.
INFO: Adding line at t = 0.0
INFO:       Calculating line for N = 12
{"status": "validated", "nelect": 5, "vasp_nbands": 28, "wcc_count": 6, "gap": {"bands": 6, "minimum_direct_gap_ev": 3.6234340000000005, "minimum_direct_gap_kpoint": [0.3636364, 1.304512e-15, 1.276756e-15], "indirect_gap_ev": 3.6234340000000005, "sampled_kpoints": 11}, "overlap_norms": {"minimum_frobenius_norm_squared": 0.10342907051261584, "maximum_frobenius_norm_squared": 5.988485917982323}, "recorded_utc": "2026-09-23T14:16:22.707116+00:00", "archive": "/cmt2/lniu6305/H-Beryllene_20250718/9.0_topology/b-Beryllene_b/wcc_direct_v3/lowest_6/lines/line_20260923T141622_700848Z_97a4acba"}
INFO:       Calculating line for N = 16
{"status": "validated", "nelect": 5, "vasp_nbands": 28, "wcc_count": 6, "gap": {"bands": 6, "minimum_direct_gap_ev": 3.667584, "minimum_direct_gap_kpoint": [0.3333333, 1.276756e-15, 1.276756e-15], "indirect_gap_ev": 3.6287670000000003, "sampled_kpoints": 15}, "overlap_norms": {"minimum_frobenius_norm_squared": 0.10746522456082025, "maximum_frobenius_norm_squared": 5.994026088803336}, "recorded_utc": "2026-09-23T14:16:31.969434+00:00", "archive": "/cmt2/lniu6305/H-Beryllene_20250718/9.0_topology/b-Beryllene_b/wcc_direct_v3/lowest_6/lines/line_20260923T141631_962862Z_0a7ca5a4"}
INFO:       Calculating line for N = 20
{"status": "validated", "nelect": 5, "vasp_nbands": 28, "wcc_count": 6, "gap": {"bands": 6, "minimum_direct_gap_ev": 3.6766929999999998, "minimum_direct_gap_kpoint": [0.3684211, 1.276756e-15, 1.276756e-15], "indirect_gap_ev": 3.5375229999999998, "sampled_kpoints": 19}, "overlap_norms": {"minimum_frobenius_norm_squared": 0.11004067123384012, "maximum_frobenius_norm_squared": 5.996333430773208}, "recorded_utc": "2026-09-23T14:16:41.116954+00:00", "archive": "/cmt2/lniu6305/H-Beryllene_20250718/9.0_topology/b-Beryllene_b/wcc_direct_v3/lowest_6/lines/line_20260923T141641_109838Z_ba31ff69"}
INFO:       Calculating line for N = 24
{"status": "validated", "nelect": 5, "vasp_nbands": 28, "wcc_count": 6, "gap": {"bands": 6, "minimum_direct_gap_ev": 3.5644469999999995, "minimum_direct_gap_kpoint": [0.3478261, 1.304512e-15, 1.276756e-15], "indirect_gap_ev": 3.5644469999999995, "sampled_kpoints": 23}, "overlap_norms": {"minimum_frobenius_norm_squared": 0.11182646787671756, "maximum_frobenius_norm_squared": 5.997517799493477}, "recorded_utc": "2026-09-23T14:16:53.305615+00:00", "archive": "/cmt2/lniu6305/H-Beryllene_20250718/9.0_topology/b-Beryllene_b/wcc_direct_v3/lowest_6/lines/line_20260923T141653_298059Z_d2de8d02"}
INFO: Adding line at t = 0.05
INFO:       Calculating line for N = 12
INFO: Saving surface result to file /cmt2/lniu6305/H-Beryllene_20250718/9.0_topology/b-Beryllene_b/wcc_direct_v3/lowest_6/checkpoint.json (ASYNC)
{"status": "validated", "nelect": 5, "vasp_nbands": 28, "wcc_count": 6, "gap": {"bands": 6, "minimum_direct_gap_ev": 3.556107, "minimum_direct_gap_kpoint": [-0.3636364, 0.025, 1.276756e-15], "indirect_gap_ev": 3.5412329999999996, "sampled_kpoints": 11}, "overlap_norms": {"minimum_frobenius_norm_squared": 0.10275992012404662, "maximum_frobenius_norm_squared": 5.987972175842296}, "recorded_utc": "2026-09-23T14:17:00.769747+00:00", "archive": "/cmt2/lniu6305/H-Beryllene_20250718/9.0_topology/b-Beryllene_b/wcc_direct_v3/lowest_6/lines/line_20260923T141700_763497Z_fd1ad3ee"}
INFO:       Calculating line for N = 16
{"status": "validated", "nelect": 5, "vasp_nbands": 28, "wcc_count": 6, "gap": {"bands": 6, "minimum_direct_gap_ev": 3.5647149999999996, "minimum_direct_gap_kpoint": [0.3333333, 0.025, 1.276756e-15], "indirect_gap_ev": 3.5647149999999996, "sampled_kpoints": 15}, "overlap_norms": {"minimum_frobenius_norm_squared": 0.10695794117892013, "maximum_frobenius_norm_squared": 5.993823858395264}, "recorded_utc": "2026-09-23T14:17:09.927415+00:00", "archive": "/cmt2/lniu6305/H-Beryllene_20250718/9.0_topology/b-Beryllene_b/wcc_direct_v3/lowest_6/lines/line_20260923T141709_920487Z_cfa5e385"}
INFO:       Calculating line for N = 20
{"status": "validated", "nelect": 5, "vasp_nbands": 28, "wcc_count": 6, "gap": {"bands": 6, "minimum_direct_gap_ev": 3.5660819999999998, "minimum_direct_gap_kpoint": [-0.3684211, 0.025, 1.276756e-15], "indirect_gap_ev": 3.4985850000000003, "sampled_kpoints": 19}, "overlap_norms": {"minimum_frobenius_norm_squared": 0.10964612124927728, "maximum_frobenius_norm_squared": 5.996231114736193}, "recorded_utc": "2026-09-23T14:17:20.561805+00:00", "archive": "/cmt2/lniu6305/H-Beryllene_20250718/9.0_topology/b-Beryllene_b/wcc_direct_v3/lowest_6/lines/line_20260923T141720_554227Z_a0a39a95"}
INFO:       Calculating line for N = 24
{"status": "validated", "nelect": 5, "vasp_nbands": 28, "wcc_count": 6, "gap": {"bands": 6, "minimum_direct_gap_ev": 3.590131, "minimum_direct_gap_kpoint": [0.3478261, 0.025, 1.276756e-15], "indirect_gap_ev": 3.4802639999999996, "sampled_kpoints": 23}, "overlap_norms": {"minimum_frobenius_norm_squared": 0.11151419502880604, "maximum_frobenius_norm_squared": 5.997457895832615}, "recorded_utc": "2026-09-23T14:17:32.788063+00:00", "archive": "/cmt2/lniu6305/H-Beryllene_20250718/9.0_topology/b-Beryllene_b/wcc_direct_v3/lowest_6/lines/line_20260923T141732_780257Z_bb560d5e"}
INFO: Adding line at t = 0.1
INFO:       Calculating line for N = 12
INFO: Saving surface result to file /cmt2/lniu6305/H-Beryllene_20250718/9.0_topology/b-Beryllene_b/wcc_direct_v3/lowest_6/checkpoint.json (ASYNC)
{"status": "validated", "nelect": 5, "vasp_nbands": 28, "wcc_count": 6, "gap": {"bands": 6, "minimum_direct_gap_ev": 3.593606, "minimum_direct_gap_kpoint": [-0.3636364, 0.05, 1.276756e-15], "indirect_gap_ev": 3.546988, "sampled_kpoints": 11}, "overlap_norms": {"minimum_frobenius_norm_squared": 0.10243102037898169, "maximum_frobenius_norm_squared": 5.9872744059747625}, "recorded_utc": "2026-09-23T14:17:40.122093+00:00", "archive": "/cmt2/lniu6305/H-Beryllene_20250718/9.0_topology/b-Beryllene_b/wcc_direct_v3/lowest_6/lines/line_20260923T141740_116085Z_31016d74"}
INFO:       Calculating line for N = 16
{"status": "validated", "nelect": 5, "vasp_nbands": 28, "wcc_count": 6, "gap": {"bands": 6, "minimum_direct_gap_ev": 3.559807, "minimum_direct_gap_kpoint": [0.3333333, 0.05, 1.276756e-15], "indirect_gap_ev": 3.559807, "sampled_kpoints": 15}, "overlap_norms": {"minimum_frobenius_norm_squared": 0.10680266249088395, "maximum_frobenius_norm_squared": 5.993532102083719}, "recorded_utc": "2026-09-23T14:17:49.215095+00:00", "archive": "/cmt2/lniu6305/H-Beryllene_20250718/9.0_topology/b-Beryllene_b/wcc_direct_v3/lowest_6/lines/line_20260923T141749_208468Z_347d74a0"}
INFO:       Calculating line for N = 20
{"status": "validated", "nelect": 5, "vasp_nbands": 28, "wcc_count": 6, "gap": {"bands": 6, "minimum_direct_gap_ev": 3.5596209999999995, "minimum_direct_gap_kpoint": [-0.3684211, 0.05, 1.276756e-15], "indirect_gap_ev": 3.553416, "sampled_kpoints": 19}, "overlap_norms": {"minimum_frobenius_norm_squared": 0.10961184642340041, "maximum_frobenius_norm_squared": 5.996075348121871}, "recorded_utc": "2026-09-23T14:17:59.764348+00:00", "archive": "/cmt2/lniu6305/H-Beryllene_20250718/9.0_topology/b-Beryllene_b/wcc_direct_v3/lowest_6/lines/line_20260923T141759_757040Z_c1d15f67"}
INFO:       Calculating line for N = 24
{"status": "validated", "nelect": 5, "vasp_nbands": 28, "wcc_count": 6, "gap": {"bands": 6, "minimum_direct_gap_ev": 3.6269290000000005, "minimum_direct_gap_kpoint": [-0.3913043, 0.05, 1.276756e-15], "indirect_gap_ev": 3.4630229999999997, "sampled_kpoints": 23}, "overlap_norms": {"minimum_frobenius_norm_squared": 0.11156866317035201, "maximum_frobenius_norm_squared": 5.9974088124384615}, "recorded_utc": "2026-09-23T14:18:11.979101+00:00", "archive": "/cmt2/lniu6305/H-Beryllene_20250718/9.0_topology/b-Beryllene_b/wcc_direct_v3/lowest_6/lines/line_20260923T141811_971081Z_5429acf1"}
INFO: Adding line at t = 0.15000000000000002
INFO:       Calculating line for N = 12
INFO: Saving surface result to file /cmt2/lniu6305/H-Beryllene_20250718/9.0_topology/b-Beryllene_b/wcc_direct_v3/lowest_6/checkpoint.json (ASYNC)
{"status": "validated", "nelect": 5, "vasp_nbands": 28, "wcc_count": 6, "gap": {"bands": 6, "minimum_direct_gap_ev": 3.7309349999999997, "minimum_direct_gap_kpoint": [-0.3636364, 0.075, 1.276756e-15], "indirect_gap_ev": 3.618381, "sampled_kpoints": 11}, "overlap_norms": {"minimum_frobenius_norm_squared": 0.10245148311700847, "maximum_frobenius_norm_squared": 5.986371721697528}, "recorded_utc": "2026-09-23T14:18:19.445792+00:00", "archive": "/cmt2/lniu6305/H-Beryllene_20250718/9.0_topology/b-Beryllene_b/wcc_direct_v3/lowest_6/lines/line_20260923T141819_440079Z_a12c02f7"}
INFO:       Calculating line for N = 16
{"status": "validated", "nelect": 5, "vasp_nbands": 28, "wcc_count": 6, "gap": {"bands": 6, "minimum_direct_gap_ev": 3.5582020000000005, "minimum_direct_gap_kpoint": [-0.4, 0.075, 1.276756e-15], "indirect_gap_ev": 3.5582020000000005, "sampled_kpoints": 15}, "overlap_norms": {"minimum_frobenius_norm_squared": 0.1070106031665715, "maximum_frobenius_norm_squared": 5.993377365170005}, "recorded_utc": "2026-09-23T14:18:28.317240+00:00", "archive": "/cmt2/lniu6305/H-Beryllene_20250718/9.0_topology/b-Beryllene_b/wcc_direct_v3/lowest_6/lines/line_20260923T141828_310618Z_dd3c7370"}
INFO:       Calculating line for N = 20
{"status": "validated", "nelect": 5, "vasp_nbands": 28, "wcc_count": 6, "gap": {"bands": 6, "minimum_direct_gap_ev": 3.5118340000000003, "minimum_direct_gap_kpoint": [0.3157895, 0.075, 1.276756e-15], "indirect_gap_ev": 3.45836, "sampled_kpoints": 19}, "overlap_norms": {"minimum_frobenius_norm_squared": 0.10995091922329381, "maximum_frobenius_norm_squared": 5.996152740911363}, "recorded_utc": "2026-09-23T14:18:38.835416+00:00", "archive": "/cmt2/lniu6305/H-Beryllene_20250718/9.0_topology/b-Beryllene_b/wcc_direct_v3/lowest_6/lines/line_20260923T141838_828371Z_dbf25608"}
INFO:       Calculating line for N = 24
{"status": "validated", "nelect": 5, "vasp_nbands": 28, "wcc_count": 6, "gap": {"bands": 6, "minimum_direct_gap_ev": 3.512789, "minimum_direct_gap_kpoint": [-0.3913043, 0.075, 1.276756e-15], "indirect_gap_ev": 3.460416, "sampled_kpoints": 23}, "overlap_norms": {"minimum_frobenius_norm_squared": 0.11200382175239297, "maximum_frobenius_norm_squared": 5.9974527016499914}, "recorded_utc": "2026-09-23T14:18:51.090781+00:00", "archive": "/cmt2/lniu6305/H-Beryllene_20250718/9.0_topology/b-Beryllene_b/wcc_direct_v3/lowest_6/lines/line_20260923T141851_082931Z_ed1bb70d"}
INFO: Adding line at t = 0.2
INFO:       Calculating line for N = 12
INFO: Saving surface result to file /cmt2/lniu6305/H-Beryllene_20250718/9.0_topology/b-Beryllene_b/wcc_direct_v3/lowest_6/checkpoint.json (ASYNC)
{"status": "validated", "nelect": 5, "vasp_nbands": 28, "wcc_count": 6, "gap": {"bands": 6, "minimum_direct_gap_ev": 3.7615, "minimum_direct_gap_kpoint": [0.2727273, 0.1, 1.276756e-15], "indirect_gap_ev": 3.5476409999999996, "sampled_kpoints": 11}, "overlap_norms": {"minimum_frobenius_norm_squared": 0.10284390713771396, "maximum_frobenius_norm_squared": 5.985990106056752}, "recorded_utc": "2026-09-23T14:18:58.504777+00:00", "archive": "/cmt2/lniu6305/H-Beryllene_20250718/9.0_topology/b-Beryllene_b/wcc_direct_v3/lowest_6/lines/line_20260923T141858_499032Z_2d7c7bb9"}
INFO:       Calculating line for N = 16
{"status": "validated", "nelect": 5, "vasp_nbands": 28, "wcc_count": 6, "gap": {"bands": 6, "minimum_direct_gap_ev": 3.468153, "minimum_direct_gap_kpoint": [-0.4, 0.1, 1.276756e-15], "indirect_gap_ev": 3.4635480000000003, "sampled_kpoints": 15}, "overlap_norms": {"minimum_frobenius_norm_squared": 0.10760685576335326, "maximum_frobenius_norm_squared": 5.993579771239821}, "recorded_utc": "2026-09-23T14:19:07.536132+00:00", "archive": "/cmt2/lniu6305/H-Beryllene_20250718/9.0_topology/b-Beryllene_b/wcc_direct_v3/lowest_6/lines/line_20260923T141907_529512Z_0f81fd70"}
INFO:       Calculating line for N = 20
{"status": "validated", "nelect": 5, "vasp_nbands": 28, "wcc_count": 6, "gap": {"bands": 6, "minimum_direct_gap_ev": 3.5433790000000003, "minimum_direct_gap_kpoint": [0.3157895, 0.1, 1.276756e-15], "indirect_gap_ev": 3.421956, "sampled_kpoints": 19}, "overlap_norms": {"minimum_frobenius_norm_squared": 0.11068985485872268, "maximum_frobenius_norm_squared": 5.99620156208717}, "recorded_utc": "2026-09-23T14:19:17.625645+00:00", "archive": "/cmt2/lniu6305/H-Beryllene_20250718/9.0_topology/b-Beryllene_b/wcc_direct_v3/lowest_6/lines/line_20260923T141917_618607Z_28e1caac"}
INFO:       Calculating line for N = 24
{"status": "validated", "nelect": 5, "vasp_nbands": 28, "wcc_count": 6, "gap": {"bands": 6, "minimum_direct_gap_ev": 3.470083, "minimum_direct_gap_kpoint": [0.3043478, 0.1, 1.276756e-15], "indirect_gap_ev": 3.4130069999999995, "sampled_kpoints": 23}, "overlap_norms": {"minimum_frobenius_norm_squared": 0.1128476063303214, "maximum_frobenius_norm_squared": 5.997456701523976}, "recorded_utc": "2026-09-23T14:19:29.256328+00:00", "archive": "/cmt2/lniu6305/H-Beryllene_20250718/9.0_topology/b-Beryllene_b/wcc_direct_v3/lowest_6/lines/line_20260923T141929_248301Z_3d3639df"}
INFO:       Calculating line for N = 28
{"status": "validated", "nelect": 5, "vasp_nbands": 28, "wcc_count": 6, "gap": {"bands": 6, "minimum_direct_gap_ev": 3.4777880000000003, "minimum_direct_gap_kpoint": [0.2962963, 0.1, 1.276756e-15], "indirect_gap_ev": 3.4150650000000002, "sampled_kpoints": 27}, "overlap_norms": {"minimum_frobenius_norm_squared": 0.11444164829212511, "maximum_frobenius_norm_squared": 5.998166392850836}, "recorded_utc": "2026-09-23T14:19:44.254161+00:00", "archive": "/cmt2/lniu6305/H-Beryllene_20250718/9.0_topology/b-Beryllene_b/wcc_direct_v3/lowest_6/lines/line_20260923T141944_245276Z_58af8733"}
INFO: Adding line at t = 0.25
INFO:       Calculating line for N = 12
INFO: Saving surface result to file /cmt2/lniu6305/H-Beryllene_20250718/9.0_topology/b-Beryllene_b/wcc_direct_v3/lowest_6/checkpoint.json (ASYNC)
{"status": "validated", "nelect": 5, "vasp_nbands": 28, "wcc_count": 6, "gap": {"bands": 6, "minimum_direct_gap_ev": 3.5153600000000003, "minimum_direct_gap_kpoint": [0.2727273, 0.125, 1.276756e-15], "indirect_gap_ev": 3.408529, "sampled_kpoints": 11}, "overlap_norms": {"minimum_frobenius_norm_squared": 0.10364354958183498, "maximum_frobenius_norm_squared": 5.986642885883861}, "recorded_utc": "2026-09-23T14:19:52.085409+00:00", "archive": "/cmt2/lniu6305/H-Beryllene_20250718/9.0_topology/b-Beryllene_b/wcc_direct_v3/lowest_6/lines/line_20260923T141952_079697Z_c505e52c"}
INFO:       Calculating line for N = 16
{"status": "validated", "nelect": 5, "vasp_nbands": 28, "wcc_count": 6, "gap": {"bands": 6, "minimum_direct_gap_ev": 3.48863, "minimum_direct_gap_kpoint": [-0.4, 0.125, 1.276756e-15], "indirect_gap_ev": 3.435558, "sampled_kpoints": 15}, "overlap_norms": {"minimum_frobenius_norm_squared": 0.10863042802406354, "maximum_frobenius_norm_squared": 5.993664226302069}, "recorded_utc": "2026-09-23T14:20:00.192388+00:00", "archive": "/cmt2/lniu6305/H-Beryllene_20250718/9.0_topology/b-Beryllene_b/wcc_direct_v3/lowest_6/lines/line_20260923T142000_185951Z_c60c231a"}
INFO:       Calculating line for N = 20
{"status": "validated", "nelect": 5, "vasp_nbands": 28, "wcc_count": 6, "gap": {"bands": 6, "minimum_direct_gap_ev": 3.423875, "minimum_direct_gap_kpoint": [-0.4210526, 0.125, 1.276756e-15], "indirect_gap_ev": 3.344317, "sampled_kpoints": 19}, "overlap_norms": {"minimum_frobenius_norm_squared": 0.11187048786673448, "maximum_frobenius_norm_squared": 5.99618555235427}, "recorded_utc": "2026-09-23T14:20:10.798630+00:00", "archive": "/cmt2/lniu6305/H-Beryllene_20250718/9.0_topology/b-Beryllene_b/wcc_direct_v3/lowest_6/lines/line_20260923T142010_791526Z_b8704408"}
INFO:       Calculating line for N = 24
{"status": "validated", "nelect": 5, "vasp_nbands": 28, "wcc_count": 6, "gap": {"bands": 6, "minimum_direct_gap_ev": 3.4910430000000003, "minimum_direct_gap_kpoint": [0.3043478, 0.125, 1.276756e-15], "indirect_gap_ev": 3.321579, "sampled_kpoints": 23}, "overlap_norms": {"minimum_frobenius_norm_squared": 0.11414327369546436, "maximum_frobenius_norm_squared": 5.997418738662701}, "recorded_utc": "2026-09-23T14:20:22.377726+00:00", "archive": "/cmt2/lniu6305/H-Beryllene_20250718/9.0_topology/b-Beryllene_b/wcc_direct_v3/lowest_6/lines/line_20260923T142022_369748Z_1a3b762e"}
INFO:       Calculating line for N = 28
{"status": "validated", "nelect": 5, "vasp_nbands": 28, "wcc_count": 6, "gap": {"bands": 6, "minimum_direct_gap_ev": 3.424977, "minimum_direct_gap_kpoint": [0.2962963, 0.125, 1.276756e-15], "indirect_gap_ev": 3.3434000000000004, "sampled_kpoints": 27}, "overlap_norms": {"minimum_frobenius_norm_squared": 0.11582543245245594, "maximum_frobenius_norm_squared": 5.998125614709757}, "recorded_utc": "2026-09-23T14:20:37.694801+00:00", "archive": "/cmt2/lniu6305/H-Beryllene_20250718/9.0_topology/b-Beryllene_b/wcc_direct_v3/lowest_6/lines/line_20260923T142037_686141Z_c1d57eb4"}
INFO: Adding line at t = 0.30000000000000004
INFO:       Calculating line for N = 12
INFO: Saving surface result to file /cmt2/lniu6305/H-Beryllene_20250718/9.0_topology/b-Beryllene_b/wcc_direct_v3/lowest_6/checkpoint.json (ASYNC)
{"status": "validated", "nelect": 5, "vasp_nbands": 28, "wcc_count": 6, "gap": {"bands": 6, "minimum_direct_gap_ev": 3.337134, "minimum_direct_gap_kpoint": [0.2727273, 0.15, 1.276756e-15], "indirect_gap_ev": 3.2741890000000002, "sampled_kpoints": 11}, "overlap_norms": {"minimum_frobenius_norm_squared": 0.10490378094127191, "maximum_frobenius_norm_squared": 5.986992534200328}, "recorded_utc": "2026-09-23T14:20:44.328801+00:00", "archive": "/cmt2/lniu6305/H-Beryllene_20250718/9.0_topology/b-Beryllene_b/wcc_direct_v3/lowest_6/lines/line_20260923T142044_323001Z_c933633d"}
INFO:       Calculating line for N = 16
{"status": "validated", "nelect": 5, "vasp_nbands": 28, "wcc_count": 6, "gap": {"bands": 6, "minimum_direct_gap_ev": 3.375392, "minimum_direct_gap_kpoint": [0.2666667, 0.15, 1.276756e-15], "indirect_gap_ev": 3.315447, "sampled_kpoints": 15}, "overlap_norms": {"minimum_frobenius_norm_squared": 0.11013980682906964, "maximum_frobenius_norm_squared": 5.993625927273561}, "recorded_utc": "2026-09-23T14:20:52.209222+00:00", "archive": "/cmt2/lniu6305/H-Beryllene_20250718/9.0_topology/b-Beryllene_b/wcc_direct_v3/lowest_6/lines/line_20260923T142052_202997Z_6151991d"}
INFO:       Calculating line for N = 20
{"status": "validated", "nelect": 5, "vasp_nbands": 28, "wcc_count": 6, "gap": {"bands": 6, "minimum_direct_gap_ev": 3.344836, "minimum_direct_gap_kpoint": [-0.4210526, 0.15, 1.276756e-15], "indirect_gap_ev": 3.243448, "sampled_kpoints": 19}, "overlap_norms": {"minimum_frobenius_norm_squared": 0.11355418302277809, "maximum_frobenius_norm_squared": 5.996099560123766}, "recorded_utc": "2026-09-23T14:21:02.444008+00:00", "archive": "/cmt2/lniu6305/H-Beryllene_20250718/9.0_topology/b-Beryllene_b/wcc_direct_v3/lowest_6/lines/line_20260923T142102_436739Z_1536ef4b"}
INFO:       Calculating line for N = 24
{"status": "validated", "nelect": 5, "vasp_nbands": 28, "wcc_count": 6, "gap": {"bands": 6, "minimum_direct_gap_ev": 3.347308, "minimum_direct_gap_kpoint": [-0.4347826, 0.15, 1.276756e-15], "indirect_gap_ev": 3.241576, "sampled_kpoints": 23}, "overlap_norms": {"minimum_frobenius_norm_squared": 0.11595520994932648, "maximum_frobenius_norm_squared": 5.997334522768998}, "recorded_utc": "2026-09-23T14:21:13.866513+00:00", "archive": "/cmt2/lniu6305/H-Beryllene_20250718/9.0_topology/b-Beryllene_b/wcc_direct_v3/lowest_6/lines/line_20260923T142113_858248Z_4622a79e"}
INFO:       Calculating line for N = 28
{"status": "validated", "nelect": 5, "vasp_nbands": 28, "wcc_count": 6, "gap": {"bands": 6, "minimum_direct_gap_ev": 3.436646, "minimum_direct_gap_kpoint": [-0.4444444, 0.15, 1.276756e-15], "indirect_gap_ev": 3.228116, "sampled_kpoints": 27}, "overlap_norms": {"minimum_frobenius_norm_squared": 0.11773512926016882, "maximum_frobenius_norm_squared": 5.998055307509096}, "recorded_utc": "2026-09-23T14:21:29.314831+00:00", "archive": "/cmt2/lniu6305/H-Beryllene_20250718/9.0_topology/b-Beryllene_b/wcc_direct_v3/lowest_6/lines/line_20260923T142129_306194Z_15c2ab19"}
INFO: Adding line at t = 0.35000000000000003
INFO:       Calculating line for N = 12
INFO: Saving surface result to file /cmt2/lniu6305/H-Beryllene_20250718/9.0_topology/b-Beryllene_b/wcc_direct_v3/lowest_6/checkpoint.json (ASYNC)
{"status": "validated", "nelect": 5, "vasp_nbands": 28, "wcc_count": 6, "gap": {"bands": 6, "minimum_direct_gap_ev": 3.23896, "minimum_direct_gap_kpoint": [0.2727273, 0.175, 1.276756e-15], "indirect_gap_ev": 3.223345, "sampled_kpoints": 11}, "overlap_norms": {"minimum_frobenius_norm_squared": 0.10669855235747346, "maximum_frobenius_norm_squared": 5.9870338144064945}, "recorded_utc": "2026-09-23T14:21:36.023572+00:00", "archive": "/cmt2/lniu6305/H-Beryllene_20250718/9.0_topology/b-Beryllene_b/wcc_direct_v3/lowest_6/lines/line_20260923T142136_017970Z_00fc8a3c"}
INFO:       Calculating line for N = 16
{"status": "validated", "nelect": 5, "vasp_nbands": 28, "wcc_count": 6, "gap": {"bands": 6, "minimum_direct_gap_ev": 3.220222, "minimum_direct_gap_kpoint": [0.2666667, 0.175, 1.276756e-15], "indirect_gap_ev": 3.117057, "sampled_kpoints": 15}, "overlap_norms": {"minimum_frobenius_norm_squared": 0.11221562722810222, "maximum_frobenius_norm_squared": 5.993452601728169}, "recorded_utc": "2026-09-23T14:21:44.030410+00:00", "archive": "/cmt2/lniu6305/H-Beryllene_20250718/9.0_topology/b-Beryllene_b/wcc_direct_v3/lowest_6/lines/line_20260923T142144_023943Z_bd296db2"}
INFO:       Calculating line for N = 20
{"status": "validated", "nelect": 5, "vasp_nbands": 28, "wcc_count": 6, "gap": {"bands": 6, "minimum_direct_gap_ev": 3.2230559999999997, "minimum_direct_gap_kpoint": [0.2631579, 0.175, 1.276756e-15], "indirect_gap_ev": 3.047231, "sampled_kpoints": 19}, "overlap_norms": {"minimum_frobenius_norm_squared": 0.11582660874726564, "maximum_frobenius_norm_squared": 5.995933760706394}, "recorded_utc": "2026-09-23T14:21:54.349256+00:00", "archive": "/cmt2/lniu6305/H-Beryllene_20250718/9.0_topology/b-Beryllene_b/wcc_direct_v3/lowest_6/lines/line_20260923T142154_341995Z_5da4aa62"}
INFO:       Calculating line for N = 24
{"status": "validated", "nelect": 5, "vasp_nbands": 28, "wcc_count": 6, "gap": {"bands": 6, "minimum_direct_gap_ev": 3.230336, "minimum_direct_gap_kpoint": [0.2608696, 0.175, 1.276756e-15], "indirect_gap_ev": 3.112805, "sampled_kpoints": 23}, "overlap_norms": {"minimum_frobenius_norm_squared": 0.1183719434482381, "maximum_frobenius_norm_squared": 5.997199847060718}, "recorded_utc": "2026-09-23T14:22:05.530873+00:00", "archive": "/cmt2/lniu6305/H-Beryllene_20250718/9.0_topology/b-Beryllene_b/wcc_direct_v3/lowest_6/lines/line_20260923T142205_523132Z_3261b741"}
INFO:       Calculating line for N = 28
{"status": "validated", "nelect": 5, "vasp_nbands": 28, "wcc_count": 6, "gap": {"bands": 6, "minimum_direct_gap_ev": 3.225332, "minimum_direct_gap_kpoint": [-0.4444444, 0.175, 1.276756e-15], "indirect_gap_ev": 3.061453, "sampled_kpoints": 27}, "overlap_norms": {"minimum_frobenius_norm_squared": 0.12026222132715313, "maximum_frobenius_norm_squared": 5.997991119326615}, "recorded_utc": "2026-09-23T14:22:19.584453+00:00", "archive": "/cmt2/lniu6305/H-Beryllene_20250718/9.0_topology/b-Beryllene_b/wcc_direct_v3/lowest_6/lines/line_20260923T142219_575623Z_a0db58ee"}
INFO:       Calculating line for N = 32
{"status": "validated", "nelect": 5, "vasp_nbands": 28, "wcc_count": 6, "gap": {"bands": 6, "minimum_direct_gap_ev": 3.245069, "minimum_direct_gap_kpoint": [0.2580645, 0.175, 1.276756e-15], "indirect_gap_ev": 3.046012, "sampled_kpoints": 31}, "overlap_norms": {"minimum_frobenius_norm_squared": 0.12172129034688003, "maximum_frobenius_norm_squared": 5.998475694303098}, "recorded_utc": "2026-09-23T14:22:35.026062+00:00", "archive": "/cmt2/lniu6305/H-Beryllene_20250718/9.0_topology/b-Beryllene_b/wcc_direct_v3/lowest_6/lines/line_20260923T142235_016947Z_6883328d"}
INFO: Adding line at t = 0.4
INFO:       Calculating line for N = 12
INFO: Saving surface result to file /cmt2/lniu6305/H-Beryllene_20250718/9.0_topology/b-Beryllene_b/wcc_direct_v3/lowest_6/checkpoint.json (ASYNC)
{"status": "validated", "nelect": 5, "vasp_nbands": 28, "wcc_count": 6, "gap": {"bands": 6, "minimum_direct_gap_ev": 3.076428, "minimum_direct_gap_kpoint": [-0.4545455, 0.2, 1.276756e-15], "indirect_gap_ev": 2.9887639999999998, "sampled_kpoints": 11}, "overlap_norms": {"minimum_frobenius_norm_squared": 0.10912997252870142, "maximum_frobenius_norm_squared": 5.986739149278918}, "recorded_utc": "2026-09-23T14:22:42.331350+00:00", "archive": "/cmt2/lniu6305/H-Beryllene_20250718/9.0_topology/b-Beryllene_b/wcc_direct_v3/lowest_6/lines/line_20260923T142242_325333Z_94630b38"}
INFO:       Calculating line for N = 16
{"status": "validated", "nelect": 5, "vasp_nbands": 28, "wcc_count": 6, "gap": {"bands": 6, "minimum_direct_gap_ev": 3.140622, "minimum_direct_gap_kpoint": [0.2666667, 0.2, 1.276756e-15], "indirect_gap_ev": 2.955242, "sampled_kpoints": 15}, "overlap_norms": {"minimum_frobenius_norm_squared": 0.11497026943534056, "maximum_frobenius_norm_squared": 5.993120844286517}, "recorded_utc": "2026-09-23T14:22:51.201034+00:00", "archive": "/cmt2/lniu6305/H-Beryllene_20250718/9.0_topology/b-Beryllene_b/wcc_direct_v3/lowest_6/lines/line_20260923T142251_194125Z_3295aed4"}
INFO:       Calculating line for N = 20
{"status": "validated", "nelect": 5, "vasp_nbands": 28, "wcc_count": 6, "gap": {"bands": 6, "minimum_direct_gap_ev": 3.109892, "minimum_direct_gap_kpoint": [0.2631579, 0.2, 1.276756e-15], "indirect_gap_ev": 2.8690059999999997, "sampled_kpoints": 19}, "overlap_norms": {"minimum_frobenius_norm_squared": 0.11880645682564808, "maximum_frobenius_norm_squared": 5.995671087038199}, "recorded_utc": "2026-09-23T14:23:01.912522+00:00", "archive": "/cmt2/lniu6305/H-Beryllene_20250718/9.0_topology/b-Beryllene_b/wcc_direct_v3/lowest_6/lines/line_20260923T142301_905349Z_e14db45f"}
INFO:       Calculating line for N = 24
{"status": "validated", "nelect": 5, "vasp_nbands": 28, "wcc_count": 6, "gap": {"bands": 6, "minimum_direct_gap_ev": 3.095031, "minimum_direct_gap_kpoint": [0.2608696, 0.2, 1.276756e-15], "indirect_gap_ev": 2.787228, "sampled_kpoints": 23}, "overlap_norms": {"minimum_frobenius_norm_squared": 0.12151692902252931, "maximum_frobenius_norm_squared": 5.997074161294475}, "recorded_utc": "2026-09-23T14:23:14.224621+00:00", "archive": "/cmt2/lniu6305/H-Beryllene_20250718/9.0_topology/b-Beryllene_b/wcc_direct_v3/lowest_6/lines/line_20260923T142314_216794Z_44bf493d"}
INFO:       Calculating line for N = 28
{"status": "validated", "nelect": 5, "vasp_nbands": 28, "wcc_count": 6, "gap": {"bands": 6, "minimum_direct_gap_ev": 3.087099, "minimum_direct_gap_kpoint": [0.2592593, 0.2, 1.276756e-15], "indirect_gap_ev": 2.796367, "sampled_kpoints": 27}, "overlap_norms": {"minimum_frobenius_norm_squared": 0.12353333981665868, "maximum_frobenius_norm_squared": 5.997878738889213}, "recorded_utc": "2026-09-23T14:23:28.041260+00:00", "archive": "/cmt2/lniu6305/H-Beryllene_20250718/9.0_topology/b-Beryllene_b/wcc_direct_v3/lowest_6/lines/line_20260923T142328_032901Z_108dbe15"}
INFO:       Calculating line for N = 32
{"status": "validated", "nelect": 5, "vasp_nbands": 28, "wcc_count": 6, "gap": {"bands": 6, "minimum_direct_gap_ev": 3.0789809999999997, "minimum_direct_gap_kpoint": [-0.4516129, 0.2, 1.276756e-15], "indirect_gap_ev": 2.8167079999999998, "sampled_kpoints": 31}, "overlap_norms": {"minimum_frobenius_norm_squared": 0.1250917993203184, "maximum_frobenius_norm_squared": 5.998386839909344}, "recorded_utc": "2026-09-23T14:23:43.683822+00:00", "archive": "/cmt2/lniu6305/H-Beryllene_20250718/9.0_topology/b-Beryllene_b/wcc_direct_v3/lowest_6/lines/line_20260923T142343_674630Z_ebf6c5f8"}
INFO:       Calculating line for N = 36
{"status": "validated", "nelect": 5, "vasp_nbands": 28, "wcc_count": 6, "gap": {"bands": 6, "minimum_direct_gap_ev": 3.079911, "minimum_direct_gap_kpoint": [0.2571429, 0.2, 1.276756e-15], "indirect_gap_ev": 2.7876980000000002, "sampled_kpoints": 35}, "overlap_norms": {"minimum_frobenius_norm_squared": 0.1263322523725534, "maximum_frobenius_norm_squared": 5.998739836959485}, "recorded_utc": "2026-09-23T14:24:00.929073+00:00", "archive": "/cmt2/lniu6305/H-Beryllene_20250718/9.0_topology/b-Beryllene_b/wcc_direct_v3/lowest_6/lines/line_20260923T142400_919086Z_8c3147a8"}
INFO: Adding line at t = 0.45
INFO:       Calculating line for N = 12
INFO: Saving surface result to file /cmt2/lniu6305/H-Beryllene_20250718/9.0_topology/b-Beryllene_b/wcc_direct_v3/lowest_6/checkpoint.json (ASYNC)
{"status": "validated", "nelect": 5, "vasp_nbands": 28, "wcc_count": 6, "gap": {"bands": 6, "minimum_direct_gap_ev": 2.952336, "minimum_direct_gap_kpoint": [-0.4545455, 0.225, 1.276756e-15], "indirect_gap_ev": 2.518764, "sampled_kpoints": 11}, "overlap_norms": {"minimum_frobenius_norm_squared": 0.112336687988212, "maximum_frobenius_norm_squared": 5.986050634744565}, "recorded_utc": "2026-09-23T14:24:08.215263+00:00", "archive": "/cmt2/lniu6305/H-Beryllene_20250718/9.0_topology/b-Beryllene_b/wcc_direct_v3/lowest_6/lines/line_20260923T142408_209550Z_24c9790c"}
INFO:       Calculating line for N = 16
{"status": "validated", "nelect": 5, "vasp_nbands": 28, "wcc_count": 6, "gap": {"bands": 6, "minimum_direct_gap_ev": 2.881229, "minimum_direct_gap_kpoint": [-0.4666667, 0.225, 1.276756e-15], "indirect_gap_ev": 2.522904, "sampled_kpoints": 15}, "overlap_norms": {"minimum_frobenius_norm_squared": 0.11855624816638788, "maximum_frobenius_norm_squared": 5.99259007586066}, "recorded_utc": "2026-09-23T14:24:16.869298+00:00", "archive": "/cmt2/lniu6305/H-Beryllene_20250718/9.0_topology/b-Beryllene_b/wcc_direct_v3/lowest_6/lines/line_20260923T142416_862743Z_0deb941a"}
INFO:       Calculating line for N = 20
{"status": "validated", "nelect": 5, "vasp_nbands": 28, "wcc_count": 6, "gap": {"bands": 6, "minimum_direct_gap_ev": 2.8980439999999996, "minimum_direct_gap_kpoint": [-0.4736842, 0.225, 1.276756e-15], "indirect_gap_ev": 2.520668, "sampled_kpoints": 19}, "overlap_norms": {"minimum_frobenius_norm_squared": 0.12265561088370866, "maximum_frobenius_norm_squared": 5.99536463433961}, "recorded_utc": "2026-09-23T14:24:27.357558+00:00", "archive": "/cmt2/lniu6305/H-Beryllene_20250718/9.0_topology/b-Beryllene_b/wcc_direct_v3/lowest_6/lines/line_20260923T142427_350389Z_00f684a8"}
INFO:       Calculating line for N = 24
{"status": "validated", "nelect": 5, "vasp_nbands": 28, "wcc_count": 6, "gap": {"bands": 6, "minimum_direct_gap_ev": 2.930873, "minimum_direct_gap_kpoint": [-0.4782609, 0.225, 1.276756e-15], "indirect_gap_ev": 2.453234, "sampled_kpoints": 23}, "overlap_norms": {"minimum_frobenius_norm_squared": 0.1255589473052402, "maximum_frobenius_norm_squared": 5.99686386441149}, "recorded_utc": "2026-09-23T14:24:40.276167+00:00", "archive": "/cmt2/lniu6305/H-Beryllene_20250718/9.0_topology/b-Beryllene_b/wcc_direct_v3/lowest_6/lines/line_20260923T142440_267761Z_1b44d929"}
INFO:       Calculating line for N = 28
{"status": "validated", "nelect": 5, "vasp_nbands": 28, "wcc_count": 6, "gap": {"bands": 6, "minimum_direct_gap_ev": 2.963612, "minimum_direct_gap_kpoint": [-0.4814815, 0.225, 1.276756e-15], "indirect_gap_ev": 2.480793, "sampled_kpoints": 27}, "overlap_norms": {"minimum_frobenius_norm_squared": 0.12772237517749888, "maximum_frobenius_norm_squared": 5.997710460346166}, "recorded_utc": "2026-09-23T14:24:54.700401+00:00", "archive": "/cmt2/lniu6305/H-Beryllene_20250718/9.0_topology/b-Beryllene_b/wcc_direct_v3/lowest_6/lines/line_20260923T142454_691612Z_ee9d1b77"}
INFO:       Calculating line for N = 32
{"status": "validated", "nelect": 5, "vasp_nbands": 28, "wcc_count": 6, "gap": {"bands": 6, "minimum_direct_gap_ev": 2.981695, "minimum_direct_gap_kpoint": [0.2580645, 0.225, 1.276756e-15], "indirect_gap_ev": 2.4435149999999997, "sampled_kpoints": 31}, "overlap_norms": {"minimum_frobenius_norm_squared": 0.1293965042421564, "maximum_frobenius_norm_squared": 5.998275147329386}, "recorded_utc": "2026-09-23T14:25:09.072294+00:00", "archive": "/cmt2/lniu6305/H-Beryllene_20250718/9.0_topology/b-Beryllene_b/wcc_direct_v3/lowest_6/lines/line_20260923T142509_062676Z_d270b80f"}
INFO:       Calculating line for N = 36
{"status": "validated", "nelect": 5, "vasp_nbands": 28, "wcc_count": 6, "gap": {"bands": 6, "minimum_direct_gap_ev": 2.92644, "minimum_direct_gap_kpoint": [-0.4571429, 0.225, 1.276756e-15], "indirect_gap_ev": 2.466383, "sampled_kpoints": 35}, "overlap_norms": {"minimum_frobenius_norm_squared": 0.1307303476385547, "maximum_frobenius_norm_squared": 5.998642273067447}, "recorded_utc": "2026-09-23T14:25:26.100428+00:00", "archive": "/cmt2/lniu6305/H-Beryllene_20250718/9.0_topology/b-Beryllene_b/wcc_direct_v3/lowest_6/lines/line_20260923T142526_090281Z_305dc754"}
INFO: Adding line at t = 0.5
INFO:       Calculating line for N = 12
INFO: Saving surface result to file /cmt2/lniu6305/H-Beryllene_20250718/9.0_topology/b-Beryllene_b/wcc_direct_v3/lowest_6/checkpoint.json (ASYNC)
{"status": "validated", "nelect": 5, "vasp_nbands": 28, "wcc_count": 6, "gap": {"bands": 6, "minimum_direct_gap_ev": 2.905263, "minimum_direct_gap_kpoint": [-0.4545455, 0.25, 1.276756e-15], "indirect_gap_ev": 2.0415170000000002, "sampled_kpoints": 11}, "overlap_norms": {"minimum_frobenius_norm_squared": 0.11650607692890112, "maximum_frobenius_norm_squared": 5.984863064818855}, "recorded_utc": "2026-09-23T14:25:34.144591+00:00", "archive": "/cmt2/lniu6305/H-Beryllene_20250718/9.0_topology/b-Beryllene_b/wcc_direct_v3/lowest_6/lines/line_20260923T142534_139093Z_7a312ac3"}
INFO:       Calculating line for N = 16
{"status": "validated", "nelect": 5, "vasp_nbands": 28, "wcc_count": 6, "gap": {"bands": 6, "minimum_direct_gap_ev": 2.697237, "minimum_direct_gap_kpoint": [-0.4666667, 0.25, 1.276756e-15], "indirect_gap_ev": 2.095692, "sampled_kpoints": 15}, "overlap_norms": {"minimum_frobenius_norm_squared": 0.12318156222246834, "maximum_frobenius_norm_squared": 5.9917903365517695}, "recorded_utc": "2026-09-23T14:25:43.122331+00:00", "archive": "/cmt2/lniu6305/H-Beryllene_20250718/9.0_topology/b-Beryllene_b/wcc_direct_v3/lowest_6/lines/line_20260923T142543_115675Z_e18722ff"}
INFO:       Calculating line for N = 20
{"status": "validated", "nelect": 5, "vasp_nbands": 28, "wcc_count": 6, "gap": {"bands": 6, "minimum_direct_gap_ev": 2.632501, "minimum_direct_gap_kpoint": [-0.4736842, 0.25, 1.276756e-15], "indirect_gap_ev": 2.0203610000000003, "sampled_kpoints": 19}, "overlap_norms": {"minimum_frobenius_norm_squared": 0.12759574967722842, "maximum_frobenius_norm_squared": 5.994952525481717}, "recorded_utc": "2026-09-23T14:25:52.393458+00:00", "archive": "/cmt2/lniu6305/H-Beryllene_20250718/9.0_topology/b-Beryllene_b/wcc_direct_v3/lowest_6/lines/line_20260923T142552_386123Z_30dc6b31"}
INFO:       Calculating line for N = 24
{"status": "validated", "nelect": 5, "vasp_nbands": 28, "wcc_count": 6, "gap": {"bands": 6, "minimum_direct_gap_ev": 2.613729, "minimum_direct_gap_kpoint": [-0.4782609, 0.25, 1.276756e-15], "indirect_gap_ev": 2.053207, "sampled_kpoints": 23}, "overlap_norms": {"minimum_frobenius_norm_squared": 0.13072880255573868, "maximum_frobenius_norm_squared": 5.996540766162923}, "recorded_utc": "2026-09-23T14:26:04.497338+00:00", "archive": "/cmt2/lniu6305/H-Beryllene_20250718/9.0_topology/b-Beryllene_b/wcc_direct_v3/lowest_6/lines/line_20260923T142604_489276Z_0a18aa93"}
INFO:       Calculating line for N = 28
{"status": "validated", "nelect": 5, "vasp_nbands": 28, "wcc_count": 6, "gap": {"bands": 6, "minimum_direct_gap_ev": 2.611624, "minimum_direct_gap_kpoint": [-0.4814815, 0.25, 1.276756e-15], "indirect_gap_ev": 2.036941, "sampled_kpoints": 27}, "overlap_norms": {"minimum_frobenius_norm_squared": 0.1330671447548723, "maximum_frobenius_norm_squared": 5.997503702298079}, "recorded_utc": "2026-09-23T14:26:17.548198+00:00", "archive": "/cmt2/lniu6305/H-Beryllene_20250718/9.0_topology/b-Beryllene_b/wcc_direct_v3/lowest_6/lines/line_20260923T142617_539822Z_5595f8d5"}
INFO:       Calculating line for N = 32
{"status": "validated", "nelect": 5, "vasp_nbands": 28, "wcc_count": 6, "gap": {"bands": 6, "minimum_direct_gap_ev": 2.6158799999999998, "minimum_direct_gap_kpoint": [-0.483871, 0.25, 1.276756e-15], "indirect_gap_ev": 2.052947, "sampled_kpoints": 31}, "overlap_norms": {"minimum_frobenius_norm_squared": 0.1348787194243863, "maximum_frobenius_norm_squared": 5.998101634503205}, "recorded_utc": "2026-09-23T14:26:33.278722+00:00", "archive": "/cmt2/lniu6305/H-Beryllene_20250718/9.0_topology/b-Beryllene_b/wcc_direct_v3/lowest_6/lines/line_20260923T142633_269512Z_d08dd4e7"}
INFO:       Calculating line for N = 36
{"status": "validated", "nelect": 5, "vasp_nbands": 28, "wcc_count": 6, "gap": {"bands": 6, "minimum_direct_gap_ev": 2.612552, "minimum_direct_gap_kpoint": [0.2285714, 0.25, 1.276756e-15], "indirect_gap_ev": 2.0206199999999996, "sampled_kpoints": 35}, "overlap_norms": {"minimum_frobenius_norm_squared": 0.1363234724981821, "maximum_frobenius_norm_squared": 5.998515186730935}, "recorded_utc": "2026-09-23T14:26:50.685915+00:00", "archive": "/cmt2/lniu6305/H-Beryllene_20250718/9.0_topology/b-Beryllene_b/wcc_direct_v3/lowest_6/lines/line_20260923T142650_675924Z_bab126df"}
INFO:       Calculating line for N = 40
{"status": "validated", "nelect": 5, "vasp_nbands": 28, "wcc_count": 6, "gap": {"bands": 6, "minimum_direct_gap_ev": 2.610668, "minimum_direct_gap_kpoint": [0.2307692, 0.25, 1.276756e-15], "indirect_gap_ev": 2.026202, "sampled_kpoints": 39}, "overlap_norms": {"minimum_frobenius_norm_squared": 0.13750246261108665, "maximum_frobenius_norm_squared": 5.998802225114051}, "recorded_utc": "2026-09-23T14:27:09.587803+00:00", "archive": "/cmt2/lniu6305/H-Beryllene_20250718/9.0_topology/b-Beryllene_b/wcc_direct_v3/lowest_6/lines/line_20260923T142709_577147Z_cffb2e8b"}
INFO: Adding line at t = 0.55
INFO:       Calculating line for N = 12
INFO: Saving surface result to file /cmt2/lniu6305/H-Beryllene_20250718/9.0_topology/b-Beryllene_b/wcc_direct_v3/lowest_6/checkpoint.json (ASYNC)
{"status": "validated", "nelect": 5, "vasp_nbands": 28, "wcc_count": 6, "gap": {"bands": 6, "minimum_direct_gap_ev": 2.803556, "minimum_direct_gap_kpoint": [0.1818182, 0.275, 1.276756e-15], "indirect_gap_ev": 1.5397109999999998, "sampled_kpoints": 11}, "overlap_norms": {"minimum_frobenius_norm_squared": 0.12189194438502284, "maximum_frobenius_norm_squared": 5.982990507035288}, "recorded_utc": "2026-09-23T14:27:17.272840+00:00", "archive": "/cmt2/lniu6305/H-Beryllene_20250718/9.0_topology/b-Beryllene_b/wcc_direct_v3/lowest_6/lines/line_20260923T142717_266766Z_6353796d"}
INFO:       Calculating line for N = 16
{"status": "validated", "nelect": 5, "vasp_nbands": 28, "wcc_count": 6, "gap": {"bands": 6, "minimum_direct_gap_ev": 2.39326, "minimum_direct_gap_kpoint": [0.2, 0.275, 1.276756e-15], "indirect_gap_ev": 1.582341, "sampled_kpoints": 15}, "overlap_norms": {"minimum_frobenius_norm_squared": 0.12912979282980155, "maximum_frobenius_norm_squared": 5.990706411670677}, "recorded_utc": "2026-09-23T14:27:26.425539+00:00", "archive": "/cmt2/lniu6305/H-Beryllene_20250718/9.0_topology/b-Beryllene_b/wcc_direct_v3/lowest_6/lines/line_20260923T142726_419207Z_e7f3606a"}
INFO:       Calculating line for N = 20
{"status": "validated", "nelect": 5, "vasp_nbands": 28, "wcc_count": 6, "gap": {"bands": 6, "minimum_direct_gap_ev": 2.2683500000000003, "minimum_direct_gap_kpoint": [0.2105263, 0.275, 1.276756e-15], "indirect_gap_ev": 1.485369, "sampled_kpoints": 19}, "overlap_norms": {"minimum_frobenius_norm_squared": 0.13393009824921479, "maximum_frobenius_norm_squared": 5.994311595588016}, "recorded_utc": "2026-09-23T14:27:36.972654+00:00", "archive": "/cmt2/lniu6305/H-Beryllene_20250718/9.0_topology/b-Beryllene_b/wcc_direct_v3/lowest_6/lines/line_20260923T142736_965143Z_36debaad"}
INFO:       Calculating line for N = 24
{"status": "validated", "nelect": 5, "vasp_nbands": 28, "wcc_count": 6, "gap": {"bands": 6, "minimum_direct_gap_ev": 2.238537, "minimum_direct_gap_kpoint": [0.2173913, 0.275, 1.276756e-15], "indirect_gap_ev": 1.509175, "sampled_kpoints": 23}, "overlap_norms": {"minimum_frobenius_norm_squared": 0.13734391899371537, "maximum_frobenius_norm_squared": 5.996105201429188}, "recorded_utc": "2026-09-23T14:27:49.504679+00:00", "archive": "/cmt2/lniu6305/H-Beryllene_20250718/9.0_topology/b-Beryllene_b/wcc_direct_v3/lowest_6/lines/line_20260923T142749_496607Z_34206071"}
INFO:       Calculating line for N = 28
{"status": "validated", "nelect": 5, "vasp_nbands": 28, "wcc_count": 6, "gap": {"bands": 6, "minimum_direct_gap_ev": 2.241943, "minimum_direct_gap_kpoint": [0.2222222, 0.275, 1.276756e-15], "indirect_gap_ev": 1.495994, "sampled_kpoints": 27}, "overlap_norms": {"minimum_frobenius_norm_squared": 0.13989549962295333, "maximum_frobenius_norm_squared": 5.997183586476317}, "recorded_utc": "2026-09-23T14:28:03.448043+00:00", "archive": "/cmt2/lniu6305/H-Beryllene_20250718/9.0_topology/b-Beryllene_b/wcc_direct_v3/lowest_6/lines/line_20260923T142803_439415Z_ec8c10c0"}
INFO:       Calculating line for N = 32
{"status": "validated", "nelect": 5, "vasp_nbands": 28, "wcc_count": 6, "gap": {"bands": 6, "minimum_direct_gap_ev": 2.256805, "minimum_direct_gap_kpoint": [0.2258065, 0.275, 1.276756e-15], "indirect_gap_ev": 1.4965199999999999, "sampled_kpoints": 31}, "overlap_norms": {"minimum_frobenius_norm_squared": 0.14187443987713366, "maximum_frobenius_norm_squared": 5.997864007681513}, "recorded_utc": "2026-09-23T14:28:19.254766+00:00", "archive": "/cmt2/lniu6305/H-Beryllene_20250718/9.0_topology/b-Beryllene_b/wcc_direct_v3/lowest_6/lines/line_20260923T142819_245231Z_d427d7f7"}
INFO:       Calculating line for N = 36
{"status": "validated", "nelect": 5, "vasp_nbands": 28, "wcc_count": 6, "gap": {"bands": 6, "minimum_direct_gap_ev": 2.267712, "minimum_direct_gap_kpoint": [-0.4857143, 0.275, 1.276756e-15], "indirect_gap_ev": 1.4904330000000001, "sampled_kpoints": 35}, "overlap_norms": {"minimum_frobenius_norm_squared": 0.14345394280087095, "maximum_frobenius_norm_squared": 5.998323816415295}, "recorded_utc": "2026-09-23T14:28:36.630905+00:00", "archive": "/cmt2/lniu6305/H-Beryllene_20250718/9.0_topology/b-Beryllene_b/wcc_direct_v3/lowest_6/lines/line_20260923T142836_620914Z_5da6c0be"}
INFO:       Calculating line for N = 40
{"status": "validated", "nelect": 5, "vasp_nbands": 28, "wcc_count": 6, "gap": {"bands": 6, "minimum_direct_gap_ev": 2.258165, "minimum_direct_gap_kpoint": [-0.4871795, 0.275, 1.276756e-15], "indirect_gap_ev": 1.48659, "sampled_kpoints": 39}, "overlap_norms": {"minimum_frobenius_norm_squared": 0.1447437673848705, "maximum_frobenius_norm_squared": 5.998651993772992}, "recorded_utc": "2026-09-23T14:28:56.954171+00:00", "archive": "/cmt2/lniu6305/H-Beryllene_20250718/9.0_topology/b-Beryllene_b/wcc_direct_v3/lowest_6/lines/line_20260923T142856_943122Z_4aa4b726"}
INFO:       Calculating line for N = 44
{"status": "validated", "nelect": 5, "vasp_nbands": 28, "wcc_count": 6, "gap": {"bands": 6, "minimum_direct_gap_ev": 2.251788, "minimum_direct_gap_kpoint": [-0.4883721, 0.275, 1.276756e-15], "indirect_gap_ev": 1.5084549999999999, "sampled_kpoints": 43}, "overlap_norms": {"minimum_frobenius_norm_squared": 0.1458169828388744, "maximum_frobenius_norm_squared": 5.99888936712284}, "recorded_utc": "2026-09-23T14:29:16.143790+00:00", "archive": "/cmt2/lniu6305/H-Beryllene_20250718/9.0_topology/b-Beryllene_b/wcc_direct_v3/lowest_6/lines/line_20260923T142916_132435Z_acee80d6"}
INFO:       Calculating line for N = 48
{"status": "validated", "nelect": 5, "vasp_nbands": 28, "wcc_count": 6, "gap": {"bands": 6, "minimum_direct_gap_ev": 2.247445, "minimum_direct_gap_kpoint": [-0.4893617, 0.275, 1.276756e-15], "indirect_gap_ev": 1.4902980000000001, "sampled_kpoints": 47}, "overlap_norms": {"minimum_frobenius_norm_squared": 0.1467238359784651, "maximum_frobenius_norm_squared": 5.999072141813465}, "recorded_utc": "2026-09-23T14:29:38.185908+00:00", "archive": "/cmt2/lniu6305/H-Beryllene_20250718/9.0_topology/b-Beryllene_b/wcc_direct_v3/lowest_6/lines/line_20260923T142938_173344Z_6645b784"}
INFO: Adding line at t = 0.6000000000000001
INFO:       Calculating line for N = 12
INFO: Saving surface result to file /cmt2/lniu6305/H-Beryllene_20250718/9.0_topology/b-Beryllene_b/wcc_direct_v3/lowest_6/checkpoint.json (ASYNC)
{"status": "validated", "nelect": 5, "vasp_nbands": 28, "wcc_count": 6, "gap": {"bands": 6, "minimum_direct_gap_ev": 2.016336, "minimum_direct_gap_kpoint": [0.1818182, 0.3, 1.276756e-15], "indirect_gap_ev": 0.897872, "sampled_kpoints": 11}, "overlap_norms": {"minimum_frobenius_norm_squared": 0.12883434838274463, "maximum_frobenius_norm_squared": 5.980094550878161}, "recorded_utc": "2026-09-23T14:29:46.448865+00:00", "archive": "/cmt2/lniu6305/H-Beryllene_20250718/9.0_topology/b-Beryllene_b/wcc_direct_v3/lowest_6/lines/line_20260923T142946_442576Z_6de52d1f"}
INFO:       Calculating line for N = 16
{"status": "validated", "nelect": 5, "vasp_nbands": 28, "wcc_count": 6, "gap": {"bands": 6, "minimum_direct_gap_ev": 1.773754, "minimum_direct_gap_kpoint": [0.2, 0.3, 1.276756e-15], "indirect_gap_ev": 0.92632, "sampled_kpoints": 15}, "overlap_norms": {"minimum_frobenius_norm_squared": 0.13678501064477452, "maximum_frobenius_norm_squared": 5.989295881365866}, "recorded_utc": "2026-09-23T14:29:54.947356+00:00", "archive": "/cmt2/lniu6305/H-Beryllene_20250718/9.0_topology/b-Beryllene_b/wcc_direct_v3/lowest_6/lines/line_20260923T142954_940611Z_81d83303"}
INFO:       Calculating line for N = 20
{"status": "validated", "nelect": 5, "vasp_nbands": 28, "wcc_count": 6, "gap": {"bands": 6, "minimum_direct_gap_ev": 1.752725, "minimum_direct_gap_kpoint": [0.2105263, 0.3, 1.276756e-15], "indirect_gap_ev": 0.9466720000000001, "sampled_kpoints": 19}, "overlap_norms": {"minimum_frobenius_norm_squared": 0.14207143933227545, "maximum_frobenius_norm_squared": 5.993325709665223}, "recorded_utc": "2026-09-23T14:30:04.354729+00:00", "archive": "/cmt2/lniu6305/H-Beryllene_20250718/9.0_topology/b-Beryllene_b/wcc_direct_v3/lowest_6/lines/line_20260923T143004_347339Z_0928c839"}
INFO:       Calculating line for N = 24
{"status": "validated", "nelect": 5, "vasp_nbands": 28, "wcc_count": 6, "gap": {"bands": 6, "minimum_direct_gap_ev": 1.783883, "minimum_direct_gap_kpoint": [0.2173913, 0.3, 1.276756e-15], "indirect_gap_ev": 0.887519, "sampled_kpoints": 23}, "overlap_norms": {"minimum_frobenius_norm_squared": 0.14583756551172136, "maximum_frobenius_norm_squared": 5.995479672492952}, "recorded_utc": "2026-09-23T14:30:16.864874+00:00", "archive": "/cmt2/lniu6305/H-Beryllene_20250718/9.0_topology/b-Beryllene_b/wcc_direct_v3/lowest_6/lines/line_20260923T143016_856914Z_65300590"}
INFO:       Calculating line for N = 28
{"status": "validated", "nelect": 5, "vasp_nbands": 28, "wcc_count": 6, "gap": {"bands": 6, "minimum_direct_gap_ev": 1.79345, "minimum_direct_gap_kpoint": [0.4814815, 0.3, 1.276756e-15], "indirect_gap_ev": 0.90204, "sampled_kpoints": 27}, "overlap_norms": {"minimum_frobenius_norm_squared": 0.1486556750760762, "maximum_frobenius_norm_squared": 5.9967016215150295}, "recorded_utc": "2026-09-23T14:30:30.435730+00:00", "archive": "/cmt2/lniu6305/H-Beryllene_20250718/9.0_topology/b-Beryllene_b/wcc_direct_v3/lowest_6/lines/line_20260923T143030_427010Z_dfbb8702"}
INFO:       Calculating line for N = 32
{"status": "validated", "nelect": 5, "vasp_nbands": 28, "wcc_count": 6, "gap": {"bands": 6, "minimum_direct_gap_ev": 1.777282, "minimum_direct_gap_kpoint": [0.483871, 0.3, 1.276756e-15], "indirect_gap_ev": 0.874119, "sampled_kpoints": 31}, "overlap_norms": {"minimum_frobenius_norm_squared": 0.15084343338971357, "maximum_frobenius_norm_squared": 5.997511814058328}, "recorded_utc": "2026-09-23T14:30:46.376688+00:00", "archive": "/cmt2/lniu6305/H-Beryllene_20250718/9.0_topology/b-Beryllene_b/wcc_direct_v3/lowest_6/lines/line_20260923T143046_367084Z_3d0c03e9"}
INFO:       Calculating line for N = 36
{"status": "validated", "nelect": 5, "vasp_nbands": 28, "wcc_count": 6, "gap": {"bands": 6, "minimum_direct_gap_ev": 1.767278, "minimum_direct_gap_kpoint": [0.4857143, 0.3, 1.276756e-15], "indirect_gap_ev": 0.8747219999999999, "sampled_kpoints": 35}, "overlap_norms": {"minimum_frobenius_norm_squared": 0.15259094870481185, "maximum_frobenius_norm_squared": 5.99804712671044}, "recorded_utc": "2026-09-23T14:31:03.841352+00:00", "archive": "/cmt2/lniu6305/H-Beryllene_20250718/9.0_topology/b-Beryllene_b/wcc_direct_v3/lowest_6/lines/line_20260923T143103_831329Z_f94a4aa3"}
INFO:       Calculating line for N = 40
{"status": "validated", "nelect": 5, "vasp_nbands": 28, "wcc_count": 6, "gap": {"bands": 6, "minimum_direct_gap_ev": 1.752425, "minimum_direct_gap_kpoint": [0.2051282, 0.3, 1.276756e-15], "indirect_gap_ev": 0.876889, "sampled_kpoints": 39}, "overlap_norms": {"minimum_frobenius_norm_squared": 0.15401882594166563, "maximum_frobenius_norm_squared": 5.99842630914083}, "recorded_utc": "2026-09-23T14:31:22.873729+00:00", "archive": "/cmt2/lniu6305/H-Beryllene_20250718/9.0_topology/b-Beryllene_b/wcc_direct_v3/lowest_6/lines/line_20260923T143122_862932Z_c3a4df27"}
INFO: Adding line at t = 0.65
INFO:       Calculating line for N = 12
INFO: Saving surface result to file /cmt2/lniu6305/H-Beryllene_20250718/9.0_topology/b-Beryllene_b/wcc_direct_v3/lowest_6/checkpoint.json (ASYNC)
{"status": "validated", "nelect": 5, "vasp_nbands": 28, "wcc_count": 6, "gap": {"bands": 6, "minimum_direct_gap_ev": 1.3037379999999998, "minimum_direct_gap_kpoint": [0.1818182, 0.325, 1.276756e-15], "indirect_gap_ev": 0.3355969999999999, "sampled_kpoints": 11}, "overlap_norms": {"minimum_frobenius_norm_squared": 0.13778485569591886, "maximum_frobenius_norm_squared": 5.975518787368585}, "recorded_utc": "2026-09-23T14:31:30.323546+00:00", "archive": "/cmt2/lniu6305/H-Beryllene_20250718/9.0_topology/b-Beryllene_b/wcc_direct_v3/lowest_6/lines/line_20260923T143130_317911Z_e407a540"}
INFO:       Calculating line for N = 16
{"status": "validated", "nelect": 5, "vasp_nbands": 28, "wcc_count": 6, "gap": {"bands": 6, "minimum_direct_gap_ev": 1.206178, "minimum_direct_gap_kpoint": [0.2, 0.325, 1.276756e-15], "indirect_gap_ev": 0.3660260000000002, "sampled_kpoints": 15}, "overlap_norms": {"minimum_frobenius_norm_squared": 0.1466623807813362, "maximum_frobenius_norm_squared": 5.987067349055997}, "recorded_utc": "2026-09-23T14:31:39.585281+00:00", "archive": "/cmt2/lniu6305/H-Beryllene_20250718/9.0_topology/b-Beryllene_b/wcc_direct_v3/lowest_6/lines/line_20260923T143139_578767Z_b20789fe"}
INFO:       Calculating line for N = 20
{"status": "validated", "nelect": 5, "vasp_nbands": 28, "wcc_count": 6, "gap": {"bands": 6, "minimum_direct_gap_ev": 1.2092990000000001, "minimum_direct_gap_kpoint": [0.4736842, 0.325, 1.276756e-15], "indirect_gap_ev": 0.3738969999999999, "sampled_kpoints": 19}, "overlap_norms": {"minimum_frobenius_norm_squared": 0.15257696502474766, "maximum_frobenius_norm_squared": 5.991861262175119}, "recorded_utc": "2026-09-23T14:31:50.350561+00:00", "archive": "/cmt2/lniu6305/H-Beryllene_20250718/9.0_topology/b-Beryllene_b/wcc_direct_v3/lowest_6/lines/line_20260923T143150_343498Z_a1b042e2"}
INFO:       Calculating line for N = 24
{"status": "validated", "nelect": 5, "vasp_nbands": 28, "wcc_count": 6, "gap": {"bands": 6, "minimum_direct_gap_ev": 1.208548, "minimum_direct_gap_kpoint": [0.4782609, 0.325, 1.276756e-15], "indirect_gap_ev": 0.27667200000000003, "sampled_kpoints": 23}, "overlap_norms": {"minimum_frobenius_norm_squared": 0.15679583934199567, "maximum_frobenius_norm_squared": 5.994495685467691}, "recorded_utc": "2026-09-23T14:32:03.010312+00:00", "archive": "/cmt2/lniu6305/H-Beryllene_20250718/9.0_topology/b-Beryllene_b/wcc_direct_v3/lowest_6/lines/line_20260923T143203_002137Z_e5eee78b"}
INFO: Adding line at t = 0.7000000000000001
INFO:       Calculating line for N = 12
INFO: Saving surface result to file /cmt2/lniu6305/H-Beryllene_20250718/9.0_topology/b-Beryllene_b/wcc_direct_v3/lowest_6/checkpoint.json (ASYNC)
{"status": "validated", "nelect": 5, "vasp_nbands": 28, "wcc_count": 6, "gap": {"bands": 6, "minimum_direct_gap_ev": 0.751098, "minimum_direct_gap_kpoint": [0.4545455, 0.35, 1.276756e-15], "indirect_gap_ev": -0.00460499999999997, "sampled_kpoints": 11}, "overlap_norms": {"minimum_frobenius_norm_squared": 0.1493154844478482, "maximum_frobenius_norm_squared": 5.967858024393875}, "recorded_utc": "2026-09-23T14:32:10.668485+00:00", "archive": "/cmt2/lniu6305/H-Beryllene_20250718/9.0_topology/b-Beryllene_b/wcc_direct_v3/lowest_6/lines/line_20260923T143210_662332Z_8a9632b8"}
INFO:       Calculating line for N = 16
{"status": "validated", "nelect": 5, "vasp_nbands": 28, "wcc_count": 6, "gap": {"bands": 6, "minimum_direct_gap_ev": 0.742872, "minimum_direct_gap_kpoint": [0.2, 0.35, 1.276756e-15], "indirect_gap_ev": -0.09516300000000011, "sampled_kpoints": 15}, "overlap_norms": {"minimum_frobenius_norm_squared": 0.15942125578559718, "maximum_frobenius_norm_squared": 5.983440833748287}, "recorded_utc": "2026-09-23T14:32:19.798415+00:00", "archive": "/cmt2/lniu6305/H-Beryllene_20250718/9.0_topology/b-Beryllene_b/wcc_direct_v3/lowest_6/lines/line_20260923T143219_791445Z_eb447140"}
INFO:       Calculating line for N = 20
{"status": "validated", "nelect": 5, "vasp_nbands": 28, "wcc_count": 6, "gap": {"bands": 6, "minimum_direct_gap_ev": 0.758684, "minimum_direct_gap_kpoint": [0.2105263, 0.35, 1.276756e-15], "indirect_gap_ev": -0.11755499999999985, "sampled_kpoints": 19}, "overlap_norms": {"minimum_frobenius_norm_squared": 0.16616218595900156, "maximum_frobenius_norm_squared": 5.989686543368321}, "recorded_utc": "2026-09-23T14:32:30.393254+00:00", "archive": "/cmt2/lniu6305/H-Beryllene_20250718/9.0_topology/b-Beryllene_b/wcc_direct_v3/lowest_6/lines/line_20260923T143230_385899Z_794a0733"}
INFO:       Calculating line for N = 24
{"status": "validated", "nelect": 5, "vasp_nbands": 28, "wcc_count": 6, "gap": {"bands": 6, "minimum_direct_gap_ev": 0.7789070000000001, "minimum_direct_gap_kpoint": [0.4347826, 0.35, 1.276756e-15], "indirect_gap_ev": -0.10073100000000013, "sampled_kpoints": 23}, "overlap_norms": {"minimum_frobenius_norm_squared": 0.17097303457007781, "maximum_frobenius_norm_squared": 5.992898580666727}, "recorded_utc": "2026-09-23T14:32:43.171136+00:00", "archive": "/cmt2/lniu6305/H-Beryllene_20250718/9.0_topology/b-Beryllene_b/wcc_direct_v3/lowest_6/lines/line_20260923T143243_163073Z_24f0c54d"}
INFO: Adding line at t = 0.75
INFO:       Calculating line for N = 12
INFO: Saving surface result to file /cmt2/lniu6305/H-Beryllene_20250718/9.0_topology/b-Beryllene_b/wcc_direct_v3/lowest_6/checkpoint.json (ASYNC)
{"status": "validated", "nelect": 5, "vasp_nbands": 28, "wcc_count": 6, "gap": {"bands": 6, "minimum_direct_gap_ev": 0.6900099999999999, "minimum_direct_gap_kpoint": [0.1818182, 0.375, 1.276756e-15], "indirect_gap_ev": -0.021194000000000157, "sampled_kpoints": 11}, "overlap_norms": {"minimum_frobenius_norm_squared": 0.16399592715671227, "maximum_frobenius_norm_squared": 5.955421672740637}, "recorded_utc": "2026-09-23T14:32:49.796611+00:00", "archive": "/cmt2/lniu6305/H-Beryllene_20250718/9.0_topology/b-Beryllene_b/wcc_direct_v3/lowest_6/lines/line_20260923T143249_790798Z_345bc230"}
INFO:       Calculating line for N = 16
{"status": "validated", "nelect": 5, "vasp_nbands": 28, "wcc_count": 6, "gap": {"bands": 6, "minimum_direct_gap_ev": 0.436512, "minimum_direct_gap_kpoint": [0.4, 0.375, 1.276756e-15], "indirect_gap_ev": -0.055100999999999845, "sampled_kpoints": 15}, "overlap_norms": {"minimum_frobenius_norm_squared": 0.1757211862508689, "maximum_frobenius_norm_squared": 5.9771074358519805}, "recorded_utc": "2026-09-23T14:32:59.875019+00:00", "archive": "/cmt2/lniu6305/H-Beryllene_20250718/9.0_topology/b-Beryllene_b/wcc_direct_v3/lowest_6/lines/line_20260923T143259_868394Z_326852fc"}
INFO:       Calculating line for N = 20
{"status": "validated", "nelect": 5, "vasp_nbands": 28, "wcc_count": 6, "gap": {"bands": 6, "minimum_direct_gap_ev": 0.43217300000000003, "minimum_direct_gap_kpoint": [0.2105263, 0.375, 1.276756e-15], "indirect_gap_ev": -0.06398700000000002, "sampled_kpoints": 19}, "overlap_norms": {"minimum_frobenius_norm_squared": 0.18353689328103687, "maximum_frobenius_norm_squared": 5.985974833308991}, "recorded_utc": "2026-09-23T14:33:11.459510+00:00", "archive": "/cmt2/lniu6305/H-Beryllene_20250718/9.0_topology/b-Beryllene_b/wcc_direct_v3/lowest_6/lines/line_20260923T143311_452324Z_e628c70f"}
INFO:       Calculating line for N = 24
{"status": "validated", "nelect": 5, "vasp_nbands": 28, "wcc_count": 6, "gap": {"bands": 6, "minimum_direct_gap_ev": 0.4186899999999999, "minimum_direct_gap_kpoint": [0.2173913, 0.375, 1.276756e-15], "indirect_gap_ev": -0.06072000000000011, "sampled_kpoints": 23}, "overlap_norms": {"minimum_frobenius_norm_squared": 0.1891104097688577, "maximum_frobenius_norm_squared": 5.99041703244823}, "recorded_utc": "2026-09-23T14:33:22.408028+00:00", "archive": "/cmt2/lniu6305/H-Beryllene_20250718/9.0_topology/b-Beryllene_b/wcc_direct_v3/lowest_6/lines/line_20260923T143322_400191Z_24f7839c"}
INFO:       Calculating line for N = 28
{"status": "validated", "nelect": 5, "vasp_nbands": 28, "wcc_count": 6, "gap": {"bands": 6, "minimum_direct_gap_ev": 0.4197580000000001, "minimum_direct_gap_kpoint": [0.4074074, 0.375, 1.276756e-15], "indirect_gap_ev": -0.05718699999999988, "sampled_kpoints": 27}, "overlap_norms": {"minimum_frobenius_norm_squared": 0.19328242573461815, "maximum_frobenius_norm_squared": 5.992999167010753}, "recorded_utc": "2026-09-23T14:33:36.582082+00:00", "archive": "/cmt2/lniu6305/H-Beryllene_20250718/9.0_topology/b-Beryllene_b/wcc_direct_v3/lowest_6/lines/line_20260923T143336_573335Z_d2644f73"}
INFO:       Calculating line for N = 32
{"status": "validated", "nelect": 5, "vasp_nbands": 28, "wcc_count": 6, "gap": {"bands": 6, "minimum_direct_gap_ev": 0.439157, "minimum_direct_gap_kpoint": [0.2258065, 0.375, 1.276756e-15], "indirect_gap_ev": -0.06085600000000002, "sampled_kpoints": 31}, "overlap_norms": {"minimum_frobenius_norm_squared": 0.19652133874669017, "maximum_frobenius_norm_squared": 5.994721901999795}, "recorded_utc": "2026-09-23T14:33:53.417656+00:00", "archive": "/cmt2/lniu6305/H-Beryllene_20250718/9.0_topology/b-Beryllene_b/wcc_direct_v3/lowest_6/lines/line_20260923T143353_407853Z_7a49eb2b"}
INFO:       Calculating line for N = 36
{"status": "validated", "nelect": 5, "vasp_nbands": 28, "wcc_count": 6, "gap": {"bands": 6, "minimum_direct_gap_ev": 0.436512, "minimum_direct_gap_kpoint": [0.4, 0.375, 1.276756e-15], "indirect_gap_ev": -0.05871699999999991, "sampled_kpoints": 35}, "overlap_norms": {"minimum_frobenius_norm_squared": 0.19910820492714645, "maximum_frobenius_norm_squared": 5.995875205250319}, "recorded_utc": "2026-09-23T14:34:10.400458+00:00", "archive": "/cmt2/lniu6305/H-Beryllene_20250718/9.0_topology/b-Beryllene_b/wcc_direct_v3/lowest_6/lines/line_20260923T143410_390536Z_54490a0c"}
INFO: Adding line at t = 0.8
INFO:       Calculating line for N = 12
INFO: Saving surface result to file /cmt2/lniu6305/H-Beryllene_20250718/9.0_topology/b-Beryllene_b/wcc_direct_v3/lowest_6/checkpoint.json (ASYNC)
{"status": "validated", "nelect": 5, "vasp_nbands": 28, "wcc_count": 6, "gap": {"bands": 6, "minimum_direct_gap_ev": 0.791799, "minimum_direct_gap_kpoint": [0.3636364, 0.4, 1.276756e-15], "indirect_gap_ev": 0.39890599999999987, "sampled_kpoints": 11}, "overlap_norms": {"minimum_frobenius_norm_squared": 0.18156336486412636, "maximum_frobenius_norm_squared": 5.93511623687606}, "recorded_utc": "2026-09-23T14:34:18.262916+00:00", "archive": "/cmt2/lniu6305/H-Beryllene_20250718/9.0_topology/b-Beryllene_b/wcc_direct_v3/lowest_6/lines/line_20260923T143418_256499Z_4fb04238"}
INFO:       Calculating line for N = 16
{"status": "validated", "nelect": 5, "vasp_nbands": 28, "wcc_count": 6, "gap": {"bands": 6, "minimum_direct_gap_ev": 0.7291759999999999, "minimum_direct_gap_kpoint": [0.2, 0.4, 1.276756e-15], "indirect_gap_ev": 0.40252299999999996, "sampled_kpoints": 15}, "overlap_norms": {"minimum_frobenius_norm_squared": 0.19524344338924826, "maximum_frobenius_norm_squared": 5.96461181520284}, "recorded_utc": "2026-09-23T14:34:27.687096+00:00", "archive": "/cmt2/lniu6305/H-Beryllene_20250718/9.0_topology/b-Beryllene_b/wcc_direct_v3/lowest_6/lines/line_20260923T143427_680635Z_14b5124a"}
INFO:       Calculating line for N = 20
{"status": "validated", "nelect": 5, "vasp_nbands": 28, "wcc_count": 6, "gap": {"bands": 6, "minimum_direct_gap_ev": 0.701734, "minimum_direct_gap_kpoint": [0.2105263, 0.4, 1.276756e-15], "indirect_gap_ev": 0.398266, "sampled_kpoints": 19}, "overlap_norms": {"minimum_frobenius_norm_squared": 0.20430373896443257, "maximum_frobenius_norm_squared": 5.978948090687924}, "recorded_utc": "2026-09-23T14:34:40.025326+00:00", "archive": "/cmt2/lniu6305/H-Beryllene_20250718/9.0_topology/b-Beryllene_b/wcc_direct_v3/lowest_6/lines/line_20260923T143440_018377Z_c2088140"}
INFO:       Calculating line for N = 24
{"status": "validated", "nelect": 5, "vasp_nbands": 28, "wcc_count": 6, "gap": {"bands": 6, "minimum_direct_gap_ev": 0.7045290000000001, "minimum_direct_gap_kpoint": [0.3913043, 0.4, 1.276756e-15], "indirect_gap_ev": 0.39616399999999985, "sampled_kpoints": 23}, "overlap_norms": {"minimum_frobenius_norm_squared": 0.21072903987451597, "maximum_frobenius_norm_squared": 5.985820436947533}, "recorded_utc": "2026-09-23T14:34:53.031588+00:00", "archive": "/cmt2/lniu6305/H-Beryllene_20250718/9.0_topology/b-Beryllene_b/wcc_direct_v3/lowest_6/lines/line_20260923T143453_023571Z_92efc631"}
INFO:       Calculating line for N = 28
{"status": "validated", "nelect": 5, "vasp_nbands": 28, "wcc_count": 6, "gap": {"bands": 6, "minimum_direct_gap_ev": 0.7163869999999999, "minimum_direct_gap_kpoint": [0.2222222, 0.4, 1.276756e-15], "indirect_gap_ev": 0.394799, "sampled_kpoints": 27}, "overlap_norms": {"minimum_frobenius_norm_squared": 0.21551736718739442, "maximum_frobenius_norm_squared": 5.989720015394171}, "recorded_utc": "2026-09-23T14:35:06.874845+00:00", "archive": "/cmt2/lniu6305/H-Beryllene_20250718/9.0_topology/b-Beryllene_b/wcc_direct_v3/lowest_6/lines/line_20260923T143506_866089Z_2c14fcd2"}
INFO:       Calculating line for N = 32
{"status": "validated", "nelect": 5, "vasp_nbands": 28, "wcc_count": 6, "gap": {"bands": 6, "minimum_direct_gap_ev": 0.7015309999999999, "minimum_direct_gap_kpoint": [0.3870968, 0.4, 1.276756e-15], "indirect_gap_ev": 0.395234, "sampled_kpoints": 31}, "overlap_norms": {"minimum_frobenius_norm_squared": 0.2192209465491558, "maximum_frobenius_norm_squared": 5.992172657567871}, "recorded_utc": "2026-09-23T14:35:22.732258+00:00", "archive": "/cmt2/lniu6305/H-Beryllene_20250718/9.0_topology/b-Beryllene_b/wcc_direct_v3/lowest_6/lines/line_20260923T143522_722551Z_14ce9a37"}
INFO: Adding line at t = 0.8500000000000001
INFO:       Calculating line for N = 12
INFO: Saving surface result to file /cmt2/lniu6305/H-Beryllene_20250718/9.0_topology/b-Beryllene_b/wcc_direct_v3/lowest_6/checkpoint.json (ASYNC)
{"status": "validated", "nelect": 5, "vasp_nbands": 28, "wcc_count": 6, "gap": {"bands": 6, "minimum_direct_gap_ev": 1.1699899999999999, "minimum_direct_gap_kpoint": [0.3636364, 0.425, 1.276756e-15], "indirect_gap_ev": 0.9873439999999999, "sampled_kpoints": 11}, "overlap_norms": {"minimum_frobenius_norm_squared": 0.19904070044791752, "maximum_frobenius_norm_squared": 5.893990338854426}, "recorded_utc": "2026-09-23T14:35:30.485379+00:00", "archive": "/cmt2/lniu6305/H-Beryllene_20250718/9.0_topology/b-Beryllene_b/wcc_direct_v3/lowest_6/lines/line_20260923T143530_479320Z_884a859b"}
INFO:       Calculating line for N = 16
{"status": "validated", "nelect": 5, "vasp_nbands": 28, "wcc_count": 6, "gap": {"bands": 6, "minimum_direct_gap_ev": 1.173091, "minimum_direct_gap_kpoint": [0.2, 0.425, 1.276756e-15], "indirect_gap_ev": 0.987235, "sampled_kpoints": 15}, "overlap_norms": {"minimum_frobenius_norm_squared": 0.21437420617363562, "maximum_frobenius_norm_squared": 5.94234951110289}, "recorded_utc": "2026-09-23T14:35:39.919472+00:00", "archive": "/cmt2/lniu6305/H-Beryllene_20250718/9.0_topology/b-Beryllene_b/wcc_direct_v3/lowest_6/lines/line_20260923T143539_912682Z_8eb4213a"}
INFO:       Calculating line for N = 20
{"status": "validated", "nelect": 5, "vasp_nbands": 28, "wcc_count": 6, "gap": {"bands": 6, "minimum_direct_gap_ev": 1.169549, "minimum_direct_gap_kpoint": [0.2105263, 0.425, 1.276756e-15], "indirect_gap_ev": 0.988327, "sampled_kpoints": 19}, "overlap_norms": {"minimum_frobenius_norm_squared": 0.2243374862817713, "maximum_frobenius_norm_squared": 5.963721727120009}, "recorded_utc": "2026-09-23T14:35:51.304768+00:00", "archive": "/cmt2/lniu6305/H-Beryllene_20250718/9.0_topology/b-Beryllene_b/wcc_direct_v3/lowest_6/lines/line_20260923T143551_297303Z_4b40b0bc"}
INFO: Adding line at t = 0.9
INFO:       Calculating line for N = 12
INFO: Saving surface result to file /cmt2/lniu6305/H-Beryllene_20250718/9.0_topology/b-Beryllene_b/wcc_direct_v3/lowest_6/checkpoint.json (ASYNC)
{"status": "validated", "nelect": 5, "vasp_nbands": 28, "wcc_count": 6, "gap": {"bands": 6, "minimum_direct_gap_ev": 1.185774, "minimum_direct_gap_kpoint": [0.2727273, 0.45, 1.276756e-15], "indirect_gap_ev": 1.141432, "sampled_kpoints": 11}, "overlap_norms": {"minimum_frobenius_norm_squared": 0.21332046175085506, "maximum_frobenius_norm_squared": 5.792989425252883}, "recorded_utc": "2026-09-23T14:35:59.074532+00:00", "archive": "/cmt2/lniu6305/H-Beryllene_20250718/9.0_topology/b-Beryllene_b/wcc_direct_v3/lowest_6/lines/line_20260923T143559_068543Z_9adc908d"}
INFO:       Calculating line for N = 16
{"status": "validated", "nelect": 5, "vasp_nbands": 28, "wcc_count": 6, "gap": {"bands": 6, "minimum_direct_gap_ev": 1.195314, "minimum_direct_gap_kpoint": [0.2666667, 0.45, 1.276756e-15], "indirect_gap_ev": 1.1587610000000002, "sampled_kpoints": 15}, "overlap_norms": {"minimum_frobenius_norm_squared": 0.22934830789096733, "maximum_frobenius_norm_squared": 5.887771851164033}, "recorded_utc": "2026-09-23T14:36:08.786871+00:00", "archive": "/cmt2/lniu6305/H-Beryllene_20250718/9.0_topology/b-Beryllene_b/wcc_direct_v3/lowest_6/lines/line_20260923T143608_780273Z_be998f33"}
INFO:       Calculating line for N = 20
{"status": "validated", "nelect": 5, "vasp_nbands": 28, "wcc_count": 6, "gap": {"bands": 6, "minimum_direct_gap_ev": 1.205569, "minimum_direct_gap_kpoint": [0.2631579, 0.45, 1.276756e-15], "indirect_gap_ev": 1.1471749999999998, "sampled_kpoints": 19}, "overlap_norms": {"minimum_frobenius_norm_squared": 0.23973127622930768, "maximum_frobenius_norm_squared": 5.929507930218646}, "recorded_utc": "2026-09-23T14:36:20.302782+00:00", "archive": "/cmt2/lniu6305/H-Beryllene_20250718/9.0_topology/b-Beryllene_b/wcc_direct_v3/lowest_6/lines/line_20260923T143620_295560Z_e568a9e7"}
INFO:       Calculating line for N = 24
{"status": "validated", "nelect": 5, "vasp_nbands": 28, "wcc_count": 6, "gap": {"bands": 6, "minimum_direct_gap_ev": 1.2139900000000001, "minimum_direct_gap_kpoint": [0.2608696, 0.45, 1.276756e-15], "indirect_gap_ev": 1.1586210000000001, "sampled_kpoints": 23}, "overlap_norms": {"minimum_frobenius_norm_squared": 0.2470080207994246, "maximum_frobenius_norm_squared": 5.951586974723367}, "recorded_utc": "2026-09-23T14:36:33.425681+00:00", "archive": "/cmt2/lniu6305/H-Beryllene_20250718/9.0_topology/b-Beryllene_b/wcc_direct_v3/lowest_6/lines/line_20260923T143633_416378Z_86a66c58"}
INFO:       Calculating line for N = 28
{"status": "validated", "nelect": 5, "vasp_nbands": 28, "wcc_count": 6, "gap": {"bands": 6, "minimum_direct_gap_ev": 1.220686, "minimum_direct_gap_kpoint": [0.2592593, 0.45, 1.276756e-15], "indirect_gap_ev": 1.15489, "sampled_kpoints": 27}, "overlap_norms": {"minimum_frobenius_norm_squared": 0.25239105985862487, "maximum_frobenius_norm_squared": 5.9646883216153075}, "recorded_utc": "2026-09-23T14:36:48.283828+00:00", "archive": "/cmt2/lniu6305/H-Beryllene_20250718/9.0_topology/b-Beryllene_b/wcc_direct_v3/lowest_6/lines/line_20260923T143648_274803Z_aaf12881"}
INFO: Adding line at t = 0.9500000000000001
INFO:       Calculating line for N = 12
INFO: Saving surface result to file /cmt2/lniu6305/H-Beryllene_20250718/9.0_topology/b-Beryllene_b/wcc_direct_v3/lowest_6/checkpoint.json (ASYNC)
{"status": "validated", "nelect": 5, "vasp_nbands": 28, "wcc_count": 6, "gap": {"bands": 6, "minimum_direct_gap_ev": 1.139643, "minimum_direct_gap_kpoint": [0.2727273, 0.475, 1.276756e-15], "indirect_gap_ev": 0.684408, "sampled_kpoints": 11}, "overlap_norms": {"minimum_frobenius_norm_squared": 0.22259557537270142, "maximum_frobenius_norm_squared": 5.799770622743555}, "recorded_utc": "2026-09-23T14:36:56.130955+00:00", "archive": "/cmt2/lniu6305/H-Beryllene_20250718/9.0_topology/b-Beryllene_b/wcc_direct_v3/lowest_6/lines/line_20260923T143656_125043Z_53337918"}
INFO:       Calculating line for N = 16
{"status": "validated", "nelect": 5, "vasp_nbands": 28, "wcc_count": 6, "gap": {"bands": 6, "minimum_direct_gap_ev": 1.111786, "minimum_direct_gap_kpoint": [0.2666667, 0.475, 1.276756e-15], "indirect_gap_ev": 0.647478, "sampled_kpoints": 15}, "overlap_norms": {"minimum_frobenius_norm_squared": 0.24001584017732044, "maximum_frobenius_norm_squared": 5.894252951365307}, "recorded_utc": "2026-09-23T14:37:05.615059+00:00", "archive": "/cmt2/lniu6305/H-Beryllene_20250718/9.0_topology/b-Beryllene_b/wcc_direct_v3/lowest_6/lines/line_20260923T143705_608394Z_f2af4884"}
INFO:       Calculating line for N = 20
{"status": "validated", "nelect": 5, "vasp_nbands": 28, "wcc_count": 6, "gap": {"bands": 6, "minimum_direct_gap_ev": 1.106308, "minimum_direct_gap_kpoint": [0.2631579, 0.475, 1.276756e-15], "indirect_gap_ev": 0.637996, "sampled_kpoints": 19}, "overlap_norms": {"minimum_frobenius_norm_squared": 0.25147731194881756, "maximum_frobenius_norm_squared": 5.929579431439825}, "recorded_utc": "2026-09-23T14:37:17.083613+00:00", "archive": "/cmt2/lniu6305/H-Beryllene_20250718/9.0_topology/b-Beryllene_b/wcc_direct_v3/lowest_6/lines/line_20260923T143717_076091Z_61f4cac3"}
INFO:       Calculating line for N = 24
{"status": "validated", "nelect": 5, "vasp_nbands": 28, "wcc_count": 6, "gap": {"bands": 6, "minimum_direct_gap_ev": 1.107085, "minimum_direct_gap_kpoint": [0.2608696, 0.475, 1.276756e-15], "indirect_gap_ev": 0.636743, "sampled_kpoints": 23}, "overlap_norms": {"minimum_frobenius_norm_squared": 0.2595741230417956, "maximum_frobenius_norm_squared": 5.955386020090067}, "recorded_utc": "2026-09-23T14:37:29.775182+00:00", "archive": "/cmt2/lniu6305/H-Beryllene_20250718/9.0_topology/b-Beryllene_b/wcc_direct_v3/lowest_6/lines/line_20260923T143729_766953Z_1ddfc60b"}
INFO:       Calculating line for N = 28
{"status": "validated", "nelect": 5, "vasp_nbands": 28, "wcc_count": 6, "gap": {"bands": 6, "minimum_direct_gap_ev": 1.109689, "minimum_direct_gap_kpoint": [0.2592593, 0.475, 1.276756e-15], "indirect_gap_ev": 0.639211, "sampled_kpoints": 27}, "overlap_norms": {"minimum_frobenius_norm_squared": 0.2655922773249245, "maximum_frobenius_norm_squared": 5.968057011289678}, "recorded_utc": "2026-09-23T14:37:43.941494+00:00", "archive": "/cmt2/lniu6305/H-Beryllene_20250718/9.0_topology/b-Beryllene_b/wcc_direct_v3/lowest_6/lines/line_20260923T143743_932658Z_de81e3c4"}
INFO:       Calculating line for N = 32
{"status": "validated", "nelect": 5, "vasp_nbands": 28, "wcc_count": 6, "gap": {"bands": 6, "minimum_direct_gap_ev": 1.1127090000000002, "minimum_direct_gap_kpoint": [0.2580645, 0.475, 1.276756e-15], "indirect_gap_ev": 0.6416930000000001, "sampled_kpoints": 31}, "overlap_norms": {"minimum_frobenius_norm_squared": 0.2702372134680081, "maximum_frobenius_norm_squared": 5.975722988242988}, "recorded_utc": "2026-09-23T14:38:02.278395+00:00", "archive": "/cmt2/lniu6305/H-Beryllene_20250718/9.0_topology/b-Beryllene_b/wcc_direct_v3/lowest_6/lines/line_20260923T143802_269134Z_1b917004"}
INFO:       Calculating line for N = 36
{"status": "validated", "nelect": 5, "vasp_nbands": 28, "wcc_count": 6, "gap": {"bands": 6, "minimum_direct_gap_ev": 1.115664, "minimum_direct_gap_kpoint": [0.2571429, 0.475, 1.276756e-15], "indirect_gap_ev": 0.64432, "sampled_kpoints": 35}, "overlap_norms": {"minimum_frobenius_norm_squared": 0.27392950697342533, "maximum_frobenius_norm_squared": 5.980841790942134}, "recorded_utc": "2026-09-23T14:38:18.767750+00:00", "archive": "/cmt2/lniu6305/H-Beryllene_20250718/9.0_topology/b-Beryllene_b/wcc_direct_v3/lowest_6/lines/line_20260923T143818_757629Z_5364cbc1"}
INFO:       Calculating line for N = 40
{"status": "validated", "nelect": 5, "vasp_nbands": 28, "wcc_count": 6, "gap": {"bands": 6, "minimum_direct_gap_ev": 1.118398, "minimum_direct_gap_kpoint": [0.2564103, 0.475, 1.276756e-15], "indirect_gap_ev": 0.642899, "sampled_kpoints": 39}, "overlap_norms": {"minimum_frobenius_norm_squared": 0.2769339723879656, "maximum_frobenius_norm_squared": 5.984708308117446}, "recorded_utc": "2026-09-23T14:38:38.020954+00:00", "archive": "/cmt2/lniu6305/H-Beryllene_20250718/9.0_topology/b-Beryllene_b/wcc_direct_v3/lowest_6/lines/line_20260923T143838_010210Z_b702bf6a"}
INFO: Adding line at t = 1.0
INFO:       Calculating line for N = 12
INFO: Saving surface result to file /cmt2/lniu6305/H-Beryllene_20250718/9.0_topology/b-Beryllene_b/wcc_direct_v3/lowest_6/checkpoint.json (ASYNC)
{"status": "validated", "nelect": 5, "vasp_nbands": 28, "wcc_count": 6, "gap": {"bands": 6, "minimum_direct_gap_ev": 1.332636, "minimum_direct_gap_kpoint": [0.2727273, 0.5, 1.276756e-15], "indirect_gap_ev": 0.49716299999999997, "sampled_kpoints": 11}, "overlap_norms": {"minimum_frobenius_norm_squared": 0.22491546271860752, "maximum_frobenius_norm_squared": 5.811364662592063}, "recorded_utc": "2026-09-23T14:38:45.932061+00:00", "archive": "/cmt2/lniu6305/H-Beryllene_20250718/9.0_topology/b-Beryllene_b/wcc_direct_v3/lowest_6/lines/line_20260923T143845_925882Z_a392f76b"}
INFO:       Calculating line for N = 16
{"status": "validated", "nelect": 5, "vasp_nbands": 28, "wcc_count": 6, "gap": {"bands": 6, "minimum_direct_gap_ev": 1.294261, "minimum_direct_gap_kpoint": [0.2666667, 0.5, 1.276756e-15], "indirect_gap_ev": 0.470065, "sampled_kpoints": 15}, "overlap_norms": {"minimum_frobenius_norm_squared": 0.2447583869548273, "maximum_frobenius_norm_squared": 5.9029628766221425}, "recorded_utc": "2026-09-23T14:38:55.383196+00:00", "archive": "/cmt2/lniu6305/H-Beryllene_20250718/9.0_topology/b-Beryllene_b/wcc_direct_v3/lowest_6/lines/line_20260923T143855_376653Z_b7bdd8f9"}
INFO:       Calculating line for N = 20
{"status": "validated", "nelect": 5, "vasp_nbands": 28, "wcc_count": 6, "gap": {"bands": 6, "minimum_direct_gap_ev": 1.276635, "minimum_direct_gap_kpoint": [0.2631579, 0.5, 1.276756e-15], "indirect_gap_ev": 0.45778199999999997, "sampled_kpoints": 19}, "overlap_norms": {"minimum_frobenius_norm_squared": 0.2577496711262109, "maximum_frobenius_norm_squared": 5.940664219276984}, "recorded_utc": "2026-09-23T14:39:06.614106+00:00", "archive": "/cmt2/lniu6305/H-Beryllene_20250718/9.0_topology/b-Beryllene_b/wcc_direct_v3/lowest_6/lines/line_20260923T143906_606919Z_40b28ee3"}
INFO:       Calculating line for N = 24
{"status": "validated", "nelect": 5, "vasp_nbands": 28, "wcc_count": 6, "gap": {"bands": 6, "minimum_direct_gap_ev": 1.2671670000000002, "minimum_direct_gap_kpoint": [0.2608696, 0.5, 1.276756e-15], "indirect_gap_ev": 0.451226, "sampled_kpoints": 23}, "overlap_norms": {"minimum_frobenius_norm_squared": 0.26682305030154524, "maximum_frobenius_norm_squared": 5.959906529033257}, "recorded_utc": "2026-09-23T14:39:19.642725+00:00", "archive": "/cmt2/lniu6305/H-Beryllene_20250718/9.0_topology/b-Beryllene_b/wcc_direct_v3/lowest_6/lines/line_20260923T143919_634434Z_466217bd"}
INFO:       Calculating line for N = 28
{"status": "validated", "nelect": 5, "vasp_nbands": 28, "wcc_count": 6, "gap": {"bands": 6, "minimum_direct_gap_ev": 1.26152, "minimum_direct_gap_kpoint": [0.2592593, 0.5, 1.276756e-15], "indirect_gap_ev": 0.447329, "sampled_kpoints": 27}, "overlap_norms": {"minimum_frobenius_norm_squared": 0.27348274406065315, "maximum_frobenius_norm_squared": 5.971015348736947}, "recorded_utc": "2026-09-23T14:39:34.474542+00:00", "archive": "/cmt2/lniu6305/H-Beryllene_20250718/9.0_topology/b-Beryllene_b/wcc_direct_v3/lowest_6/lines/line_20260923T143934_465921Z_f3ff74a2"}
INFO:       Calculating line for N = 32
{"status": "validated", "nelect": 5, "vasp_nbands": 28, "wcc_count": 6, "gap": {"bands": 6, "minimum_direct_gap_ev": 1.257887, "minimum_direct_gap_kpoint": [0.2580645, 0.5, 1.276756e-15], "indirect_gap_ev": 0.444828, "sampled_kpoints": 31}, "overlap_norms": {"minimum_frobenius_norm_squared": 0.27856307849305967, "maximum_frobenius_norm_squared": 5.978076628693095}, "recorded_utc": "2026-09-23T14:39:51.130638+00:00", "archive": "/cmt2/lniu6305/H-Beryllene_20250718/9.0_topology/b-Beryllene_b/wcc_direct_v3/lowest_6/lines/line_20260923T143951_120902Z_cb5184d6"}
INFO:       Calculating line for N = 36
{"status": "validated", "nelect": 5, "vasp_nbands": 28, "wcc_count": 6, "gap": {"bands": 6, "minimum_direct_gap_ev": 1.2554159999999999, "minimum_direct_gap_kpoint": [0.2571429, 0.5, 1.276756e-15], "indirect_gap_ev": 0.443129, "sampled_kpoints": 35}, "overlap_norms": {"minimum_frobenius_norm_squared": 0.28255927686011373, "maximum_frobenius_norm_squared": 5.982803463041599}, "recorded_utc": "2026-09-23T14:40:09.705029+00:00", "archive": "/cmt2/lniu6305/H-Beryllene_20250718/9.0_topology/b-Beryllene_b/wcc_direct_v3/lowest_6/lines/line_20260923T144009_695090Z_0911acc5"}
INFO:       Calculating line for N = 40
{"status": "validated", "nelect": 5, "vasp_nbands": 28, "wcc_count": 6, "gap": {"bands": 6, "minimum_direct_gap_ev": 1.253661, "minimum_direct_gap_kpoint": [0.2564103, 0.5, 1.276756e-15], "indirect_gap_ev": 0.441923, "sampled_kpoints": 39}, "overlap_norms": {"minimum_frobenius_norm_squared": 0.28578150526973856, "maximum_frobenius_norm_squared": 5.986165074722683}, "recorded_utc": "2026-09-23T14:40:29.996249+00:00", "archive": "/cmt2/lniu6305/H-Beryllene_20250718/9.0_topology/b-Beryllene_b/wcc_direct_v3/lowest_6/lines/line_20260923T144029_985635Z_6a350a23"}
INFO: Convergence criteria fulfilled for 18 of 20 neighbouring lines.
INFO: Adding line at t = 0.7250000000000001
INFO:       Calculating line for N = 12
INFO: Saving surface result to file /cmt2/lniu6305/H-Beryllene_20250718/9.0_topology/b-Beryllene_b/wcc_direct_v3/lowest_6/checkpoint.json (ASYNC)
{"status": "validated", "nelect": 5, "vasp_nbands": 28, "wcc_count": 6, "gap": {"bands": 6, "minimum_direct_gap_ev": 0.704183, "minimum_direct_gap_kpoint": [0.4545455, 0.3625, 1.276756e-15], "indirect_gap_ev": -0.04391400000000001, "sampled_kpoints": 11}, "overlap_norms": {"minimum_frobenius_norm_squared": 0.15623885741888102, "maximum_frobenius_norm_squared": 5.961954049308595}, "recorded_utc": "2026-09-23T14:40:37.865646+00:00", "archive": "/cmt2/lniu6305/H-Beryllene_20250718/9.0_topology/b-Beryllene_b/wcc_direct_v3/lowest_6/lines/line_20260923T144037_860027Z_5b7aba87"}
INFO:       Calculating line for N = 16
{"status": "validated", "nelect": 5, "vasp_nbands": 28, "wcc_count": 6, "gap": {"bands": 6, "minimum_direct_gap_ev": 0.575535, "minimum_direct_gap_kpoint": [0.2, 0.3625, 1.276756e-15], "indirect_gap_ev": -0.14838799999999996, "sampled_kpoints": 15}, "overlap_norms": {"minimum_frobenius_norm_squared": 0.16710195495389987, "maximum_frobenius_norm_squared": 5.980748059347628}, "recorded_utc": "2026-09-23T14:40:47.199370+00:00", "archive": "/cmt2/lniu6305/H-Beryllene_20250718/9.0_topology/b-Beryllene_b/wcc_direct_v3/lowest_6/lines/line_20260923T144047_192816Z_9ca6e48c"}
INFO:       Calculating line for N = 20
{"status": "validated", "nelect": 5, "vasp_nbands": 28, "wcc_count": 6, "gap": {"bands": 6, "minimum_direct_gap_ev": 0.5484, "minimum_direct_gap_kpoint": [0.2105263, 0.3625, 1.276756e-15], "indirect_gap_ev": -0.16367700000000007, "sampled_kpoints": 19}, "overlap_norms": {"minimum_frobenius_norm_squared": 0.17434808591419496, "maximum_frobenius_norm_squared": 5.988094353532421}, "recorded_utc": "2026-09-23T14:40:57.527837+00:00", "archive": "/cmt2/lniu6305/H-Beryllene_20250718/9.0_topology/b-Beryllene_b/wcc_direct_v3/lowest_6/lines/line_20260923T144057_520409Z_f37a2969"}
INFO:       Calculating line for N = 24
{"status": "validated", "nelect": 5, "vasp_nbands": 28, "wcc_count": 6, "gap": {"bands": 6, "minimum_direct_gap_ev": 0.5549870000000001, "minimum_direct_gap_kpoint": [0.2173913, 0.3625, 1.276756e-15], "indirect_gap_ev": -0.15427400000000002, "sampled_kpoints": 23}, "overlap_norms": {"minimum_frobenius_norm_squared": 0.17951893100047703, "maximum_frobenius_norm_squared": 5.99182957001016}, "recorded_utc": "2026-09-23T14:41:11.680059+00:00", "archive": "/cmt2/lniu6305/H-Beryllene_20250718/9.0_topology/b-Beryllene_b/wcc_direct_v3/lowest_6/lines/line_20260923T144111_671945Z_37200fa4"}
INFO:       Calculating line for N = 28
{"status": "validated", "nelect": 5, "vasp_nbands": 28, "wcc_count": 6, "gap": {"bands": 6, "minimum_direct_gap_ev": 0.57028, "minimum_direct_gap_kpoint": [0.2222222, 0.3625, 1.276756e-15], "indirect_gap_ev": -0.15215200000000006, "sampled_kpoints": 27}, "overlap_norms": {"minimum_frobenius_norm_squared": 0.18339221657223112, "maximum_frobenius_norm_squared": 5.994072296084379}, "recorded_utc": "2026-09-23T14:41:24.916415+00:00", "archive": "/cmt2/lniu6305/H-Beryllene_20250718/9.0_topology/b-Beryllene_b/wcc_direct_v3/lowest_6/lines/line_20260923T144124_907779Z_95e16b5f"}
INFO:       Calculating line for N = 32
{"status": "validated", "nelect": 5, "vasp_nbands": 28, "wcc_count": 6, "gap": {"bands": 6, "minimum_direct_gap_ev": 0.557937, "minimum_direct_gap_kpoint": [0.4193548, 0.3625, 1.276756e-15], "indirect_gap_ev": -0.163651, "sampled_kpoints": 31}, "overlap_norms": {"minimum_frobenius_norm_squared": 0.18640097445275697, "maximum_frobenius_norm_squared": 5.995532711389832}, "recorded_utc": "2026-09-23T14:41:41.551884+00:00", "archive": "/cmt2/lniu6305/H-Beryllene_20250718/9.0_topology/b-Beryllene_b/wcc_direct_v3/lowest_6/lines/line_20260923T144141_542539Z_360c3cd7"}
INFO: Adding line at t = 0.775
INFO:       Calculating line for N = 12
INFO: Saving surface result to file /cmt2/lniu6305/H-Beryllene_20250718/9.0_topology/b-Beryllene_b/wcc_direct_v3/lowest_6/checkpoint.json (ASYNC)
{"status": "validated", "nelect": 5, "vasp_nbands": 28, "wcc_count": 6, "gap": {"bands": 6, "minimum_direct_gap_ev": 0.7152369999999999, "minimum_direct_gap_kpoint": [0.3636364, 0.3875, 1.276756e-15], "indirect_gap_ev": 0.14665899999999987, "sampled_kpoints": 11}, "overlap_norms": {"minimum_frobenius_norm_squared": 0.17252604791071396, "maximum_frobenius_norm_squared": 5.946853916978038}, "recorded_utc": "2026-09-23T14:41:49.225852+00:00", "archive": "/cmt2/lniu6305/H-Beryllene_20250718/9.0_topology/b-Beryllene_b/wcc_direct_v3/lowest_6/lines/line_20260923T144149_219830Z_93105229"}
INFO:       Calculating line for N = 16
{"status": "validated", "nelect": 5, "vasp_nbands": 28, "wcc_count": 6, "gap": {"bands": 6, "minimum_direct_gap_ev": 0.495556, "minimum_direct_gap_kpoint": [0.4, 0.3875, 1.276756e-15], "indirect_gap_ev": 0.14063000000000003, "sampled_kpoints": 15}, "overlap_norms": {"minimum_frobenius_norm_squared": 0.1852066184938653, "maximum_frobenius_norm_squared": 5.9720189123823495}, "recorded_utc": "2026-09-23T14:41:59.453706+00:00", "archive": "/cmt2/lniu6305/H-Beryllene_20250718/9.0_topology/b-Beryllene_b/wcc_direct_v3/lowest_6/lines/line_20260923T144159_447245Z_ccf4f4fd"}
INFO:       Calculating line for N = 20
{"status": "validated", "nelect": 5, "vasp_nbands": 28, "wcc_count": 6, "gap": {"bands": 6, "minimum_direct_gap_ev": 0.50005, "minimum_direct_gap_kpoint": [0.2105263, 0.3875, 1.276756e-15], "indirect_gap_ev": 0.13699600000000012, "sampled_kpoints": 19}, "overlap_norms": {"minimum_frobenius_norm_squared": 0.19364234688157192, "maximum_frobenius_norm_squared": 5.9830720285729}, "recorded_utc": "2026-09-23T14:42:10.136455+00:00", "archive": "/cmt2/lniu6305/H-Beryllene_20250718/9.0_topology/b-Beryllene_b/wcc_direct_v3/lowest_6/lines/line_20260923T144210_129537Z_c9641408"}
INFO:       Calculating line for N = 24
{"status": "validated", "nelect": 5, "vasp_nbands": 28, "wcc_count": 6, "gap": {"bands": 6, "minimum_direct_gap_ev": 0.49044900000000013, "minimum_direct_gap_kpoint": [0.2173913, 0.3875, 1.276756e-15], "indirect_gap_ev": 0.13831300000000013, "sampled_kpoints": 23}, "overlap_norms": {"minimum_frobenius_norm_squared": 0.19964704352863666, "maximum_frobenius_norm_squared": 5.988502686879671}, "recorded_utc": "2026-09-23T14:42:22.111830+00:00", "archive": "/cmt2/lniu6305/H-Beryllene_20250718/9.0_topology/b-Beryllene_b/wcc_direct_v3/lowest_6/lines/line_20260923T144222_103896Z_e7302f7b"}
INFO:       Calculating line for N = 28
{"status": "validated", "nelect": 5, "vasp_nbands": 28, "wcc_count": 6, "gap": {"bands": 6, "minimum_direct_gap_ev": 0.49904000000000004, "minimum_direct_gap_kpoint": [0.2222222, 0.3875, 1.276756e-15], "indirect_gap_ev": 0.13598299999999997, "sampled_kpoints": 27}, "overlap_norms": {"minimum_frobenius_norm_squared": 0.20413502909561532, "maximum_frobenius_norm_squared": 5.991627040231391}, "recorded_utc": "2026-09-23T14:42:35.921755+00:00", "archive": "/cmt2/lniu6305/H-Beryllene_20250718/9.0_topology/b-Beryllene_b/wcc_direct_v3/lowest_6/lines/line_20260923T144235_913462Z_7fecdf65"}
INFO:       Calculating line for N = 32
{"status": "validated", "nelect": 5, "vasp_nbands": 28, "wcc_count": 6, "gap": {"bands": 6, "minimum_direct_gap_ev": 0.5122109999999999, "minimum_direct_gap_kpoint": [0.3870968, 0.3875, 1.276756e-15], "indirect_gap_ev": 0.1409499999999999, "sampled_kpoints": 31}, "overlap_norms": {"minimum_frobenius_norm_squared": 0.20761470062097442, "maximum_frobenius_norm_squared": 5.993608046825883}, "recorded_utc": "2026-09-23T14:42:52.636564+00:00", "archive": "/cmt2/lniu6305/H-Beryllene_20250718/9.0_topology/b-Beryllene_b/wcc_direct_v3/lowest_6/lines/line_20260923T144252_627476Z_4163bf9f"}
INFO:       Calculating line for N = 36
{"status": "validated", "nelect": 5, "vasp_nbands": 28, "wcc_count": 6, "gap": {"bands": 6, "minimum_direct_gap_ev": 0.495556, "minimum_direct_gap_kpoint": [0.4, 0.3875, 1.276756e-15], "indirect_gap_ev": 0.136042, "sampled_kpoints": 35}, "overlap_norms": {"minimum_frobenius_norm_squared": 0.2103907868886614, "maximum_frobenius_norm_squared": 5.9950273313805145}, "recorded_utc": "2026-09-23T14:43:10.944491+00:00", "archive": "/cmt2/lniu6305/H-Beryllene_20250718/9.0_topology/b-Beryllene_b/wcc_direct_v3/lowest_6/lines/line_20260923T144310_934770Z_1fb1b006"}
INFO: Convergence criteria fulfilled for 22 of 22 neighbouring lines.
INFO: Saving surface result to file /cmt2/lniu6305/H-Beryllene_20250718/9.0_topology/b-Beryllene_b/wcc_direct_v3/lowest_6/checkpoint.json (ASYNC)

+----------------------------------------------------------------------+
|                  Calculation finished in 0h 26m 57s                  |
+----------------------------------------------------------------------+
+----------------------------------------------------------------------+
|                         ==================                           |
|                         CONVERGENCE REPORT                           |
|                         ==================                           |
|                                                                      |
|                         Line Convergence                             |
|                         ================                             |
|                                                                      |
|                             PosCheck                                 |
|                             --------                                 |
|                             PASSED: 23 of 23                         |
|                                                                      |
|                         Surface Convergence                          |
|                         ===================                          |
|                                                                      |
|                             GapCheck                                 |
|                             --------                                 |
|                             PASSED: 22 of 22                         |
|                                                                      |
|                             MoveCheck                                |
|                             ---------                                |
|                             PASSED: 22 of 22                         |
+----------------------------------------------------------------------+
{
  "started_utc": "2026-09-23T13:48:36.290572+00:00",
  "nelect": 5,
  "threshold_ev": 0.0001,
  "manifolds": {
    "4": {
      "status": "converged_sampled_subspace",
      "sampled_gaps": {
        "scf": {
          "bands": 4,
          "minimum_direct_gap_ev": 0.9302440000000001,
          "minimum_direct_gap_kpoint": [
            0.4666667,
            1.304512e-15,
            1.276756e-15
          ],
          "indirect_gap_ev": -3.081114,
          "sampled_kpoints": 11025
        },
        "trim": {
          "bands": 4,
          "minimum_direct_gap_ev": 1.194776,
          "minimum_direct_gap_kpoint": [
            0.5,
            0.0,
            0.0
          ],
          "indirect_gap_ev": -1.381379,
          "sampled_kpoints": 4
        },
        "bands": {
          "bands": 4,
          "minimum_direct_gap_ev": 0.9308649999999998,
          "minimum_direct_gap_kpoint": [
            0.4645669,
            0.0,
            0.0
          ],
          "indirect_gap_ev": -2.5062250000000006,
          "sampled_kpoints": 384
        },
        "gap_refine_1": {
          "bands": 4,
          "minimum_direct_gap_ev": 0.929583,
          "minimum_direct_gap_kpoint": [
            0.4645669,
            0.002380952,
            0.0
          ],
          "indirect_gap_ev": -3.0872010000000003,
          "sampled_kpoints": 811
        },
        "gap_refine_2": {
          "bands": 4,
          "minimum_direct_gap_ev": 0.929475,
          "minimum_direct_gap_kpoint": [
            0.4660715,
            0.0,
            0.0
          ],
          "indirect_gap_ev": -3.0872010000000003,
          "sampled_kpoints": 973
        }
      },
      "bands": 4,
      "z2": 0,
      "topology_certified": false,
      "time_reversal_electronic_state_certified": false,
      "interpretation": "Conditional Z2 of a sampled isolated lowest-even-band subspace, assuming electronic time reversal; not a Fermi-level insulating invariant.",
      "limits": "Finite k-point sampling does not prove a nonzero direct gap everywhere. Zero total magnetization and boundary Kramers pairing do not certify electronic time-reversal symmetry.",
      "gap_threshold_ev": 0.0001,
      "convergence": {
        "line": {
          "PosCheck": {
            "PASSED": [
              0.0,
              0.05,
              0.1,
              0.15000000000000002,
              0.2,
              0.25,
              0.30000000000000004,
              0.35000000000000003,
              0.4,
              0.45,
              0.5,
              0.55,
              0.6000000000000001,
              0.65,
              0.6625000000000001,
              0.675,
              0.7000000000000001,
              0.75,
              0.8,
              0.8500000000000001,
              0.9,
              0.9500000000000001,
              1.0
            ],
            "FAILED": [],
            "MISSING": []
          }
        },
        "surface": {
          "GapCheck": {
            "PASSED": [
              [
                0.0,
                0.05
              ],
              [
                0.05,
                0.1
              ],
              [
                0.1,
                0.15000000000000002
              ],
              [
                0.15000000000000002,
                0.2
              ],
              [
                0.2,
                0.25
              ],
              [
                0.25,
                0.30000000000000004
              ],
              [
                0.30000000000000004,
                0.35000000000000003
              ],
              [
                0.35000000000000003,
                0.4
              ],
              [
                0.4,
                0.45
              ],
              [
                0.45,
                0.5
              ],
              [
                0.5,
                0.55
              ],
              [
                0.55,
                0.6000000000000001
              ],
              [
                0.6000000000000001,
                0.65
              ],
              [
                0.65,
                0.6625000000000001
              ],
              [
                0.6625000000000001,
                0.675
              ],
              [
                0.675,
                0.7000000000000001
              ],
              [
                0.7000000000000001,
                0.75
              ],
              [
                0.75,
                0.8
              ],
              [
                0.8,
                0.8500000000000001
              ],
              [
                0.8500000000000001,
                0.9
              ],
              [
                0.9,
                0.9500000000000001
              ],
              [
                0.9500000000000001,
                1.0
              ]
            ],
            "FAILED": []
          },
          "MoveCheck": {
            "PASSED": [
              [
                0.0,
                0.05
              ],
              [
                0.05,
                0.1
              ],
              [
                0.1,
                0.15000000000000002
              ],
              [
                0.15000000000000002,
                0.2
              ],
              [
                0.2,
                0.25
              ],
              [
                0.25,
                0.30000000000000004
              ],
              [
                0.30000000000000004,
                0.35000000000000003
              ],
              [
                0.35000000000000003,
                0.4
              ],
              [
                0.4,
                0.45
              ],
              [
                0.45,
                0.5
              ],
              [
                0.5,
                0.55
              ],
              [
                0.55,
                0.6000000000000001
              ],
              [
                0.6000000000000001,
                0.65
              ],
              [
                0.65,
                0.6625000000000001
              ],
              [
                0.6625000000000001,
                0.675
              ],
              [
                0.675,
                0.7000000000000001
              ],
              [
                0.7000000000000001,
                0.75
              ],
              [
                0.75,
                0.8
              ],
              [
                0.8,
                0.8500000000000001
              ],
              [
                0.8500000000000001,
                0.9
              ],
              [
                0.9,
                0.9500000000000001
              ],
              [
                0.9500000000000001,
                1.0
              ]
            ],
            "FAILED": []
          }
        }
      },
      "surface": "[t, s/2, 0]",
      "line_positions": [
        0.0,
        0.05,
        0.1,
        0.15000000000000002,
        0.2,
        0.25,
        0.30000000000000004,
        0.35000000000000003,
        0.4,
        0.45,
        0.5,
        0.55,
        0.6000000000000001,
        0.65,
        0.6625000000000001,
        0.675,
        0.7000000000000001,
        0.75,
        0.8,
        0.8500000000000001,
        0.9,
        0.9500000000000001,
        1.0
      ],
      "wcc": [
        [
          0.5570005575106944,
          0.5570005959025506,
          0.5622342837233655,
          0.562234554314128
        ],
        [
          0.557417724696476,
          0.5574196349376073,
          0.560007882089276,
          0.5600170546894114
        ],
        [
          0.5561520600358476,
          0.556168062210797,
          0.5585871132533822,
          0.5585912903760334
        ],
        [
          0.5517027775640723,
          0.5517124144833929,
          0.572163046497675,
          0.572193127308778
        ],
        [
          0.5439791760047695,
          0.5439947166007242,
          0.6033895439006953,
          0.6034386292061326
        ],
        [
          0.5398980131920244,
          0.5399162330434962,
          0.6416847687029119,
          0.6417539521226405
        ],
        [
          0.5382472198953873,
          0.5382665621167244,
          0.6874278393563154,
          0.6875161946106485
        ],
        [
          0.5390626006681913,
          0.5390823832260447,
          0.7262988469576488,
          0.7264008452181921
        ],
        [
          0.5414323187418473,
          0.5414520970879935,
          0.7525259384856284,
          0.7526430143840657
        ],
        [
          0.5443424867693137,
          0.5443625091065959,
          0.7727119787417833,
          0.7728500191851194
        ],
        [
          0.5477301301666118,
          0.5477502733277972,
          0.7834385944424583,
          0.7836134198974796
        ],
        [
          0.5512314147414699,
          0.5512514081398066,
          0.7865811353528764,
          0.7868203344666231
        ],
        [
          0.5544656915720847,
          0.5544851875883112,
          0.7910930775533511,
          0.7914414385954712
        ],
        [
          0.5570414119877682,
          0.5570597439149674,
          0.8831630737994984,
          0.8834664398986444
        ],
        [
          0.5577648500599752,
          0.5577815552124856,
          0.9610938791921563,
          0.9611415748492395
        ],
        [
          0.04939742214514768,
          0.04972618488756419,
          0.5588010134541733,
          0.558813692980521
        ],
        [
          0.13093300832884697,
          0.13096651862887462,
          0.5594134515543709,
          0.5594244798005157
        ],
        [
          0.1946626431534545,
          0.1946699465548206,
          0.5601647956313173,
          0.5601673447993345
        ],
        [
          0.2367005182644336,
          0.23672217941497506,
          0.5603420434751916,
          0.5603441549690243
        ],
        [
          0.24522057763316812,
          0.2452417349715548,
          0.5613712954602075,
          0.561374737235275
        ],
        [
          0.24053647286783758,
          0.24056301419508794,
          0.5630480626706184,
          0.563051489119528
        ],
        [
          0.2343024526723781,
          0.23431939373150953,
          0.5644789699347209,
          0.5644809760397962
        ],
        [
          0.23041499702805174,
          0.23041751439430652,
          0.5651351277339234,
          0.5651352044550197
        ]
      ],
      "z2pack_version": "2.2.1",
      "completed_utc": "2026-09-23T14:16:14.451248+00:00"
    },
    "6": {
      "status": "converged_sampled_subspace",
      "sampled_gaps": {
        "scf": {
          "bands": 6,
          "minimum_direct_gap_ev": 0.426855,
          "minimum_direct_gap_kpoint": [
            0.2190476,
            0.3809524,
            1.276756e-15
          ],
          "indirect_gap_ev": -1.015009,
          "sampled_kpoints": 11025
        },
        "trim": {
          "bands": 6,
          "minimum_direct_gap_ev": 1.59172,
          "minimum_direct_gap_kpoint": [
            0.0,
            0.5,
            0.0
          ],
          "indirect_gap_ev": 0.7752209999999999,
          "sampled_kpoints": 4
        },
        "bands": {
          "bands": 6,
          "minimum_direct_gap_ev": 1.7276289999999999,
          "minimum_direct_gap_kpoint": [
            0.333333,
            0.333333,
            0.0
          ],
          "indirect_gap_ev": 1.4869210000000002,
          "sampled_kpoints": 384
        },
        "gap_refine_1": {
          "bands": 6,
          "minimum_direct_gap_ev": 0.41597000000000006,
          "minimum_direct_gap_kpoint": [
            0.2166666,
            0.3761905,
            0.0
          ],
          "indirect_gap_ev": -1.022522,
          "sampled_kpoints": 811
        },
        "gap_refine_2": {
          "bands": 6,
          "minimum_direct_gap_ev": 0.41503999999999996,
          "minimum_direct_gap_kpoint": [
            0.2178571,
            0.377381,
            0.0
          ],
          "indirect_gap_ev": -1.02311,
          "sampled_kpoints": 973
        }
      },
      "bands": 6,
      "z2": 0,
      "topology_certified": false,
      "time_reversal_electronic_state_certified": false,
      "interpretation": "Conditional Z2 of a sampled isolated lowest-even-band subspace, assuming electronic time reversal; not a Fermi-level insulating invariant.",
      "limits": "Finite k-point sampling does not prove a nonzero direct gap everywhere. Zero total magnetization and boundary Kramers pairing do not certify electronic time-reversal symmetry.",
      "gap_threshold_ev": 0.0001,
      "convergence": {
        "line": {
          "PosCheck": {
            "PASSED": [
              0.0,
              0.05,
              0.1,
              0.15000000000000002,
              0.2,
              0.25,
              0.30000000000000004,
              0.35000000000000003,
              0.4,
              0.45,
              0.5,
              0.55,
              0.6000000000000001,
              0.65,
              0.7000000000000001,
              0.7250000000000001,
              0.75,
              0.775,
              0.8,
              0.8500000000000001,
              0.9,
              0.9500000000000001,
              1.0
            ],
            "FAILED": [],
            "MISSING": []
          }
        },
        "surface": {
          "GapCheck": {
            "PASSED": [
              [
                0.0,
                0.05
              ],
              [
                0.05,
                0.1
              ],
              [
                0.1,
                0.15000000000000002
              ],
              [
                0.15000000000000002,
                0.2
              ],
              [
                0.2,
                0.25
              ],
              [
                0.25,
                0.30000000000000004
              ],
              [
                0.30000000000000004,
                0.35000000000000003
              ],
              [
                0.35000000000000003,
                0.4
              ],
              [
                0.4,
                0.45
              ],
              [
                0.45,
                0.5
              ],
              [
                0.5,
                0.55
              ],
              [
                0.55,
                0.6000000000000001
              ],
              [
                0.6000000000000001,
                0.65
              ],
              [
                0.65,
                0.7000000000000001
              ],
              [
                0.7000000000000001,
                0.7250000000000001
              ],
              [
                0.7250000000000001,
                0.75
              ],
              [
                0.75,
                0.775
              ],
              [
                0.775,
                0.8
              ],
              [
                0.8,
                0.8500000000000001
              ],
              [
                0.8500000000000001,
                0.9
              ],
              [
                0.9,
                0.9500000000000001
              ],
              [
                0.9500000000000001,
                1.0
              ]
            ],
            "FAILED": []
          },
          "MoveCheck": {
            "PASSED": [
              [
                0.0,
                0.05
              ],
              [
                0.05,
                0.1
              ],
              [
                0.1,
                0.15000000000000002
              ],
              [
                0.15000000000000002,
                0.2
              ],
              [
                0.2,
                0.25
              ],
              [
                0.25,
                0.30000000000000004
              ],
              [
                0.30000000000000004,
                0.35000000000000003
              ],
              [
                0.35000000000000003,
                0.4
              ],
              [
                0.4,
                0.45
              ],
              [
                0.45,
                0.5
              ],
              [
                0.5,
                0.55
              ],
              [
                0.55,
                0.6000000000000001
              ],
              [
                0.6000000000000001,
                0.65
              ],
              [
                0.65,
                0.7000000000000001
              ],
              [
                0.7000000000000001,
                0.7250000000000001
              ],
              [
                0.7250000000000001,
                0.75
              ],
              [
                0.75,
                0.775
              ],
              [
                0.775,
                0.8
              ],
              [
                0.8,
                0.8500000000000001
              ],
              [
                0.8500000000000001,
                0.9
              ],
              [
                0.9,
                0.9500000000000001
              ],
              [
                0.9500000000000001,
                1.0
              ]
            ],
            "FAILED": []
          }
        }
      },
      "surface": "[t, s/2, 0]",
      "line_positions": [
        0.0,
        0.05,
        0.1,
        0.15000000000000002,
        0.2,
        0.25,
        0.30000000000000004,
        0.35000000000000003,
        0.4,
        0.45,
        0.5,
        0.55,
        0.6000000000000001,
        0.65,
        0.7000000000000001,
        0.7250000000000001,
        0.75,
        0.775,
        0.8,
        0.8500000000000001,
        0.9,
        0.9500000000000001,
        1.0
      ],
      "wcc": [
        [
          0.22938726918384847,
          0.22938800652605873,
          0.5645564905380949,
          0.5645565507864919,
          0.6350431296454354,
          0.6350433794212402
        ],
        [
          0.2302296768737026,
          0.23023082311819834,
          0.5645750746875964,
          0.5645758085414576,
          0.6335633388716515,
          0.6335698613730051
        ],
        [
          0.23182565861949586,
          0.23182906719379967,
          0.5646339815147008,
          0.5646359100967981,
          0.6305174782543714,
          0.630530272790846
        ],
        [
          0.23424859850743832,
          0.23425526309480696,
          0.5647453379324872,
          0.5647484069779133,
          0.6256587578527002,
          0.6256779280133093
        ],
        [
          0.2360707684984662,
          0.2360817232219756,
          0.5648722202685411,
          0.5648766186539583,
          0.6221256447593202,
          0.6221513067265574
        ],
        [
          0.2406159937359604,
          0.24063477666188926,
          0.5651461018415748,
          0.5651517299855042,
          0.612507192326061,
          0.6125384905071685
        ],
        [
          0.24669656490356145,
          0.2467283016444731,
          0.5655286656655498,
          0.5655355235336772,
          0.5987335366444073,
          0.5987679727700757
        ],
        [
          0.25374504829053707,
          0.25379597943348964,
          0.5660237815531151,
          0.566031940799989,
          0.582881376262971,
          0.5829152131526312
        ],
        [
          0.26443683758193387,
          0.2645232339871202,
          0.5572787180704313,
          0.5572950589764543,
          0.5666929657257924,
          0.5667021846527751
        ],
        [
          0.2809827319218237,
          0.2811594402215563,
          0.5106317008233606,
          0.5107073432847788,
          0.5675216229496599,
          0.5675314833175933
        ],
        [
          0.2965966671944833,
          0.2969156125675945,
          0.44937163132210983,
          0.44965789427111097,
          0.568576784357663,
          0.5685863716458792
        ],
        [
          0.28206552208754004,
          0.28219612479804057,
          0.4081543473019275,
          0.4084229717760941,
          0.5699953137469718,
          0.5700021250351912
        ],
        [
          0.27082496329671796,
          0.2708806088612877,
          0.3952261364818523,
          0.3954606479195542,
          0.5716547071171738,
          0.5716569436495332
        ],
        [
          0.40017639211677375,
          0.40044199723328044,
          0.47987790106024164,
          0.48009160749840085,
          0.5741722430662766,
          0.5741732006072492
        ],
        [
          0.3758877223059406,
          0.37615110606615343,
          0.5707938547888716,
          0.5710411748674045,
          0.5821110680002353,
          0.5821121091132749
        ],
        [
          0.2997442643514532,
          0.29983607085588965,
          0.5580210384448598,
          0.5582618993154439,
          0.5901874762808119,
          0.5901916154838609
        ],
        [
          0.16885423577863973,
          0.1690075788187806,
          0.4605064610123222,
          0.4606707377506164,
          0.5958673732260514,
          0.5958724840002587
        ],
        [
          0.04506779280280406,
          0.04512265271101692,
          0.34562260767315467,
          0.3456794296702889,
          0.5925272078925254,
          0.5925288446907759
        ],
        [
          0.2910635202864058,
          0.2910794599704611,
          0.5911264901451107,
          0.5911285049986799,
          0.9996634080037525,
          0.9996968362111369
        ],
        [
          0.009135399293776448,
          0.009167302099538135,
          0.2436921107381774,
          0.24369908929624368,
          0.591562004406117,
          0.5915640780639473
        ],
        [
          0.028881302759469128,
          0.028883544862297213,
          0.2187473621491658,
          0.21876140739489477,
          0.5958384709738379,
          0.595842174510898
        ],
        [
          0.08453192010004214,
          0.08462221204492193,
          0.19594220480295005,
          0.19595531197311877,
          0.5998061226002442,
          0.5998101054405098
        ],
        [
          0.15243704213341014,
          0.15245772295537338,
          0.1871073378333524,
          0.18710814824547817,
          0.6019178827866438,
          0.601918043735541
        ]
      ],
      "z2pack_version": "2.2.1",
      "completed_utc": "2026-09-23T14:43:11.543695+00:00"
    }
  },
  "topology_certified": false,
  "time_reversal_electronic_state_certified": false,
  "interpretation": "Conditional even-band subspace analysis assuming electronic time reversal; electronic time-reversal symmetry is not certified.",
  "status": "completed_conditional_screening"
}
