100  
24   

1    
  0.0080745860277312   0.0058992423649794   0.0000000000000000
  -0.0656198300    0.0145767700   -0.0426771500
   0.0006559900   -0.0002963500   -0.0498012600
   0.0007839400    0.0017438000   -0.0469510100
   0.0008582100    0.0016892200   -0.0474018800
  -0.0006611300    0.0011462200   -0.0455139600
   0.0147257700   -0.0079920900   -0.0490815200
  -0.0002626300    0.0012296900   -0.0485358700
  -0.0006132700    0.0000542500   -0.0469492400
   0.0002401300    0.0016098400   -0.0471369500
   0.0007448900    0.0004302900   -0.0475728400
  -0.0008126400    0.0025263400   -0.0476054900
  -0.0003209700    0.0005572800   -0.0469229000
   0.0004943800    0.0017094700   -0.0468758100
   0.0006718300    0.0014830800   -0.0471585700
  -0.0003697000    0.0007141600   -0.0473210600
  -0.0010940000    0.0029074900   -0.0475891600
  -0.0003691600    0.0007181300   -0.0470638100
   0.0006087100    0.0015560300   -0.0469629100
   0.0004457900    0.0018061800   -0.0472948700
  -0.0001846300    0.0003610700   -0.0469856400
   0.0127209600   -0.0053816200   -0.0468450800
   0.0008942900    0.0002411800   -0.0471036400
   0.0002977400    0.0015128500   -0.0470923100
  -0.0005892600    0.0000824500   -0.0474122700
   0.0008575400   -0.0004316000   -0.0460521800
   0.0008498400    0.0007102700    0.0453240200
  -0.0003304400   -0.0002289700    0.0471223400
  -0.0014789100   -0.0018211300    0.0472921100
  -0.0005044900   -0.0005316000    0.0475853100
   0.0027929000    0.0034689200    0.0541710900
  -0.0012375000    0.0009427300    0.0444147100
   0.0000878200    0.0017913700    0.0466914600
  -0.0014467600   -0.0017808900    0.0472310200
  -0.0008036400   -0.0009316200    0.0474340900
  -0.0009841600   -0.0012949000    0.0469473400
  -0.0006554600   -0.0018634700    0.0473201600
  -0.0005202500   -0.0002066100    0.0468415200
  -0.0015359900   -0.0017688800    0.0471849900
  -0.0012102300   -0.0008836200    0.0471807700
  -0.0013094800   -0.0005269300    0.0475620600
   0.0002545300   -0.0018858900    0.0473509500
  -0.0003971300   -0.0008604300    0.0472918100
  -0.0011296800   -0.0018615800    0.0471742000
  -0.0010070900   -0.0009118700    0.0472598800
  -0.0017756200   -0.0004764700    0.0473315100
   0.0008722200   -0.0020455900    0.0465721500
  -0.0003276100   -0.0008730800    0.0473619000
  -0.0012942600   -0.0022145100    0.0472960400
  -0.0001345800   -0.0005744100    0.0474414900
  -0.0018618800   -0.0011891600    0.0479473600
   0.0125263500   -0.0052148900   -0.0275074200
   0.0012618900    0.0012392600   -0.0372070500
   0.0006743000    0.0006669300   -0.0371319100
   0.0008061600    0.0009022400   -0.0371380200
   0.0018675100    0.0024785800   -0.0394398700
   0.0156690500   -0.0048515500   -0.0479837300
   0.0008020300    0.0005615100   -0.0353935300
   0.0008542200    0.0009811300   -0.0370668400
   0.0007259200    0.0005567600   -0.0371387000
   0.0010564900    0.0008880600   -0.0371338400
   0.0011336500    0.0007209200   -0.0373164500
   0.0007677900    0.0012853500   -0.0372275100
   0.0008697800    0.0010899600   -0.0370755600
   0.0005655000    0.0005137700   -0.0372184900
   0.0010650600    0.0008365300   -0.0369734900
   0.0016337200    0.0003126000   -0.0371105800
   0.0008388200    0.0010501600   -0.0372858000
   0.0006397600    0.0008021600   -0.0371078800
   0.0005878600    0.0007964600   -0.0371198200
   0.0007787900    0.0009274600   -0.0370028600
   0.0011211200    0.0005467800   -0.0367272500
   0.0011216700    0.0008797400   -0.0373035300
   0.0006811100    0.0005747400   -0.0370781800
   0.0008097700    0.0009605100   -0.0371799300
   0.0006552800    0.0009768400   -0.0372186700
   0.0002292300   -0.0001016400    0.0365884500
   0.0000515300   -0.0010227400    0.0371272400
   0.0001106200   -0.0006175800    0.0370225900
  -0.0001190100   -0.0008280500    0.0369090300
   0.0006192600   -0.0000139900    0.0363336500
   0.0002311400   -0.0002559200    0.0367423600
   0.0001999500   -0.0009834000    0.0370804400
   0.0003038800   -0.0005620800    0.0370410500
   0.0000425900   -0.0008328900    0.0370221600
   0.0000973400   -0.0009820000    0.0372970500
  -0.0003598600   -0.0005193400    0.0368845100
  -0.0000838300   -0.0008304900    0.0369637200
   0.0001494700   -0.0006093500    0.0369756300
   0.0001272500   -0.0009386900    0.0369395700
   0.0002059900   -0.0009250000    0.0371413500
  -0.0005597400   -0.0004838300    0.0371719300
  -0.0002536500   -0.0007804500    0.0369849700
   0.0001586500   -0.0005030300    0.0369681100
  -0.0000014600   -0.0009839100    0.0369180400
   0.0002446200   -0.0011408400    0.0369801200
   0.0008655000   -0.0014572700    0.0379936300
  -0.0002359600   -0.0009170000    0.0370894200
   0.0000166300   -0.0004019200    0.0369946000
  -0.0000253400   -0.0004040700    0.0369554200
  -0.0005434600   -0.0001223500    0.0365389900

1    
 -0.0080745860277312  -0.0058992423649794   0.0000000000000000
   0.0659711100   -0.0124277600   -0.0510649100
  -0.0001327500    0.0024738600   -0.0445023300
  -0.0004852800    0.0003298000   -0.0472738100
  -0.0005185900    0.0004224400   -0.0468203200
   0.0007995100    0.0008373400   -0.0487533600
  -0.0144177100    0.0102337400   -0.0451208800
   0.0005785400    0.0010030400   -0.0457312800
   0.0009073700    0.0020084000   -0.0472769200
   0.0000797100    0.0004999600   -0.0470869300
  -0.0004275700    0.0016538500   -0.0466357900
   0.0011279100   -0.0004206800   -0.0466239800
   0.0006498700    0.0015368400   -0.0473020800
  -0.0001799000    0.0003608200   -0.0473511100
  -0.0003476800    0.0006166800   -0.0470683500
   0.0006903800    0.0013769800   -0.0469095700
   0.0014123700   -0.0008138900   -0.0466411300
   0.0006908300    0.0013810100   -0.0471643400
  -0.0002951400    0.0005312900   -0.0472625500
  -0.0001210600    0.0003105100   -0.0469296000
   0.0004953400    0.0017387500   -0.0472424700
  -0.0124014500    0.0073407200   -0.0473688700
  -0.0005688800    0.0018625900   -0.0471115500
   0.0000216500    0.0005612700   -0.0471345300
   0.0009314800    0.0020364000   -0.0468100100
  -0.0005492500    0.0024182400   -0.0482027200
  -0.0025137700   -0.0028412700    0.0490619900
  -0.0014251600   -0.0018750300    0.0473704500
  -0.0002961100   -0.0002840400    0.0472066500
  -0.0013030200   -0.0016041100    0.0469085200
  -0.0046095900   -0.0056353000    0.0401574400
  -0.0006094600   -0.0030653900    0.0500792800
  -0.0018639000   -0.0038756900    0.0478200100
  -0.0003295400   -0.0003185300    0.0472729200
  -0.0009786300   -0.0011836200    0.0470679600
  -0.0007597900   -0.0008106200    0.0475842400
  -0.0011440800   -0.0002500900    0.0471805400
  -0.0012683100   -0.0018926900    0.0476556900
  -0.0002362100   -0.0003263300    0.0473166400
  -0.0005742200   -0.0012380900    0.0473225800
  -0.0004650900   -0.0015749000    0.0469367200
  -0.0020349100   -0.0002402900    0.0471537400
  -0.0013843400   -0.0012440200    0.0472104200
  -0.0006531300   -0.0002426600    0.0473268200
  -0.0007745000   -0.0012107300    0.0472442200
   0.0000147800   -0.0016337200    0.0471752000
  -0.0026379400   -0.0000823300    0.0479222200
  -0.0014486800   -0.0012404800    0.0471388400
  -0.0004826300    0.0001089600    0.0472060400
  -0.0016626500   -0.0015611100    0.0470627800
   0.0000864600   -0.0009047700    0.0465502700
  -0.0112723200    0.0067896700   -0.0469039900
   0.0002562700    0.0005067800   -0.0371194800
   0.0007555700    0.0010504200   -0.0371767000
   0.0005715500    0.0007383400   -0.0371353600
  -0.0004456600   -0.0007938500   -0.0348226400
  -0.0140763700    0.0066150800   -0.0263227700
   0.0006409500    0.0009758500   -0.0388709700
   0.0006550200    0.0006439600   -0.0371606400
   0.0007970600    0.0010130100   -0.0370957300
   0.0004226100    0.0006532800   -0.0371570200
   0.0003347300    0.0009032100   -0.0370031500
   0.0007713800    0.0003747500   -0.0371001000
   0.0006810200    0.0005614600   -0.0372412100
   0.0008853300    0.0010766700   -0.0371042600
   0.0003428800    0.0007328800   -0.0373585800
  -0.0001469700    0.0013418900   -0.0371879000
   0.0006117000    0.0006420700   -0.0370122700
   0.0007875800    0.0008937600   -0.0371450600
   0.0008319400    0.0008481400   -0.0370999700
   0.0006820300    0.0006986200   -0.0372633700
   0.0003705000    0.0009952800   -0.0375886000
   0.0004159400    0.0007223300   -0.0369762200
   0.0008915600    0.0010283300   -0.0371802800
   0.0007256100    0.0005690900   -0.0371085700
   0.0008304600    0.0005307200   -0.0370982800
  -0.0002617200   -0.0015021800    0.0374372500
  -0.0000660600   -0.0005791700    0.0368471900
  -0.0000927800   -0.0010120900    0.0369220300
   0.0001334500   -0.0008341100    0.0370798000
  -0.0006274000   -0.0016508500    0.0376806400
  -0.0001875200   -0.0013460900    0.0372989900
  -0.0001310000   -0.0006086600    0.0369624000
  -0.0002925000   -0.0010706400    0.0370020500
  -0.0001126200   -0.0008348000    0.0370313700
  -0.0001477000   -0.0006693100    0.0367549700
   0.0003388700   -0.0010121800    0.0371434100
   0.0000242900   -0.0006933500    0.0370396400
  -0.0002373500   -0.0009501900    0.0369745800
  -0.0001854900   -0.0006519400    0.0370296700
  -0.0002360500   -0.0006628000    0.0368748400
   0.0005715900   -0.0011483300    0.0368445100
   0.0003167600   -0.0008437000    0.0369922000
  -0.0000912900   -0.0011628700    0.0370210100
   0.0000251700   -0.0007264000    0.0371124800
  -0.0002738200   -0.0005528500    0.0370610600
  -0.0008557400   -0.0000473900    0.0360601600
   0.0002071500   -0.0005854500    0.0369547800
  -0.0001124700   -0.0011565100    0.0370242800
  -0.0000735800   -0.0011871700    0.0370560300
   0.0004910100   -0.0014680600    0.0374849900

1    
 -0.0086414880681336   0.0050323636562061   0.0000000000000000
   0.1373823400   -0.0788546200   -0.0486679400
   0.0000580400    0.0023705600   -0.0455524900
  -0.0001116000    0.0009459700   -0.0470184700
  -0.0000618700    0.0010267400   -0.0469794600
  -0.0009098300    0.0007573500   -0.0477758700
  -0.0332490400    0.0224884800   -0.0442228400
  -0.0010814800    0.0004631100   -0.0486575100
   0.0005189200    0.0008446700   -0.0471136100
   0.0002138400    0.0011731900   -0.0471383800
  -0.0011176900    0.0010158900   -0.0463606100
   0.0041767100   -0.0010161200   -0.0470929400
  -0.0005641800    0.0019556900   -0.0473407000
   0.0001168900    0.0013267600   -0.0472095700
   0.0000777800    0.0009320500   -0.0470901600
   0.0007877300    0.0006794900   -0.0471135700
   0.0039014700   -0.0014108200   -0.0471345400
   0.0007895400    0.0006828600   -0.0471096700
   0.0000277800    0.0008517200   -0.0472729200
   0.0000708000    0.0012525700   -0.0472479400
  -0.0004376400    0.0021524900   -0.0478483100
  -0.0337667000    0.0188466500   -0.0498163700
  -0.0009775200    0.0012347300   -0.0468743200
   0.0002673300    0.0012593500   -0.0469523100
   0.0005126000    0.0008333300   -0.0471127000
  -0.0000887700    0.0021179300   -0.0464196700
  -0.0005471200   -0.0023975100    0.0460485000
  -0.0008845100   -0.0011658100    0.0468957600
  -0.0008822900   -0.0008547100    0.0471015100
  -0.0013189400   -0.0005842200    0.0470641800
  -0.0028471000    0.0000825900    0.0472863800
   0.0003354800   -0.0005909100    0.0484617300
   0.0003599600   -0.0017923400    0.0472563500
  -0.0005735000   -0.0012900100    0.0471965700
  -0.0007591800   -0.0012437600    0.0470347600
  -0.0002748000   -0.0019033800    0.0485444200
  -0.0033666800    0.0012714400    0.0463100900
  -0.0008115800   -0.0010082800    0.0476025500
  -0.0005301300   -0.0012098900    0.0473074300
  -0.0001023600   -0.0015062800    0.0472530500
   0.0008258700   -0.0023240100    0.0469644700
  -0.0039156500    0.0007031100    0.0472472200
  -0.0016576000   -0.0005744300    0.0473367300
  -0.0010669400   -0.0011596900    0.0473990600
  -0.0006640800   -0.0010617300    0.0474714400
   0.0010484700   -0.0019021600    0.0475502300
  -0.0040734600   -0.0000760000    0.0481661300
  -0.0016828100   -0.0006362700    0.0471594200
  -0.0013966000   -0.0007647500    0.0472496300
  -0.0015053000   -0.0009015000    0.0474352600
   0.0001086900   -0.0011231300    0.0460059000
  -0.0290066700    0.0206129000   -0.0621520000
   0.0006247200    0.0006918500   -0.0371882900
   0.0007611700    0.0009866500   -0.0371599000
   0.0007335600    0.0008905000   -0.0371819900
   0.0003274000    0.0010408100   -0.0371479200
  -0.0321702000    0.0174303700   -0.0109157400
   0.0003671900    0.0010294900   -0.0371422000
   0.0008564000    0.0008606100   -0.0370716800
   0.0008541100    0.0009219800   -0.0371038400
   0.0006476100    0.0006715700   -0.0372348000
  -0.0002667700    0.0012045000   -0.0364363000
   0.0008613400    0.0010414200   -0.0371400100
   0.0007740900    0.0007018200   -0.0372068300
   0.0007181500    0.0008012500   -0.0371616600
   0.0003468900    0.0008414800   -0.0372440000
  -0.0014757600    0.0021184000   -0.0371527900
   0.0004512400    0.0010271600   -0.0371834700
   0.0006210100    0.0007422800   -0.0371230400
   0.0006373900    0.0006785500   -0.0371256900
   0.0005033100    0.0010914300   -0.0370566000
  -0.0000452800    0.0014167100   -0.0378970800
   0.0004813900    0.0009527200   -0.0371063800
   0.0007350100    0.0008280900   -0.0371293500
   0.0007350100    0.0007035500   -0.0371044000
   0.0007823100    0.0008851000   -0.0370707400
   0.0002742700   -0.0010058200    0.0370370500
  -0.0003872300   -0.0004557700    0.0368851600
  -0.0000541000   -0.0007463800    0.0369108500
   0.0000288900   -0.0009284100    0.0369802000
   0.0002683500   -0.0019910600    0.0372604800
  -0.0015302800   -0.0009788000    0.0385805700
  -0.0004456400   -0.0006338500    0.0371218500
  -0.0002736500   -0.0006532300    0.0370224200
  -0.0003854600   -0.0007555000    0.0369772000
  -0.0006599400   -0.0005253800    0.0366365900
   0.0011401800   -0.0014829800    0.0373788500
  -0.0000022000   -0.0010175000    0.0371334000
  -0.0001319600   -0.0007606800    0.0370376800
  -0.0002699600   -0.0005358000    0.0370353200
  -0.0005648500   -0.0004705800    0.0370096100
   0.0011928300   -0.0014527800    0.0366406300
   0.0005994600   -0.0011391200    0.0369881600
   0.0002482300   -0.0009425800    0.0370092100
   0.0001093800   -0.0008348500    0.0370297100
  -0.0005722200   -0.0004474000    0.0374057800
  -0.0006127400    0.0006933200    0.0354788100
   0.0002197100   -0.0006438600    0.0368904200
   0.0001525400   -0.0009090100    0.0369951700
   0.0003276800   -0.0010199100    0.0370046800
   0.0011208000   -0.0004496300    0.0367610000

1    
  0.0086414880681336  -0.0050323636562061   0.0000000000000000
  -0.1370619700    0.0809487300   -0.0486761200
   0.0002661200   -0.0003206800   -0.0486601600
   0.0004262500    0.0011460700   -0.0472094000
   0.0003842000    0.0010692600   -0.0472489600
   0.0012170500    0.0013610900   -0.0464216400
   0.0323829000   -0.0196775900   -0.0498155000
   0.0013610300    0.0016132200   -0.0455510500
  -0.0001938000    0.0012593200   -0.0471133000
   0.0001021000    0.0009187500   -0.0470884600
   0.0014169700    0.0010733400   -0.0478476600
  -0.0038236400    0.0030885500   -0.0471329700
   0.0008848400    0.0001515200   -0.0468748700
   0.0002042000    0.0007616600   -0.0470181300
   0.0002421700    0.0011568300   -0.0471393700
  -0.0004689500    0.0014121800   -0.0471128100
  -0.0036163400    0.0035224300   -0.0470921900
  -0.0004671200    0.0014154500   -0.0471093300
   0.0002909000    0.0012459500   -0.0469523900
   0.0002497600    0.0008448500   -0.0469789700
   0.0007633000   -0.0000777400   -0.0463617300
   0.0352950400   -0.0174297400   -0.0442215800
   0.0013091900    0.0008663700   -0.0473384000
   0.0000569700    0.0008354500   -0.0472731200
  -0.0001999500    0.0012481100   -0.0471131400
   0.0004363000   -0.0000245700   -0.0477750600
  -0.0010902800    0.0002401400    0.0484587300
  -0.0008864900   -0.0009650700    0.0476025700
  -0.0008936600   -0.0012608300    0.0473984900
  -0.0004538900   -0.0015138400    0.0474357600
   0.0010652700   -0.0021945100    0.0472858100
  -0.0022297900   -0.0014172900    0.0460465900
  -0.0021497400   -0.0003322200    0.0472562000
  -0.0012027400   -0.0008181600    0.0473085000
  -0.0010090700   -0.0008607000    0.0474712300
  -0.0014455700   -0.0002184700    0.0460063000
   0.0015310700   -0.0033392100    0.0481649400
  -0.0009920300   -0.0011026300    0.0468949700
  -0.0012521200   -0.0008946800    0.0471946100
  -0.0016716700   -0.0005923500    0.0472520100
  -0.0025846000    0.0002129800    0.0475476500
   0.0021316500   -0.0028169100    0.0472459700
  -0.0001371300   -0.0015363900    0.0471603600
  -0.0007218000   -0.0009488700    0.0471024500
  -0.0011193000   -0.0010340900    0.0470340500
  -0.0028411800   -0.0001879200    0.0469657500
   0.0023560900   -0.0020607600    0.0463095600
  -0.0000926800   -0.0014843800    0.0473362900
  -0.0003887400   -0.0013512300    0.0472500800
  -0.0002701600   -0.0011950700    0.0470654900
  -0.0019316000   -0.0009395500    0.0485419000
   0.0314455500   -0.0195784100   -0.0109137300
   0.0008877100    0.0010488200   -0.0371382600
   0.0006682100    0.0007258700   -0.0371505900
   0.0006521600    0.0007617300   -0.0370961700
   0.0010822600    0.0006011600   -0.0371471600
   0.0326083300   -0.0153069900   -0.0621391800
   0.0011113800    0.0005964000   -0.0371426900
   0.0006465900    0.0007501000   -0.0371615200
   0.0006712100    0.0006503900   -0.0371324800
   0.0008456300    0.0008804700   -0.0370562600
   0.0016773100    0.0004388600   -0.0379009400
   0.0006812900    0.0006387100   -0.0371900300
   0.0007674900    0.0009388000   -0.0371169000
   0.0007336400    0.0007929100   -0.0371614900
   0.0010594300    0.0007251600   -0.0370886800
   0.0029574100   -0.0004630900   -0.0371530600
   0.0009978800    0.0006728200   -0.0371166400
   0.0008021900    0.0009506300   -0.0371324800
   0.0007838400    0.0009704200   -0.0370970300
   0.0009558600    0.0005289600   -0.0372118000
   0.0015815100    0.0001022400   -0.0364331700
   0.0010597500    0.0006518200   -0.0371736700
   0.0008356300    0.0007702300   -0.0371295900
   0.0008075500    0.0008377200   -0.0371904400
   0.0006991500    0.0006115700   -0.0372494700
  -0.0003304800   -0.0006527500    0.0370373300
   0.0003694200   -0.0011366300    0.0370872500
   0.0000684500   -0.0008829700    0.0370349600
  -0.0000222100   -0.0007334600    0.0370095700
  -0.0002728900    0.0003442500    0.0367598700
   0.0015805600   -0.0006168400    0.0354755500
   0.0005203500   -0.0009562400    0.0369198800
   0.0002854500   -0.0009787900    0.0370221800
   0.0003117000   -0.0009159100    0.0370776300
   0.0006023500   -0.0011156700    0.0374130300
  -0.0011476400   -0.0000507000    0.0366476200
  -0.0000494700   -0.0005046300    0.0368706900
   0.0000475400   -0.0007998100    0.0369135200
   0.0002127600   -0.0010630200    0.0369345300
   0.0005421100   -0.0011158100    0.0370095000
  -0.0011819800   -0.0001704300    0.0373719200
  -0.0005313900   -0.0004805700    0.0369882200
  -0.0001791800   -0.0007242600    0.0369805100
  -0.0000857600   -0.0008854500    0.0370006300
   0.0005632600   -0.0012534800    0.0366292400
   0.0006083700   -0.0021913100    0.0385844300
  -0.0002509300   -0.0008548200    0.0371532700
  -0.0002483100   -0.0006451200    0.0370244300
  -0.0004319000   -0.0005781000    0.0370050700
  -0.0011764900   -0.0011315400    0.0372626800

1    
  0.0000000000000000   0.0000000000000000   0.0100000000000000
   0.0024961500    0.0050661800   -0.1608328500
   0.0014775500    0.0019622600   -0.0486116500
  -0.0000884300    0.0008895300   -0.0470475800
   0.0001905900    0.0012853500   -0.0470464500
  -0.0022913600   -0.0000699300   -0.0486083600
   0.0022035200   -0.0012243600   -0.0506034700
   0.0003047200    0.0026441500   -0.0486103000
  -0.0000057400    0.0007634300   -0.0468375900
   0.0000677500    0.0012075100   -0.0471429700
   0.0000187200    0.0012533900   -0.0471699500
  -0.0000768000    0.0005763900   -0.0460117000
   0.0007125000    0.0005108500   -0.0471729100
   0.0001455800    0.0007535600   -0.0470480000
   0.0003449400    0.0010459000   -0.0471446200
   0.0001868200    0.0010926100   -0.0472353100
  -0.0001315000    0.0006077500   -0.0460121100
   0.0000485200    0.0008549100   -0.0472339100
   0.0001194400    0.0010265900   -0.0471428000
   0.0003522000    0.0011909400   -0.0470461900
   0.0004093200    0.0010253700   -0.0471714200
  -0.0028237800    0.0017025200   -0.0506033000
  -0.0005794300    0.0012622100   -0.0471708900
   0.0001629300    0.0010017700   -0.0471425600
   0.0002493800    0.0012002200   -0.0468360400
   0.0003985100   -0.0016355700   -0.0486076500
  -0.0010113800   -0.0038533100    0.0569624500
  -0.0007234900   -0.0014857000    0.0471990700
  -0.0007690900   -0.0011465300    0.0473011400
  -0.0005854700   -0.0009007500    0.0475822600
   0.0028597200    0.0053853200    0.0643737700
  -0.0032665800   -0.0025363500    0.0569556500
  -0.0012012500   -0.0015880700    0.0479441900
  -0.0008631900   -0.0011236700    0.0473510500
  -0.0006481100   -0.0010771300    0.0474768700
  -0.0018505100   -0.0002452200    0.0481217200
  -0.0002679400   -0.0017985400    0.0471166200
  -0.0013474100   -0.0011212600    0.0471993100
  -0.0009643300   -0.0010644900    0.0473497000
  -0.0009287400   -0.0011197000    0.0475018800
  -0.0005266400   -0.0010139700    0.0475307400
  -0.0008370300   -0.0009619000    0.0469942000
  -0.0009290300   -0.0009366000    0.0473016400
  -0.0010300800   -0.0009948600    0.0473022200
  -0.0010303000   -0.0008547500    0.0474772200
  -0.0010355200   -0.0007177100    0.0475327900
  -0.0018454500   -0.0008813000    0.0471167300
  -0.0007683800   -0.0010294200    0.0473003900
  -0.0008662700   -0.0010132900    0.0473943800
  -0.0009065800   -0.0007143500    0.0475826200
   0.0002859900   -0.0014897800    0.0481211300
   0.0265393900   -0.0158918000    0.0008246300
   0.0006957100    0.0012249500   -0.0368455800
   0.0007677700    0.0008719700   -0.0371205700
   0.0006869900    0.0005810300   -0.0370645800
   0.0012612900    0.0017772300   -0.0361266300
  -0.0265412500    0.0149799300    0.0008221200
   0.0001394200   -0.0002182500   -0.0357445800
   0.0008615600    0.0010319700   -0.0370087300
   0.0008617100    0.0007076500   -0.0370776300
   0.0012054600    0.0003989900   -0.0368763500
  -0.0001465900    0.0010868100   -0.0377673300
   0.0011093700    0.0009617800   -0.0368474000
   0.0009135200    0.0010278600   -0.0370541200
   0.0006756000    0.0007108600   -0.0371627200
   0.0007205600    0.0006216200   -0.0370904800
   0.0007138000    0.0007816100   -0.0374579600
   0.0006708300    0.0008929200   -0.0371012900
   0.0006990400    0.0009002400   -0.0370931900
   0.0005934300    0.0008720400   -0.0370709700
   0.0005803200    0.0007457500   -0.0370584300
   0.0014192100    0.0001496800   -0.0377639800
   0.0008342900    0.0007768900   -0.0370912200
   0.0008368100    0.0008876300   -0.0371638600
   0.0005611400    0.0006445300   -0.0370730600
   0.0001866500    0.0009620700   -0.0368910900
  -0.0020189500   -0.0042484600    0.0415135600
  -0.0001783600   -0.0008417000    0.0369186600
  -0.0000736200   -0.0008000500    0.0369661500
  -0.0000699500   -0.0007392400    0.0369400600
   0.0005506000    0.0006960600    0.0378862400
   0.0004626300   -0.0002314100    0.0365272900
   0.0000814900   -0.0009649100    0.0369534400
  -0.0000096800   -0.0008428600    0.0370408400
  -0.0000741200   -0.0007603900    0.0370223700
  -0.0000089800   -0.0009710700    0.0369556400
  -0.0001828700   -0.0005949600    0.0369817500
   0.0000924000   -0.0007471600    0.0370183500
   0.0000103500   -0.0008433900    0.0369689300
   0.0000554800   -0.0007947800    0.0369798800
   0.0000357700   -0.0007127400    0.0370972100
   0.0002435000   -0.0008823500    0.0369747400
   0.0000402700   -0.0007990700    0.0369733900
   0.0001281500   -0.0007920800    0.0369757600
   0.0001273800   -0.0008787400    0.0369604100
  -0.0001447000   -0.0009071300    0.0369481900
   0.0002746800   -0.0000886400    0.0365308900
  -0.0000618800   -0.0006396900    0.0370381000
  -0.0000583000   -0.0006752400    0.0369906500
   0.0000771000   -0.0005768300    0.0368560800
   0.0010204900    0.0004406500    0.0378872800

1    
  0.0000000000000000   0.0000000000000000  -0.0100000000000000
  -0.0021066500   -0.0028540700    0.0661491400
  -0.0011738200    0.0001007700   -0.0456285800
   0.0004046700    0.0012006200   -0.0471816800
   0.0001361500    0.0008125400   -0.0471805500
   0.0026204100    0.0021886600   -0.0456252600
  -0.0016854300    0.0032106200   -0.0435849800
  -0.0000036000   -0.0005790200   -0.0456258300
   0.0003254300    0.0013312400   -0.0473909500
   0.0002511400    0.0008849100   -0.0470826700
   0.0003132700    0.0008369000   -0.0470529500
   0.0004167900    0.0015079600   -0.0482130600
  -0.0003858400    0.0015788300   -0.0470547600
   0.0001730500    0.0013353200   -0.0471811200
  -0.0000260500    0.0010457900   -0.0470837200
   0.0001314100    0.0009981400   -0.0469938300
   0.0004334200    0.0014984100   -0.0482134700
   0.0002740900    0.0012437700   -0.0469924700
   0.0002007200    0.0010683800   -0.0470819200
  -0.0000321600    0.0009112700   -0.0471793100
  -0.0000989200    0.0010783900   -0.0470532500
   0.0029517200    0.0005114200   -0.0435848100
   0.0008928700    0.0008354500   -0.0470539300
   0.0001582700    0.0010929900   -0.0470822900
   0.0000691500    0.0008913400   -0.0473894000
  -0.0000614800    0.0037480200   -0.0456231600
  -0.0005032400    0.0017943300    0.0372117000
  -0.0010423100   -0.0006287500    0.0472994800
  -0.0010077800   -0.0009656100    0.0471990200
  -0.0011964800   -0.0012109700    0.0469118800
  -0.0048409700   -0.0078397200    0.0296356700
   0.0013973000    0.0006833300    0.0372197500
  -0.0005802000   -0.0005221100    0.0465612900
  -0.0009121200   -0.0009855400    0.0471538900
  -0.0011308400   -0.0010375900    0.0470269300
   0.0001324100   -0.0018801800    0.0463818200
  -0.0015403500   -0.0002950400    0.0473793100
  -0.0004444700   -0.0009770200    0.0472984400
  -0.0008193200   -0.0010397800    0.0471522000
  -0.0008499500   -0.0009869200    0.0470003800
  -0.0012460100   -0.0010899700    0.0469759700
  -0.0009450900   -0.0011486700    0.0475085000
  -0.0008606000   -0.0011686900    0.0471986900
  -0.0007552600   -0.0011128400    0.0471994300
  -0.0007567400   -0.0012554400    0.0470260800
  -0.0007441300   -0.0013809900    0.0469777900
   0.0000921600   -0.0012444400    0.0473798700
  -0.0010048100   -0.0010840600    0.0471985500
  -0.0009163800   -0.0010980800    0.0471057300
  -0.0008762900   -0.0013968800    0.0469123300
  -0.0021131100   -0.0005726700    0.0463795300
  -0.0238516900    0.0167768000   -0.0742899000
   0.0008026700    0.0005004300   -0.0374787900
   0.0006618500    0.0008425100   -0.0371878700
   0.0006956500    0.0010682100   -0.0372089300
   0.0001600400   -0.0001152100   -0.0381547100
   0.0267267500   -0.0127140000   -0.0742763900
   0.0013252900    0.0018203200   -0.0385214200
   0.0006423000    0.0005802900   -0.0372199500
   0.0006613600    0.0008633500   -0.0371565600
   0.0002929000    0.0011612000   -0.0374112000
   0.0015876600    0.0005422300   -0.0365596900
   0.0004269000    0.0006986100   -0.0374804600
   0.0006289900    0.0006142900   -0.0372650900
   0.0007746400    0.0008806300   -0.0371583500
   0.0006874200    0.0009479500   -0.0372410500
   0.0007685100    0.0008748000   -0.0368475200
   0.0007793800    0.0008033500   -0.0371973800
   0.0007257200    0.0007938500   -0.0371602800
   0.0008277000    0.0007743000   -0.0371496300
   0.0008805700    0.0008775100   -0.0372088200
   0.0000895000    0.0013887800   -0.0365560300
   0.0007030700    0.0008267800   -0.0371874000
   0.0007347300    0.0007122500   -0.0370926200
   0.0009803100    0.0008925900   -0.0372171300
   0.0012993300    0.0005430800   -0.0374256000
   0.0020160200    0.0026814200    0.0324529800
   0.0001638200   -0.0007528600    0.0370585200
   0.0000893600   -0.0008287700    0.0369783300
   0.0000801300   -0.0009199800    0.0370503100
  -0.0005748300   -0.0023784300    0.0361055600
  -0.0004135200   -0.0013744000    0.0375171200
  -0.0000102900   -0.0006233900    0.0370930500
   0.0000230800   -0.0007863700    0.0370023400
   0.0000026300   -0.0009090700    0.0370324100
  -0.0000412100   -0.0006762800    0.0370974200
   0.0001708600   -0.0009430100    0.0370443400
  -0.0001479700   -0.0007772500    0.0369865700
  -0.0000950200   -0.0007156300    0.0369809200
  -0.0001121100   -0.0008010900    0.0369899200
  -0.0000566600   -0.0008704800    0.0369192400
  -0.0002341500   -0.0007469300    0.0370374700
   0.0000256400   -0.0008243100    0.0370035700
  -0.0000596400   -0.0008751000    0.0370125400
  -0.0001032000   -0.0008371900    0.0370705300
   0.0001266200   -0.0007904100    0.0370902600
  -0.0002873300   -0.0014153900    0.0375206800
   0.0000305900   -0.0008635100    0.0370064500
  -0.0000375100   -0.0008795300    0.0370275100
  -0.0001834200   -0.0010247900    0.0371574000
  -0.0010974100   -0.0020564600    0.0361078700

26   
  0.0080745860277312   0.0058992423649794   0.0000000000000000
   0.0017832300    0.0028338500   -0.0489266300
   0.0038790500    0.0056268400   -0.0400196900
   0.0005719300    0.0015962800   -0.0467725300
  -0.0004344300    0.0002763000   -0.0470700300
   0.0006951000    0.0018675600   -0.0472343700
   0.0019068500    0.0000749900   -0.0477850200
  -0.0008168300    0.0008960600   -0.0464131900
   0.0009314100    0.0015526300   -0.0469248000
  -0.0002481500   -0.0001166900   -0.0470674500
   0.0007179900    0.0012333800   -0.0470009500
   0.0013045300    0.0002320700   -0.0470156900
  -0.0007449600    0.0016252800   -0.0470375300
   0.0000440800    0.0012023000   -0.0471067700
  -0.0000775700    0.0002343300   -0.0471894700
   0.0006535900    0.0012362600   -0.0470728300
   0.0004137900    0.0002421400   -0.0470442500
  -0.0002659100    0.0015665500   -0.0468003800
  -0.0001562300    0.0012297800   -0.0471857700
  -0.0004943700    0.0003185900   -0.0471797900
   0.0005383800    0.0018852500   -0.0475193300
  -0.0001214000    0.0030573800   -0.0499402400
   0.0000279200    0.0008034500   -0.0474452000
   0.0002475200    0.0011754700   -0.0469290400
  -0.0004012400    0.0003104400   -0.0471344500
   0.0011333600    0.0038679700   -0.0476822700
  -0.0667038500    0.0124212500    0.0511903700
  -0.0015280100   -0.0008468700    0.0488899000
  -0.0002119400   -0.0004301800    0.0469567000
  -0.0002457100   -0.0003377500    0.0474100100
  -0.0005993500   -0.0024801100    0.0446395400
   0.0116699400   -0.0073477200    0.0475076800
  -0.0001821200   -0.0024243800    0.0483423100
  -0.0016622300   -0.0020445500    0.0469483900
  -0.0007527300   -0.0005692800    0.0472733800
  -0.0001624400   -0.0018706200    0.0472505100
  -0.0021429100    0.0008062400    0.0467775400
  -0.0012254400   -0.0017462200    0.0473786300
  -0.0006095500   -0.0003182500    0.0470663500
  -0.0004352000   -0.0005396600    0.0473994200
  -0.0014218700   -0.0013893500    0.0473004400
  -0.0018579800    0.0004120100    0.0467622700
  -0.0014212200   -0.0013846500    0.0470471900
  -0.0003831300   -0.0006247800    0.0472056000
  -0.0005506100   -0.0003691600    0.0474885200
  -0.0013803200   -0.0015451600    0.0474394800
   0.0136869300   -0.0102414000    0.0452574300
  -0.0003032900   -0.0016608500    0.0467735200
  -0.0008103200   -0.0005077500    0.0472254200
  -0.0016386500   -0.0020168300    0.0474151800
  -0.0013080000   -0.0010125800    0.0458703800
   0.0009818200    0.0015384300   -0.0375843600
   0.0013719800    0.0016927900   -0.0378298100
   0.0005880700    0.0008616800   -0.0372389100
   0.0007933800    0.0010216800   -0.0370871800
   0.0007632400    0.0005997600   -0.0370019000
   0.0015969100    0.0000832800   -0.0361850500
   0.0002216900    0.0014915100   -0.0376089200
   0.0007732000    0.0011937400   -0.0371649700
   0.0008275600    0.0011640900   -0.0371319600
   0.0005334000    0.0006127700   -0.0370754700
   0.0001718600    0.0011342100   -0.0369953100
   0.0010320900    0.0005334000   -0.0372052400
   0.0007575100    0.0006918000   -0.0372570900
   0.0008499800    0.0011259400   -0.0371869400
   0.0004211100    0.0008152800   -0.0371681000
   0.0003907100    0.0010711200   -0.0372777300
   0.0009506500    0.0007170100   -0.0370155200
   0.0008685300    0.0007007700   -0.0371717200
   0.0009040300    0.0009951500   -0.0371099600
   0.0006739600    0.0007455500   -0.0371700000
   0.0009389600    0.0013248100   -0.0374326600
   0.0008917100    0.0006446600   -0.0368672800
   0.0008632600    0.0007990300   -0.0371325300
   0.0010703000    0.0010251900   -0.0371264700
   0.0009077700    0.0005725200   -0.0370986300
   0.0120001600   -0.0067540400    0.0467623600
   0.0011412000    0.0008122300    0.0346667000
   0.0001291600   -0.0007283800    0.0369702100
  -0.0000342500   -0.0010230500    0.0370176200
   0.0004871200   -0.0004657600    0.0369698700
   0.0003807600   -0.0010161800    0.0374549700
  -0.0000536400   -0.0005668600    0.0369621400
   0.0000523100   -0.0006143600    0.0369840700
  -0.0001409400   -0.0010640700    0.0370792500
   0.0003278200   -0.0007470200    0.0368639300
   0.0008765700   -0.0012828400    0.0370535200
   0.0000163800   -0.0006464800    0.0371330100
  -0.0001651300   -0.0008031400    0.0369645700
  -0.0001045000   -0.0008449300    0.0370030600
   0.0001030200   -0.0005881000    0.0368715800
   0.0004089400   -0.0009174700    0.0368523900
   0.0003951300   -0.0007613100    0.0371826500
  -0.0001266200   -0.0011136200    0.0369383700
   0.0001015300   -0.0005963300    0.0370965700
  -0.0000128800   -0.0003945900    0.0369558500
   0.0148119600   -0.0065819700    0.0262007700
   0.0003186300   -0.0006250400    0.0370364100
  -0.0000820700   -0.0010055100    0.0369880200
   0.0000445200   -0.0006375500    0.0370517000
   0.0000735100   -0.0009496600    0.0387456700

26   
 -0.0080745860277312  -0.0058992423649794   0.0000000000000000
  -0.0015794200   -0.0007189900   -0.0451868500
  -0.0035237300   -0.0034769900   -0.0540361700
  -0.0002265000    0.0005236600   -0.0474489500
   0.0007484700    0.0018132600   -0.0471559600
  -0.0003992100    0.0002209600   -0.0469861700
  -0.0016030100    0.0020378500   -0.0464346100
   0.0011306900    0.0011815700   -0.0478092700
  -0.0005967800    0.0005661100   -0.0473030000
   0.0005634900    0.0022067800   -0.0471578600
  -0.0004029900    0.0008658700   -0.0472240600
  -0.0009848800    0.0018776400   -0.0472130800
   0.0010454300    0.0004680600   -0.0471934400
   0.0002766400    0.0009035000   -0.0471222000
   0.0003988900    0.0018533700   -0.0470371100
  -0.0003337100    0.0008528000   -0.0471544500
  -0.0000751900    0.0018560200   -0.0471847100
   0.0005785500    0.0005185200   -0.0474259700
   0.0004798300    0.0008752600   -0.0470437700
   0.0008053200    0.0017613000   -0.0470480500
  -0.0002100200    0.0001996600   -0.0467051300
   0.0005060400   -0.0009499000   -0.0442765900
   0.0002531800    0.0012865400   -0.0468084000
   0.0000726500    0.0009233100   -0.0472953900
   0.0007161000    0.0017726500   -0.0470924200
  -0.0008184000   -0.0017990300   -0.0465520300
   0.0648929800   -0.0145866100    0.0428238900
  -0.0000700400   -0.0011521600    0.0456496600
  -0.0015886500   -0.0016970800    0.0475382400
  -0.0015150300   -0.0017516100    0.0470871200
  -0.0013852000    0.0002860600    0.0499366000
  -0.0134517700    0.0053734000    0.0469833200
  -0.0015872800    0.0004224100    0.0461897600
  -0.0001414200   -0.0000906500    0.0475509200
  -0.0010287400   -0.0015212900    0.0472310600
  -0.0016258000   -0.0002486700    0.0472426200
   0.0003636000   -0.0029152500    0.0477244500
  -0.0005454600   -0.0003680100    0.0471221800
  -0.0011764300   -0.0018137600    0.0474318900
  -0.0013392300   -0.0015643400    0.0470998300
  -0.0003617400   -0.0007265400    0.0472001300
   0.0000819700   -0.0025341300    0.0477430800
  -0.0003610400   -0.0007218700    0.0474583500
  -0.0014025200   -0.0014915000    0.0472957200
  -0.0012247300   -0.0017179300    0.0470134800
  -0.0004089400   -0.0005658000    0.0470612000
  -0.0154568500    0.0079846100    0.0492197000
  -0.0014753300   -0.0004375900    0.0477108000
  -0.0009710500   -0.0016175100    0.0472752000
  -0.0001180400   -0.0000626000    0.0470874000
  -0.0004695100   -0.0012363900    0.0486718600
   0.0004899900    0.0001377400   -0.0367365900
   0.0001247600    0.0000552600   -0.0364837100
   0.0008403100    0.0008554500   -0.0370681400
   0.0005900000    0.0006272900   -0.0371877900
   0.0006454800    0.0010430800   -0.0372817700
  -0.0001240600    0.0014935300   -0.0381182800
   0.0012558700    0.0001455700   -0.0366636600
   0.0007250500    0.0004108800   -0.0370643500
   0.0006983400    0.0004092400   -0.0371023500
   0.0009763800    0.0009444500   -0.0372100500
   0.0013035300    0.0004699200   -0.0373227900
   0.0005140000    0.0011212300   -0.0371242400
   0.0007841100    0.0009492900   -0.0370625900
   0.0005999800    0.0004659800   -0.0371341100
   0.0009916300    0.0007519000   -0.0371608200
   0.0010897500    0.0005782700   -0.0370189100
   0.0005088000    0.0009788000   -0.0372820300
   0.0005560600    0.0009878000   -0.0370815600
   0.0005172600    0.0006543500   -0.0371110500
   0.0007823100    0.0008825800   -0.0370939900
   0.0005203900    0.0002348900   -0.0368759800
   0.0006465300    0.0009571900   -0.0374093100
   0.0007082100    0.0007974500   -0.0371232300
   0.0004738300    0.0005165100   -0.0371655800
   0.0005765700    0.0009469400   -0.0372165000
  -0.0118151800    0.0052519000    0.0273534300
  -0.0011689000   -0.0024561100    0.0392866000
  -0.0001056700   -0.0008928900    0.0369728500
   0.0000471900   -0.0006393200    0.0369727900
  -0.0005166900   -0.0011970600    0.0370574700
  -0.0003694100   -0.0005682000    0.0365936300
   0.0001211900   -0.0010133100    0.0370825600
  -0.0000321600   -0.0010062800    0.0370555000
   0.0000697000   -0.0006102200    0.0369770200
  -0.0003775400   -0.0009045100    0.0371912900
  -0.0009038500   -0.0002537600    0.0369762700
  -0.0000804600   -0.0008753100    0.0368726100
   0.0000787500   -0.0007515000    0.0369844500
   0.0000435100   -0.0007530700    0.0369658800
  -0.0001241400   -0.0009961400    0.0371451700
  -0.0003901000   -0.0007346700    0.0371655500
  -0.0003272300   -0.0008650800    0.0367976500
   0.0001931300   -0.0005508000    0.0370524700
  -0.0000869900   -0.0011243100    0.0369310400
  -0.0000093900   -0.0013045800    0.0370834600
  -0.0149225000    0.0048908200    0.0478565900
  -0.0003167400   -0.0008615200    0.0370131400
  -0.0000108500   -0.0005493400    0.0370309700
  -0.0001544400   -0.0009741600    0.0369579400
  -0.0000914400   -0.0005411100    0.0352702300

26   
 -0.0086414880681336   0.0050323636562061   0.0000000000000000
   0.0003598200   -0.0002489000   -0.0483203700
  -0.0017958200    0.0021864600   -0.0471493800
  -0.0002771900    0.0015058900   -0.0472997100
   0.0001631400    0.0012529500   -0.0472622500
   0.0001564600    0.0009570300   -0.0474664000
  -0.0030871700    0.0020530100   -0.0461718300
   0.0012011800    0.0009319800   -0.0484038700
  -0.0004610800    0.0011867800   -0.0469273400
  -0.0003420300    0.0013434900   -0.0471117900
  -0.0006380000    0.0014771600   -0.0471984000
  -0.0028620300    0.0028086600   -0.0471083400
   0.0021110100    0.0001795000   -0.0468273600
   0.0003888900    0.0010257100   -0.0468962100
  -0.0000089200    0.0009406600   -0.0469651300
  -0.0005936000    0.0015287700   -0.0470231200
  -0.0022613800    0.0033317700   -0.0480298100
   0.0018536000   -0.0002213800   -0.0474115000
   0.0009412200    0.0005839800   -0.0471149900
   0.0005215400    0.0008871000   -0.0470576700
   0.0002620800    0.0010956800   -0.0467585600
   0.0014988800    0.0014101700   -0.0459090400
   0.0007137700    0.0002100900   -0.0458680000
   0.0002779700    0.0008523900   -0.0473326500
   0.0004719700    0.0008099000   -0.0471699000
   0.0014192000    0.0003245600   -0.0471175700
   0.1363378800   -0.0809584200    0.0487844700
  -0.0019456900   -0.0013666700    0.0465586300
  -0.0011147100   -0.0010771700    0.0473852500
  -0.0011572300   -0.0011539100    0.0473454500
  -0.0009979300    0.0003104900    0.0487972900
  -0.0360259900    0.0174214900    0.0443604600
  -0.0011679900    0.0000152400    0.0479132600
  -0.0005308000   -0.0012563000    0.0472517200
  -0.0007881000   -0.0008438400    0.0474118900
  -0.0020403700   -0.0008740000    0.0474769800
   0.0028852600   -0.0035301400    0.0472276800
  -0.0014932000    0.0000707600    0.0464982200
  -0.0009803200   -0.0008524200    0.0471160000
  -0.0010212600   -0.0012541600    0.0470893700
  -0.0002637300   -0.0014238900    0.0472455700
   0.0030930000   -0.0030962600    0.0472708500
  -0.0002617100   -0.0014199300    0.0472502200
  -0.0009729700   -0.0011651800    0.0472766200
  -0.0009346600   -0.0007701300    0.0471558600
  -0.0016150600   -0.0001601200    0.0470131800
  -0.0331131900    0.0196701500    0.0499553900
  -0.0021476500   -0.0010808200    0.0479854600
  -0.0008328000   -0.0009263600    0.0472267600
  -0.0005374800   -0.0012676600    0.0472515300
  -0.0020911200   -0.0016198400    0.0456881500
   0.0010496300    0.0006891400   -0.0371849900
   0.0010169000   -0.0003028600   -0.0369096600
   0.0007435200    0.0007608300   -0.0371687000
   0.0006321800    0.0008926400   -0.0372001300
   0.0003276500    0.0011571800   -0.0372418400
   0.0001331800    0.0022271300   -0.0387090800
   0.0018888300    0.0011549300   -0.0373867700
   0.0011314800    0.0005847800   -0.0371140100
   0.0009633400    0.0006524800   -0.0371321100
   0.0009914700    0.0008821700   -0.0372739500
   0.0019260400    0.0001563900   -0.0375227200
   0.0001952600    0.0012342200   -0.0367734400
   0.0008684200    0.0008509500   -0.0371452100
   0.0009378800    0.0006873200   -0.0371464700
   0.0012694900    0.0004520300   -0.0371640800
   0.0018776000    0.0001095300   -0.0367819600
   0.0001729300    0.0011697700   -0.0371501900
   0.0004704900    0.0011120100   -0.0370765800
   0.0006191400    0.0008447900   -0.0370489100
   0.0007478300    0.0005567800   -0.0370009600
  -0.0008292500    0.0005957600   -0.0356091200
   0.0001418000    0.0010908100   -0.0375253200
   0.0004391100    0.0008802800   -0.0371787400
   0.0004922900    0.0009333000   -0.0371466600
   0.0002561700    0.0009199100   -0.0370560300
  -0.0307250400    0.0196061800    0.0107750900
  -0.0003852600   -0.0005806800    0.0369926300
   0.0000484800   -0.0007521400    0.0369309900
   0.0000532500   -0.0006983900    0.0369914900
  -0.0001427600   -0.0010067600    0.0369885900
  -0.0008295500   -0.0001237900    0.0362993800
   0.0000776400   -0.0006469600    0.0371133200
  -0.0000297100   -0.0008831900    0.0370660500
  -0.0000848600   -0.0008058400    0.0370285000
  -0.0003156200   -0.0006765400    0.0370613800
  -0.0022273500    0.0005218500    0.0370186900
  -0.0002575100   -0.0004767200    0.0370814800
  -0.0001171800   -0.0009254500    0.0369616700
  -0.0001189800   -0.0009016700    0.0369904900
  -0.0002830700   -0.0006188800    0.0369759800
  -0.0009336700   -0.0004526300    0.0377497900
  -0.0003216600   -0.0007537300    0.0369127800
   0.0000249700   -0.0008299000    0.0369955400
   0.0000151200   -0.0009734200    0.0369723600
   0.0000771700   -0.0006588600    0.0370458600
  -0.0318755300    0.0153540100    0.0620292000
  -0.0001059500   -0.0008537700    0.0369355500
   0.0000437900   -0.0006429200    0.0370247700
   0.0000529900   -0.0007433700    0.0370525400
  -0.0003988100   -0.0005730000    0.0370184100

26   
  0.0086414880681336  -0.0050323636562061   0.0000000000000000
  -0.0001825500    0.0023901300   -0.0459143400
   0.0021163000   -0.0000910300   -0.0471501800
   0.0005879400    0.0005764100   -0.0469279200
   0.0001518300    0.0008469800   -0.0469650200
   0.0001548200    0.0011583700   -0.0467597400
   0.0033426600    0.0000686800   -0.0480291800
  -0.0008398100    0.0011143900   -0.0458688000
   0.0007739400    0.0008930100   -0.0472969800
   0.0006658300    0.0007570100   -0.0471112000
   0.0009522100    0.0006291800   -0.0470216300
   0.0031853000   -0.0007113100   -0.0471090000
  -0.0017786500    0.0018937200   -0.0474129300
  -0.0000663700    0.0010533000   -0.0473342000
   0.0003361600    0.0011513600   -0.0472619900
   0.0009267700    0.0005666700   -0.0471990900
   0.0026360500   -0.0012793900   -0.0461735500
  -0.0015568400    0.0023156900   -0.0468282400
  -0.0006280600    0.0014979800   -0.0471163100
  -0.0002005500    0.0012021500   -0.0471706200
   0.0000813200    0.0010008400   -0.0474662800
  -0.0010669200    0.0005828800   -0.0483221700
  -0.0004562600    0.0018962700   -0.0484047800
   0.0000281800    0.0012356300   -0.0468957600
  -0.0001571800    0.0012819200   -0.0470581500
  -0.0010905400    0.0017846200   -0.0471178700
  -0.1381180700    0.0788488500    0.0488331600
   0.0001787400   -0.0007672500    0.0479111200
  -0.0006685800   -0.0010344300    0.0471159300
  -0.0006195100   -0.0009539000    0.0471547600
  -0.0007875700   -0.0023769000    0.0456880000
   0.0330353200   -0.0188536600    0.0499546100
  -0.0006406700   -0.0021239700    0.0465586500
  -0.0012432900   -0.0008414800    0.0472511800
  -0.0009983000   -0.0012674100    0.0470911700
   0.0002458600   -0.0012426000    0.0470137100
  -0.0046313600    0.0014031300    0.0472707700
  -0.0002926500   -0.0021599000    0.0479845500
  -0.0008015000   -0.0012603100    0.0473846900
  -0.0007582900   -0.0008601600    0.0474097400
  -0.0015206300   -0.0006911400    0.0472458700
  -0.0049067900    0.0010073600    0.0472309600
  -0.0015186500   -0.0006871200    0.0472510800
  -0.0008084800   -0.0009402300    0.0472273300
  -0.0008472900   -0.0013351000    0.0473469500
  -0.0001659600   -0.0019639400    0.0474781100
   0.0325174400   -0.0224961800    0.0443576600
   0.0003870800   -0.0010227200    0.0464985300
  -0.0009446900   -0.0011810600    0.0472768300
  -0.0012502200   -0.0008531300    0.0472518500
   0.0003500000   -0.0004727700    0.0487955800
   0.0004458900    0.0010417700   -0.0371846600
   0.0004762300    0.0020328800   -0.0374099400
   0.0006926200    0.0009560200   -0.0371393100
   0.0007546700    0.0007560100   -0.0370760400
   0.0010843300    0.0004761500   -0.0370398100
   0.0013538100   -0.0006569700   -0.0356037900
  -0.0004080400    0.0004729100   -0.0368855600
   0.0003720500    0.0010266300   -0.0371136500
   0.0005625100    0.0009165600   -0.0371029300
   0.0005207300    0.0006712800   -0.0370110900
  -0.0004496400    0.0014388100   -0.0367915500
   0.0013306100    0.0004276000   -0.0375499400
   0.0006733000    0.0008001400   -0.0371743700
   0.0005104000    0.0009055400   -0.0371751900
   0.0001382900    0.0011107000   -0.0371641000
  -0.0004106700    0.0015420400   -0.0375132500
   0.0012791900    0.0005246300   -0.0371502900
   0.0009530600    0.0005847500   -0.0371773300
   0.0007987000    0.0008056700   -0.0371730800
   0.0007005800    0.0010696400   -0.0372637600
   0.0022819400    0.0009575600   -0.0387142900
   0.0014036600    0.0005007900   -0.0367488800
   0.0011360800    0.0007199100   -0.0370783400
   0.0010514300    0.0006076900   -0.0371469000
   0.0012224000    0.0005975900   -0.0372579700
   0.0297252000   -0.0205686700    0.0619957000
   0.0003697900   -0.0010203500    0.0369932600
  -0.0000330000   -0.0008807900    0.0370168800
  -0.0000398100   -0.0009591500    0.0370008100
   0.0001189300   -0.0006506900    0.0370387500
   0.0007962800   -0.0014374900    0.0377635800
  -0.0000058000   -0.0009223000    0.0369346500
   0.0000426600   -0.0007491100    0.0369799000
   0.0000156400   -0.0008637000    0.0370282300
   0.0002623600   -0.0009774600    0.0369941200
   0.0022051600   -0.0020592700    0.0370184800
   0.0001950700   -0.0010393700    0.0369263200
   0.0000293700   -0.0006335500    0.0369902900
   0.0000621200   -0.0006933000    0.0369810100
   0.0002633500   -0.0009731000    0.0370428200
   0.0010103500   -0.0012187200    0.0362858200
   0.0003911700   -0.0008698800    0.0370681500
   0.0000405700   -0.0008382300    0.0369957100
   0.0000086300   -0.0007364400    0.0370622100
  -0.0001029100   -0.0010603200    0.0369958800
   0.0329199100   -0.0174056300    0.0107755500
   0.0000937000   -0.0006434900    0.0371142100
  -0.0001390500   -0.0009145500    0.0369961600
  -0.0001566700   -0.0008539400    0.0369628000
   0.0003453400   -0.0010062100    0.0370178800

26   
  0.0000000000000000   0.0000000000000000   0.0100000000000000
  -0.0002249800   -0.0018033900   -0.0370754300
   0.0041095700    0.0078300300   -0.0294993500
   0.0004654400    0.0012033800   -0.0467756900
   0.0002770400    0.0009577200   -0.0470626300
   0.0003124800    0.0006210000   -0.0471633500
  -0.0008228000    0.0012367500   -0.0472425000
   0.0013828800    0.0005646100   -0.0462419400
   0.0001450600    0.0013888100   -0.0467740900
   0.0001854300    0.0010902300   -0.0469673500
   0.0002741500    0.0010768700   -0.0470606900
   0.0002144500    0.0011406300   -0.0473705400
   0.0000143600    0.0013723000   -0.0468399200
   0.0000265400    0.0012469100   -0.0468885200
   0.0000244900    0.0011043500   -0.0470622200
   0.0001295900    0.0011610800   -0.0470612300
   0.0008091600    0.0002875900   -0.0472434300
   0.0005149100    0.0010815500   -0.0468397500
   0.0001196300    0.0009785900   -0.0468634900
   0.0000887100    0.0010321200   -0.0470153100
  -0.0002856200    0.0009698000   -0.0471620800
  -0.0021294100   -0.0006904200   -0.0370811900
  -0.0008643200    0.0018730100   -0.0462428200
   0.0003995500    0.0010294800   -0.0468881200
   0.0001814500    0.0009773700   -0.0470153600
  -0.0001498900    0.0005151800   -0.0464227000
   0.0013892800    0.0028112100   -0.0660186500
  -0.0033503200   -0.0021948000    0.0457613400
  -0.0008665500   -0.0008204000    0.0473169400
  -0.0011356600   -0.0012085600    0.0473178500
   0.0004428100   -0.0001078500    0.0457648500
  -0.0036849500   -0.0005175400    0.0437234000
  -0.0006679200   -0.0037546700    0.0457616000
  -0.0007998600   -0.0008994500    0.0475278700
  -0.0008892300   -0.0011011500    0.0472210700
  -0.0016243400   -0.0008433500    0.0471929200
  -0.0011636700   -0.0015058200    0.0483494800
  -0.0006317300   -0.0010856000    0.0471895200
  -0.0006986600   -0.0009188700    0.0473161500
  -0.0009311600   -0.0010766000    0.0472187700
  -0.0010049600   -0.0012520100    0.0471288600
  -0.0011466200   -0.0015159700    0.0483511500
  -0.0008622900   -0.0010059000    0.0471314800
  -0.0007047900   -0.0010539900    0.0472208700
  -0.0009036600   -0.0013437200    0.0473186200
  -0.0003445400   -0.0015873100    0.0471925300
   0.0009544000   -0.0032175700    0.0437223800
  -0.0010436800   -0.0008444100    0.0471908300
  -0.0009818600   -0.0008926400    0.0472210200
  -0.0010568500   -0.0013397100    0.0475291100
  -0.0007263700    0.0005715000    0.0457632600
  -0.0012966900   -0.0026448200   -0.0326018200
   0.0013198800    0.0024206400   -0.0362542400
   0.0006414200    0.0009474700   -0.0372094400
   0.0006112500    0.0008384800   -0.0371435200
   0.0005330900    0.0007732900   -0.0372130800
   0.0010282300    0.0014518500   -0.0376452700
   0.0018099200    0.0020803500   -0.0362314100
   0.0008831100    0.0010314100   -0.0372663700
   0.0007525900    0.0008870200   -0.0371352200
   0.0007098100    0.0008909100   -0.0371271100
   0.0009777500    0.0007329800   -0.0371884200
   0.0006313900    0.0007710900   -0.0372345000
   0.0008858500    0.0008026700   -0.0372151200
   0.0008183700    0.0008381400   -0.0371784700
   0.0007123800    0.0007958500   -0.0371794700
   0.0005591500    0.0010018000   -0.0371787700
   0.0007712600    0.0009246800   -0.0370599900
   0.0007951800    0.0008501300   -0.0371319300
   0.0007617200    0.0007606600   -0.0371163100
   0.0008464300    0.0008293100   -0.0371168800
   0.0011653500    0.0013530800   -0.0376505100
   0.0007853300    0.0006512400   -0.0372098300
   0.0007480800    0.0008734600   -0.0371335300
   0.0007546400    0.0007409100   -0.0371268400
   0.0007868900    0.0005870200   -0.0372291200
   0.0245687300   -0.0167291400    0.0741331300
   0.0005377600    0.0001367000    0.0380009600
   0.0000048700   -0.0010585800    0.0370438100
   0.0000594700   -0.0008149900    0.0370287400
  -0.0000586500   -0.0004590800    0.0373291000
   0.0006621200   -0.0014099200    0.0364225200
  -0.0005225200   -0.0005799300    0.0372896100
  -0.0002025300   -0.0009381800    0.0370927300
   0.0000159300   -0.0007478900    0.0369915100
   0.0000408600   -0.0008514400    0.0370751300
  -0.0000390800   -0.0008158100    0.0367131300
  -0.0001820000   -0.0008254000    0.0370784900
  -0.0001609000   -0.0007293700    0.0370142500
  -0.0000424900   -0.0007449300    0.0370182600
  -0.0000647100   -0.0007493200    0.0370567100
  -0.0008446000   -0.0005559100    0.0364088700
   0.0000503600   -0.0009762800    0.0370651400
  -0.0000159900   -0.0009176800    0.0369923800
   0.0001537000   -0.0006489600    0.0371204400
   0.0003315900   -0.0007185600    0.0373361900
  -0.0259951000    0.0127640900    0.0741660500
   0.0004470300   -0.0011341200    0.0372906400
   0.0000535700   -0.0008558700    0.0370488300
   0.0000573400   -0.0005736400    0.0371109700
  -0.0006118300   -0.0017957500    0.0383961000

26   
  0.0000000000000000   0.0000000000000000  -0.0100000000000000
   0.0002795300    0.0038462400   -0.0568263200
  -0.0035897100   -0.0053921900   -0.0642376000
  -0.0001455700    0.0008926000   -0.0474461900
   0.0000388400    0.0011388600   -0.0471648900
  -0.0000064100    0.0014779800   -0.0470630600
   0.0011141900    0.0008739400   -0.0469794700
  -0.0010173200    0.0014815500   -0.0479836700
   0.0001752200    0.0007056600   -0.0474445000
   0.0001357100    0.0010056900   -0.0472561300
   0.0000377300    0.0010223200   -0.0471626600
   0.0001069400    0.0009534800   -0.0468563600
   0.0003049100    0.0007095800   -0.0473950600
   0.0002996600    0.0008465100   -0.0473397900
   0.0002993700    0.0009868200   -0.0471651400
   0.0001984900    0.0009288200   -0.0471643000
  -0.0004617700    0.0017906000   -0.0469808700
  -0.0002041800    0.0010056700   -0.0473946600
   0.0001982000    0.0011114000   -0.0473651400
   0.0002336900    0.0010568300   -0.0472129500
   0.0006173100    0.0011140800   -0.0470630600
   0.0025363200    0.0025283500   -0.0568172300
   0.0011195800    0.0002368900   -0.0479828600
  -0.0000827100    0.0010688300   -0.0473382000
   0.0001324000    0.0011155200   -0.0472126600
   0.0004702100    0.0015796500   -0.0478057100
  -0.0032386000   -0.0050388000    0.1609760900
   0.0015615000    0.0000605700    0.0487445600
  -0.0009211500   -0.0012930900    0.0471828900
  -0.0006426900   -0.0008973900    0.0471838000
  -0.0022078800   -0.0019716900    0.0487480400
   0.0020947300   -0.0017116100    0.0507418400
  -0.0011302200    0.0016268000    0.0487464300
  -0.0009801200   -0.0012084400    0.0469746700
  -0.0008941000   -0.0010100600    0.0472814800
  -0.0001519900   -0.0012698200    0.0473099000
  -0.0005992300   -0.0006157300    0.0461478800
  -0.0011389000   -0.0010325400    0.0473079200
  -0.0010826400   -0.0011986300    0.0471831900
  -0.0008498600   -0.0010350300    0.0472798400
  -0.0007796300   -0.0008634100    0.0473700100
  -0.0006541100   -0.0005848500    0.0461495600
  -0.0009175300   -0.0011002200    0.0473726600
  -0.0010756300   -0.0010542200    0.0472819600
  -0.0008758600   -0.0007619800    0.0471856600
  -0.0014424800   -0.0005192400    0.0473109000
  -0.0029344300    0.0012162500    0.0507408400
  -0.0007495800   -0.0012602000    0.0473078400
  -0.0007985700   -0.0012152700    0.0472814500
  -0.0007254500   -0.0007717800    0.0469759200
  -0.0010363000   -0.0026529000    0.0487480600
   0.0027389100    0.0042842100   -0.0416600800
   0.0001929400   -0.0006550300   -0.0380368300
   0.0007912200    0.0007667400   -0.0370991700
   0.0007742100    0.0008096700   -0.0371313200
   0.0008756100    0.0008621900   -0.0370733400
   0.0004670400    0.0001243400   -0.0366559100
  -0.0003078900   -0.0004178300   -0.0380124200
   0.0006225300    0.0005836100   -0.0369650000
   0.0007732900    0.0006826600   -0.0370984000
   0.0008024500    0.0006670600   -0.0371587600
   0.0005001200    0.0008682900   -0.0371254800
   0.0009035800    0.0008874100   -0.0370923200
   0.0006552900    0.0008440600   -0.0371050300
   0.0006304400    0.0007550700   -0.0371417700
   0.0006975600    0.0007705700   -0.0371492800
   0.0009123200    0.0006540600   -0.0371160600
   0.0006790000    0.0007665400   -0.0372378500
   0.0006278000    0.0008436800   -0.0371219200
   0.0006563500    0.0008883400   -0.0371043600
   0.0006058900    0.0007993900   -0.0371486900
   0.0002885100    0.0002104100   -0.0366612300
   0.0007527500    0.0009466400   -0.0370678100
   0.0008248200    0.0007248000   -0.0371235000
   0.0007874600    0.0007973000   -0.0371652900
   0.0006951700    0.0009286800   -0.0370896500
  -0.0258170500    0.0159158700   -0.0009628200
  -0.0005649100   -0.0017577900    0.0359711900
   0.0000136800   -0.0005713600    0.0368994300
  -0.0000462900   -0.0008445000    0.0369615300
   0.0000488300   -0.0011830900    0.0366960900
  -0.0006678800   -0.0001708600    0.0376302600
   0.0005898200   -0.0009978200    0.0367548700
   0.0002165700   -0.0006899800    0.0369485900
  -0.0000860500   -0.0009232100    0.0370628000
  -0.0000903500   -0.0008016900    0.0369789800
   0.0000162300   -0.0007227100    0.0373237100
   0.0001178200   -0.0006935600    0.0369282100
   0.0000731700   -0.0008269900    0.0369356100
  -0.0000159300   -0.0008512200    0.0369512200
   0.0000438900   -0.0008389400    0.0369606600
   0.0008907300   -0.0011011400    0.0376165200
   0.0000175100   -0.0006502600    0.0369147000
   0.0000830800   -0.0007477900    0.0369968400
  -0.0001308900   -0.0010624200    0.0369096100
  -0.0003509800   -0.0009808900    0.0367033700
   0.0272924400   -0.0149584900   -0.0009616400
  -0.0004644300   -0.0003713100    0.0367556600
  -0.0001465800   -0.0007002200    0.0369699800
  -0.0001618900   -0.0010252400    0.0368998800
   0.0005722100    0.0002403600    0.0356213200

51   
  0.0080745860277312   0.0058992423649794   0.0000000000000000
   0.0116470800   -0.0042128200   -0.0363894300
   0.0013015200    0.0026512200   -0.0460904300
   0.0001955000    0.0012481800   -0.0472618700
   0.0000061800    0.0010089300   -0.0470633800
   0.0006257500    0.0014415800   -0.0469453900
   0.0004256000    0.0009778500   -0.0469473800
   0.0001168100    0.0012115700   -0.0474376200
   0.0002867900    0.0011302600   -0.0473558300
   0.0000538400    0.0008177700   -0.0470205900
   0.0004338200    0.0012320900   -0.0470742900
   0.0010513600    0.0005332000   -0.0471667400
   0.0002296600    0.0011320200   -0.0472741200
   0.0001922500    0.0008117600   -0.0471803200
   0.0001969700    0.0008450100   -0.0470935700
   0.0003513700    0.0011455700   -0.0471314800
   0.0006680000    0.0008068900   -0.0476621800
   0.0005019500    0.0011275900   -0.0471978800
   0.0000005400    0.0007650300   -0.0472045400
   0.0003291000    0.0012023700   -0.0468770200
   0.0001860300    0.0014628000   -0.0467594600
   0.0154864500   -0.0054673400   -0.0604826400
   0.0004432100    0.0012302100   -0.0469732900
  -0.0000298000    0.0010282500   -0.0470790100
   0.0001799500    0.0013154500   -0.0468916100
   0.0002566200    0.0008815800   -0.0481683700
  -0.0006463200   -0.0003637400    0.0435865100
  -0.0008690200   -0.0012292900    0.0470856500
  -0.0007736700   -0.0008753800    0.0471934000
  -0.0009247900   -0.0011813200    0.0472428000
  -0.0000561600   -0.0005355900    0.0486033300
   0.0002496700   -0.0017924200    0.0479401600
  -0.0006909700   -0.0012941300    0.0471882700
  -0.0005921700   -0.0007996400    0.0472229100
  -0.0007048000   -0.0012005200    0.0472654800
  -0.0006685500   -0.0013483100    0.0471796900
  -0.0012893500   -0.0007407700    0.0472100500
  -0.0008516400   -0.0012503200    0.0473563000
  -0.0007109900   -0.0008649800    0.0472557800
  -0.0008402100   -0.0010496000    0.0473201600
  -0.0006684400   -0.0011877700    0.0473345600
  -0.0014036500   -0.0007915500    0.0474043200
  -0.0011763200   -0.0010248600    0.0472653200
  -0.0007981500   -0.0006825700    0.0473520900
  -0.0009979900   -0.0010555200    0.0473337200
  -0.0007283600   -0.0012190400    0.0471075100
  -0.0009668400   -0.0004759600    0.0478697500
  -0.0012046900   -0.0010939500    0.0472800400
  -0.0007957300   -0.0007232000    0.0473034400
  -0.0008659600   -0.0006619400    0.0474879300
  -0.0016258300   -0.0000794700    0.0488401400
  -0.0355591100    0.0075067000   -0.0349752400
   0.0020937000    0.0013425100   -0.0377599500
   0.0007242300    0.0008433400   -0.0371715800
   0.0007124200    0.0007964000   -0.0371112200
   0.0020541700    0.0011937800   -0.0364685500
   0.0024914100   -0.0006224700   -0.0363061200
   0.0005483900    0.0013985400   -0.0374701300
   0.0006639700    0.0006495000   -0.0371318000
   0.0007764900    0.0008092100   -0.0370870900
   0.0008019600    0.0007169700   -0.0370249900
   0.0000306900    0.0010487100   -0.0370892400
   0.0007630900    0.0007730000   -0.0371238000
   0.0007548200    0.0007973300   -0.0371701600
   0.0007248100    0.0008272000   -0.0371405000
   0.0005589500    0.0007383100   -0.0371578800
  -0.0000537200    0.0011903800   -0.0371788000
   0.0005793600    0.0008010900   -0.0371356300
   0.0007155600    0.0008709300   -0.0371471900
   0.0006823800    0.0008146700   -0.0370982000
   0.0006885900    0.0007995200   -0.0371630700
   0.0020063400   -0.0000014200   -0.0379547000
   0.0007830500    0.0007834700   -0.0372263300
   0.0007954900    0.0008287300   -0.0371535900
   0.0006844200    0.0006142600   -0.0371276700
   0.0004986700    0.0013867000   -0.0368022200
   0.0002208300   -0.0007730600    0.0364547300
  -0.0000679300   -0.0006848300    0.0369340800
  -0.0000745900   -0.0008799800    0.0369555100
  -0.0000720600   -0.0008082500    0.0369639500
  -0.0002196500   -0.0006555300    0.0368572400
  -0.0001800700   -0.0007948600    0.0372212700
  -0.0000439500   -0.0007151500    0.0370329700
  -0.0001103400   -0.0008753700    0.0370181300
  -0.0000749700   -0.0007501500    0.0370271400
  -0.0001718900   -0.0007398000    0.0370190500
   0.0002622900   -0.0008588300    0.0370291900
  -0.0000061000   -0.0007884200    0.0370225200
  -0.0000273100   -0.0007953400    0.0369787500
   0.0000154800   -0.0007900200    0.0369827700
  -0.0000162600   -0.0007235600    0.0370447600
   0.0002388800   -0.0008622800    0.0369269500
   0.0001719200   -0.0008538000    0.0369675600
   0.0000275800   -0.0009651700    0.0369964700
   0.0001541000   -0.0008434200    0.0370450900
   0.0004499800   -0.0007567100    0.0370607200
  -0.0005332000   -0.0006421100    0.0368660400
   0.0000245800   -0.0006886900    0.0369695500
  -0.0000353500   -0.0007937300    0.0369877400
  -0.0000315900   -0.0007729600    0.0370163200
   0.0000438700   -0.0009005000    0.0372963000

51   
 -0.0080745860277312  -0.0058992423649794   0.0000000000000000
  -0.0111794300    0.0064620200   -0.0577974200
  -0.0010102300   -0.0006228000   -0.0480963000
   0.0001299600    0.0008538200   -0.0469676200
   0.0003143200    0.0010829100   -0.0471664200
  -0.0003296800    0.0006411100   -0.0472866100
  -0.0001080400    0.0011305400   -0.0472902800
   0.0001974500    0.0008958600   -0.0467864600
   0.0000343500    0.0009701500   -0.0468711600
   0.0002642500    0.0012724600   -0.0472065900
  -0.0001162300    0.0008625300   -0.0471509500
  -0.0007289300    0.0015629600   -0.0470677100
   0.0000913200    0.0009610100   -0.0469540800
   0.0001306700    0.0012828600   -0.0470489400
   0.0001193000    0.0012463100   -0.0471349100
  -0.0000308800    0.0009507200   -0.0470968000
  -0.0003467700    0.0012857600   -0.0465831600
  -0.0001778700    0.0009668600   -0.0470322200
   0.0003203600    0.0013290100   -0.0470245600
  -0.0000120600    0.0008833900   -0.0473508400
   0.0001394800    0.0006218000   -0.0474659300
  -0.0152323900    0.0073324500   -0.0338183200
  -0.0000960400    0.0008666900   -0.0472605200
   0.0003483100    0.0010653900   -0.0471490200
   0.0001338100    0.0007697600   -0.0473352000
   0.0000971500    0.0012940200   -0.0460081700
  -0.0011380900   -0.0017635600    0.0509324500
  -0.0009119100   -0.0008873600    0.0474144300
  -0.0010030800   -0.0012331900    0.0473077300
  -0.0008621700   -0.0009269600    0.0472568700
  -0.0017458400   -0.0015664200    0.0458788100
  -0.0020439700   -0.0003150000    0.0465577300
  -0.0010960800   -0.0008175100    0.0473155400
  -0.0011882400   -0.0013079600    0.0472824300
  -0.0010751600   -0.0009063700    0.0472395200
  -0.0011075800   -0.0007694200    0.0473273700
  -0.0004929400   -0.0013658500    0.0472898600
  -0.0009290200   -0.0008580200    0.0471442200
  -0.0010710800   -0.0012413500    0.0472457800
  -0.0009359600   -0.0010581700    0.0471809800
  -0.0011093200   -0.0009263200    0.0471665200
  -0.0003684400   -0.0013228700    0.0470982800
  -0.0006053900   -0.0010877400    0.0472382000
  -0.0009831100   -0.0014306400    0.0471511200
  -0.0007815700   -0.0010568300    0.0471717300
  -0.0010511300   -0.0008975400    0.0473957100
  -0.0008117600   -0.0016325600    0.0466332800
  -0.0005754000   -0.0010162400    0.0472225600
  -0.0009891800   -0.0013892500    0.0471993600
  -0.0009135300   -0.0014445700    0.0470131200
  -0.0001493900   -0.0020297200    0.0456562900
   0.0369488400   -0.0057444500   -0.0393438600
  -0.0005548400    0.0004186600   -0.0365702900
   0.0007050300    0.0008696900   -0.0371373200
   0.0006700600    0.0008544800   -0.0371638400
  -0.0006935700    0.0004056100   -0.0378228200
  -0.0009972800    0.0022139100   -0.0379833100
   0.0009320600    0.0002516400   -0.0368042600
   0.0008388400    0.0009610300   -0.0371004800
   0.0007479700    0.0007627000   -0.0371471300
   0.0007042400    0.0008437000   -0.0372608800
   0.0014436600    0.0005602100   -0.0372245100
   0.0007789300    0.0008870000   -0.0372030300
   0.0007880500    0.0008464000   -0.0371500700
   0.0007268900    0.0007657700   -0.0371803100
   0.0008523200    0.0008297000   -0.0371719500
   0.0015332500    0.0004637000   -0.0371160700
   0.0008726800    0.0008925700   -0.0371619000
   0.0007087900    0.0008216200   -0.0371063800
   0.0007387700    0.0008320400   -0.0371224400
   0.0007697500    0.0008241000   -0.0371024600
  -0.0005518300    0.0015612600   -0.0363454100
   0.0007506700    0.0008207900   -0.0370508500
   0.0007758300    0.0007701000   -0.0371030500
   0.0008593200    0.0009257700   -0.0371667100
   0.0009815000    0.0001040600   -0.0375107200
  -0.0002476800   -0.0008315600    0.0375636100
   0.0000567600   -0.0009105800    0.0370395300
   0.0000921000   -0.0007515100    0.0369885500
   0.0000861400   -0.0008526900    0.0370264100
   0.0002165400   -0.0009942500    0.0371624300
   0.0002087000   -0.0008055000    0.0368220500
   0.0001143800   -0.0008708300    0.0370093400
   0.0001237100   -0.0007545900    0.0370240500
   0.0000037700   -0.0009211700    0.0370270000
   0.0001222000   -0.0009112200    0.0370326900
  -0.0002858800   -0.0006767000    0.0370002900
  -0.0000556100   -0.0007317100    0.0369822500
  -0.0000592900   -0.0007621400    0.0369704800
  -0.0000752000   -0.0008052900    0.0369866600
  -0.0000076000   -0.0008621300    0.0369713200
  -0.0002249600   -0.0007746300    0.0370916100
  -0.0001073500   -0.0007709200    0.0370105800
   0.0000402400   -0.0006991300    0.0369919500
  -0.0001308000   -0.0008680800    0.0369857100
  -0.0004724900   -0.0009387000    0.0369764500
   0.0005399600   -0.0008788700    0.0371807800
  -0.0000504200   -0.0008175600    0.0370743900
  -0.0000590200   -0.0007618300    0.0370304500
  -0.0000726300   -0.0008258500    0.0369948600
  -0.0000983600   -0.0006807900    0.0367369200

51   
 -0.0086414880681336   0.0050323636562061   0.0000000000000000
  -0.0309500500    0.0207555300   -0.0778892600
  -0.0002283000    0.0012486400   -0.0471111900
   0.0001280100    0.0009864400   -0.0472323200
   0.0001101500    0.0010125200   -0.0471525600
   0.0000041200    0.0008310600   -0.0468871700
  -0.0007685900    0.0015661600   -0.0480371800
   0.0002385100    0.0012562700   -0.0465281300
   0.0001938700    0.0011020800   -0.0469931500
   0.0001107100    0.0010779500   -0.0471131600
  -0.0001979900    0.0010836500   -0.0471823700
  -0.0020543800    0.0023413400   -0.0471281000
  -0.0000498200    0.0013611500   -0.0470199300
   0.0002167800    0.0011240000   -0.0469889700
   0.0001660800    0.0011089200   -0.0470758100
  -0.0000463600    0.0013362000   -0.0470447400
  -0.0006920300    0.0015792800   -0.0462648900
  -0.0002114700    0.0010743600   -0.0472126100
   0.0001510000    0.0010491300   -0.0471143400
   0.0002296000    0.0010414600   -0.0471316500
   0.0002723700    0.0012821100   -0.0473436100
  -0.0312978400    0.0178793400   -0.0179084700
   0.0000245800    0.0008718900   -0.0477003600
   0.0001198300    0.0009569100   -0.0472395100
   0.0001996200    0.0009916900   -0.0470937500
  -0.0002081200    0.0012706900   -0.0471117200
  -0.0005892500   -0.0012320200    0.0472891800
  -0.0013018000   -0.0007685200    0.0473764500
  -0.0009412600   -0.0009659300    0.0473282400
  -0.0007853000   -0.0010110500    0.0473613700
  -0.0004407600   -0.0019006500    0.0475460800
  -0.0016540900    0.0001424700    0.0471657600
  -0.0013412400   -0.0008395100    0.0471263000
  -0.0011702000   -0.0008918200    0.0472516800
  -0.0011482200   -0.0008156900    0.0473225000
  -0.0014410300   -0.0006167600    0.0471630500
   0.0002119900   -0.0018440400    0.0474923500
  -0.0007856700   -0.0011760100    0.0471541100
  -0.0009904500   -0.0010545200    0.0471727000
  -0.0012228000   -0.0009496400    0.0471792600
  -0.0014443600   -0.0007328600    0.0472505500
   0.0003368900   -0.0016268900    0.0470135100
  -0.0003252600   -0.0013839500    0.0472519700
  -0.0007034700   -0.0012106800    0.0471914500
  -0.0008716400   -0.0011682400    0.0471424200
  -0.0015400800   -0.0007955900    0.0473401300
  -0.0022937600   -0.0009902300    0.0473476200
  -0.0007363400   -0.0010842700    0.0473474800
  -0.0006627900   -0.0011381600    0.0473119200
  -0.0005095800   -0.0012733000    0.0472531800
   0.0000721200   -0.0010467400    0.0469717200
   0.0754396000   -0.0427650000   -0.0356104000
  -0.0001640700    0.0004348400   -0.0368351900
   0.0006856600    0.0008409100   -0.0371455200
   0.0006726000    0.0008250200   -0.0371551400
  -0.0001640600    0.0004591700   -0.0375431400
  -0.0030557000    0.0034640000   -0.0391969300
   0.0006651000    0.0018177600   -0.0374637100
   0.0007464400    0.0008111200   -0.0371152100
   0.0007779800    0.0007742800   -0.0371297800
   0.0007044200    0.0008090000   -0.0373277700
   0.0025100200   -0.0001438000   -0.0372753800
   0.0007500900    0.0009055100   -0.0373221600
   0.0007722300    0.0008551500   -0.0371689600
   0.0007429800    0.0007880200   -0.0371478900
   0.0009291700    0.0006544000   -0.0371645700
   0.0024188500   -0.0002359500   -0.0370189400
   0.0009490500    0.0007162900   -0.0371484700
   0.0007340800    0.0008449900   -0.0371329000
   0.0007006500    0.0008399500   -0.0370927200
   0.0006804800    0.0008429900   -0.0369479200
  -0.0034834100    0.0027819300   -0.0351034100
   0.0006890700    0.0007813600   -0.0369799600
   0.0007977500    0.0007823800   -0.0371224200
   0.0007643200    0.0007721300   -0.0371460800
   0.0006226000    0.0016884800   -0.0367552500
   0.0001487300   -0.0013489100    0.0375103900
   0.0002326000   -0.0009357200    0.0369859800
   0.0001198200   -0.0008989000    0.0369891800
   0.0000865000   -0.0008035800    0.0370315900
   0.0000839000   -0.0004772600    0.0372558200
   0.0000659400   -0.0005800800    0.0366705300
   0.0001798500   -0.0008086000    0.0369409200
   0.0001340200   -0.0008683600    0.0370043600
   0.0001306800   -0.0009322700    0.0370270800
   0.0002376400   -0.0008966900    0.0370803000
  -0.0006201600   -0.0004132000    0.0370159500
  -0.0001933200   -0.0005988200    0.0369506000
  -0.0000889700   -0.0007547100    0.0369433200
  -0.0000141900   -0.0008790100    0.0369482500
   0.0001767700   -0.0009866700    0.0369533600
  -0.0001558700   -0.0009707500    0.0373602000
  -0.0001874900   -0.0007512900    0.0370412000
  -0.0000994600   -0.0007557800    0.0369947900
  -0.0001506100   -0.0008322400    0.0369919700
  -0.0002700700   -0.0010938100    0.0367769800
   0.0005602400   -0.0006396500    0.0365367900
   0.0000743800   -0.0008715000    0.0371021100
  -0.0000893300   -0.0007510100    0.0370413400
  -0.0001522800   -0.0006701300    0.0370295400
  -0.0002771500   -0.0006401700    0.0370212300

51   
  0.0086414880681336  -0.0050323636562061   0.0000000000000000
   0.0303289500   -0.0180108500   -0.0179018000
   0.0005274300    0.0008105100   -0.0471119700
   0.0001904300    0.0011045900   -0.0469947300
   0.0002103200    0.0010833000   -0.0470759100
   0.0003095600    0.0012609700   -0.0473441800
   0.0010433100    0.0005684500   -0.0462638500
   0.0000742700    0.0008435400   -0.0477005300
   0.0001224100    0.0009889500   -0.0472306100
   0.0002108700    0.0010192300   -0.0471132700
   0.0005128700    0.0010099800   -0.0470439200
   0.0023792900   -0.0002406200   -0.0471285500
   0.0003669600    0.0007369800   -0.0472131300
   0.0001020200    0.0009672800   -0.0472406700
   0.0001544600    0.0009860900   -0.0471525000
   0.0003676600    0.0007538400   -0.0471837100
   0.0010679900    0.0004964600   -0.0480384700
   0.0005369300    0.0010192800   -0.0470198600
   0.0001660200    0.0010399600   -0.0471145500
   0.0000925300    0.0010544100   -0.0470939800
   0.0000491300    0.0008052200   -0.0468864600
   0.0326482800   -0.0162826600   -0.0778788800
   0.0003029800    0.0012188200   -0.0465283500
   0.0001983800    0.0011341600   -0.0469881100
   0.0001199500    0.0011046200   -0.0471316400
   0.0005370600    0.0008393500   -0.0471106600
  -0.0011930500   -0.0008802100    0.0472887000
  -0.0004815100   -0.0013407500    0.0471251500
  -0.0008413500   -0.0011414900    0.0471728700
  -0.0009984500   -0.0010944700    0.0471408800
  -0.0013592700   -0.0002135700    0.0469719200
  -0.0001426600   -0.0022431800    0.0473483800
  -0.0004383500   -0.0012710200    0.0473774300
  -0.0006109900   -0.0012176400    0.0472516300
  -0.0006352900   -0.0012922700    0.0471812900
  -0.0003450100   -0.0014916800    0.0473398200
  -0.0019939200   -0.0002695900    0.0470120900
  -0.0009918000   -0.0009359900    0.0473468400
  -0.0007885000   -0.0010553200    0.0473279300
  -0.0005557400   -0.0011603200    0.0473205900
  -0.0003375100   -0.0013774700    0.0472506200
  -0.0021217500   -0.0004863500    0.0474942600
  -0.0014567000   -0.0007254000    0.0472520000
  -0.0010759500   -0.0008979000    0.0473119700
  -0.0009052700   -0.0009417200    0.0473624400
  -0.0002384600   -0.0013168500    0.0471633500
   0.0005269400   -0.0011270700    0.0471644500
  -0.0010486200   -0.0010230200    0.0471547000
  -0.0011188600   -0.0009688300    0.0471911400
  -0.0012690300   -0.0008313600    0.0472529500
  -0.0018481300   -0.0010818800    0.0475447100
  -0.0740325500    0.0442958100   -0.0356184800
   0.0016561400    0.0012956700   -0.0374874300
   0.0007429200    0.0008741200   -0.0371632700
   0.0007100800    0.0008242900   -0.0371198200
   0.0015715600    0.0011747600   -0.0367390000
   0.0045648600   -0.0018867400   -0.0350982500
   0.0008162200   -0.0001903500   -0.0368116500
   0.0007588100    0.0008036900   -0.0371152700
   0.0007460700    0.0007967100   -0.0371046400
   0.0008029200    0.0007534700   -0.0369581600
  -0.0010173200    0.0017394000   -0.0370284800
   0.0007916200    0.0007507100   -0.0370045200
   0.0007712200    0.0007887100   -0.0371513500
   0.0007074500    0.0008044800   -0.0371731400
   0.0004820500    0.0009147300   -0.0371647100
  -0.0009600600    0.0019021700   -0.0372659000
   0.0005018600    0.0009765300   -0.0371483800
   0.0006909900    0.0008484800   -0.0371208600
   0.0007194000    0.0008074400   -0.0371280800
   0.0007777400    0.0007838900   -0.0373177100
   0.0049309200   -0.0012055900   -0.0392023700
   0.0008432800    0.0008215100   -0.0372975700
   0.0007734000    0.0008177700   -0.0371345100
   0.0007767100    0.0007647300   -0.0371461200
   0.0008582900   -0.0001743700   -0.0375592400
  -0.0001832200   -0.0002577000    0.0365194600
  -0.0002442500   -0.0006582500    0.0369858400
  -0.0001009200   -0.0007313500    0.0369552300
  -0.0000717300   -0.0008565400    0.0369585600
  -0.0000888100   -0.0011682300    0.0367697000
  -0.0000382800   -0.0010162300    0.0373737600
  -0.0001110700   -0.0007751600    0.0371010500
  -0.0001208300   -0.0007594000    0.0370381200
  -0.0002013000   -0.0007392200    0.0370270300
  -0.0002848500   -0.0007588300    0.0369716300
   0.0005984100   -0.0011229600    0.0370158100
   0.0001306200   -0.0009214700    0.0370545700
   0.0000005500   -0.0008021000    0.0370067400
  -0.0000459900   -0.0007158100    0.0370210900
  -0.0002012100   -0.0006005500    0.0370618300
   0.0001716200   -0.0006646800    0.0366566800
   0.0002530600   -0.0008743700    0.0369371000
   0.0001658000   -0.0009104700    0.0369946400
   0.0001730600   -0.0008789400    0.0370389400
   0.0002449600   -0.0006027800    0.0372628800
  -0.0005529100   -0.0008900500    0.0375275400
  -0.0000981400   -0.0006353700    0.0369416900
  -0.0000041500   -0.0008056700    0.0369776600
   0.0000476700   -0.0009287300    0.0369821600
   0.0002265100   -0.0009336900    0.0370213500

51   
  0.0000000000000000   0.0000000000000000   0.0100000000000000
   0.0214572700   -0.0120405400   -0.0098911700
  -0.0011036200   -0.0011232400   -0.0461020600
   0.0001863200    0.0010074900   -0.0470429700
   0.0001750600    0.0010636700   -0.0470813100
   0.0001547500    0.0009834600   -0.0467992300
   0.0008698500    0.0008080900   -0.0477201800
   0.0000706000    0.0010689600   -0.0468478400
   0.0001117800    0.0010503800   -0.0470414600
   0.0001877900    0.0010950400   -0.0471489000
   0.0000488800    0.0009227400   -0.0470651800
   0.0001821700    0.0010843200   -0.0474180100
   0.0001820500    0.0012376100   -0.0470404100
   0.0001637700    0.0010246200   -0.0470761300
   0.0001667000    0.0010680900   -0.0470813400
   0.0001062700    0.0008894100   -0.0470663200
  -0.0003992500    0.0015469500   -0.0477211700
   0.0003153600    0.0011602400   -0.0470400300
   0.0001282600    0.0009922800   -0.0471164500
   0.0002345400    0.0010858500   -0.0470084900
   0.0001075900    0.0010110300   -0.0467986700
  -0.0217266400    0.0131073700   -0.0098974300
   0.0002228600    0.0009803100   -0.0468476900
   0.0001387800    0.0010388200   -0.0470750000
   0.0001567400    0.0011307700   -0.0470082400
   0.0011110400    0.0026808200   -0.0457257800
  -0.0011185800   -0.0014471400    0.0517697800
  -0.0007490100   -0.0010117900    0.0471796900
  -0.0008229400   -0.0010614800    0.0472436600
  -0.0009280900   -0.0011477500    0.0471948100
  -0.0014333200   -0.0014672500    0.0481343000
  -0.0020420700    0.0000453300    0.0467569300
  -0.0009227700   -0.0009101600    0.0471808900
  -0.0008796600   -0.0010358400    0.0472701800
  -0.0008616200   -0.0011031300    0.0472464400
  -0.0004926100   -0.0011425500    0.0471792100
  -0.0011976700   -0.0008542000    0.0472178300
  -0.0009950500   -0.0009751300    0.0472655600
  -0.0009299000   -0.0009993300    0.0472435400
  -0.0009470200   -0.0010530800    0.0472444700
  -0.0008179600   -0.0009298400    0.0473388000
  -0.0005648100   -0.0012234000    0.0472193700
  -0.0008929200   -0.0010580900    0.0472356700
  -0.0009140100   -0.0010664800    0.0472322300
  -0.0009530600   -0.0011335700    0.0471962000
  -0.0011637500   -0.0007518000    0.0471794300
   0.0006342500   -0.0015126700    0.0467558100
  -0.0007695900   -0.0011063500    0.0472660900
  -0.0008891400   -0.0010808200    0.0472319800
  -0.0009184500   -0.0011028600    0.0470997400
  -0.0009811500   -0.0017311000    0.0481327400
   0.0019101200    0.0028660800   -0.1178029400
   0.0013749500    0.0011467000   -0.0375653800
   0.0007400800    0.0008661400   -0.0371735400
   0.0006761000    0.0008164800   -0.0371566000
   0.0001678400    0.0005450400   -0.0375451200
  -0.0010046100    0.0018316600   -0.0373939200
   0.0006749900    0.0014990000   -0.0375414900
   0.0007630900    0.0008252700   -0.0371945600
   0.0007442200    0.0007669300   -0.0371305800
   0.0006028000    0.0008378800   -0.0372623600
   0.0006378800    0.0008842200   -0.0371985200
   0.0006353900    0.0009628100   -0.0372827200
   0.0007666400    0.0008485500   -0.0371793100
   0.0007179900    0.0007715600   -0.0371739100
   0.0007127000    0.0007964700   -0.0372098200
   0.0008582500    0.0007813100   -0.0371889900
   0.0007294500    0.0008532300   -0.0371936100
   0.0007152400    0.0008764100   -0.0371402900
   0.0007105300    0.0008063600   -0.0371295500
   0.0008530100    0.0007101100   -0.0372521800
   0.0024991900   -0.0002271200   -0.0373991500
   0.0009502800    0.0007500800   -0.0372581600
   0.0008101700    0.0008170300   -0.0371418600
   0.0007619600    0.0007536100   -0.0372255200
   0.0007687200    0.0001571400   -0.0375611000
  -0.0006362700   -0.0008861400    0.0377221200
  -0.0000344700   -0.0008462900    0.0369127100
  -0.0000107100   -0.0008157600    0.0369609300
  -0.0000333700   -0.0008268900    0.0369975300
  -0.0002428500   -0.0007548900    0.0369132900
   0.0003489100   -0.0009210900    0.0370207600
   0.0000931100   -0.0008519200    0.0370054400
   0.0000161300   -0.0008318200    0.0370099700
  -0.0000351200   -0.0008356100    0.0370290800
  -0.0000620700   -0.0007852700    0.0370375900
  -0.0000027300   -0.0007541900    0.0369742100
   0.0000135400   -0.0007874600    0.0369880500
  -0.0000210900   -0.0008027300    0.0369556900
  -0.0000070500   -0.0008313300    0.0369871400
   0.0000438700   -0.0008061300    0.0370192300
  -0.0002642400   -0.0005869300    0.0370070100
  -0.0000129200   -0.0007873000    0.0369745900
   0.0000343600   -0.0008311500    0.0369737300
   0.0000422900   -0.0008489500    0.0369697800
   0.0001651700   -0.0010239200    0.0369204800
   0.0002372700   -0.0013444200    0.0377395900
  -0.0000929700   -0.0007320100    0.0370062900
  -0.0000792200   -0.0007703000    0.0369901400
  -0.0000618700   -0.0007692100    0.0369601700
   0.0001272900   -0.0005253300    0.0378717600

51   
  0.0000000000000000   0.0000000000000000  -0.0100000000000000
  -0.0221937800    0.0148134500   -0.0850038900
   0.0014323500    0.0032326400   -0.0481294000
   0.0001325500    0.0010853600   -0.0471866900
   0.0001444800    0.0010293600   -0.0471479700
   0.0001706700    0.0011099600   -0.0474318600
  -0.0005463000    0.0012860100   -0.0465115900
   0.0002518500    0.0010247600   -0.0473817300
   0.0002064200    0.0010416000   -0.0471849000
   0.0001319200    0.0009982900   -0.0470770200
   0.0002720400    0.0011719600   -0.0471607500
   0.0001399400    0.0010109200   -0.0468069400
   0.0001389200    0.0008548600   -0.0471901800
   0.0001562400    0.0010684000   -0.0471541600
   0.0001524000    0.0010244300   -0.0471478000
   0.0002135400    0.0012060700   -0.0471617900
   0.0007164300    0.0005509500   -0.0465129000
   0.0000038600    0.0009336200   -0.0471899800
   0.0001909300    0.0010999300   -0.0471114300
   0.0000856800    0.0010086400   -0.0472188400
   0.0002098600    0.0010868700   -0.0474311300
   0.0231587900   -0.0115973200   -0.0849938800
   0.0000951800    0.0011155000   -0.0473819500
   0.0001808900    0.0010538500   -0.0471532800
   0.0001631300    0.0009628900   -0.0472188600
  -0.0007988900   -0.0006001800   -0.0485018800
  -0.0006530200   -0.0006473400    0.0427116500
  -0.0010328300   -0.0010979700    0.0473200800
  -0.0009581200   -0.0010473300    0.0472564800
  -0.0008532200   -0.0009610500    0.0473057000
  -0.0003719600   -0.0006385600    0.0463522900
   0.0002634100   -0.0021667600    0.0477470000
  -0.0008574000   -0.0011996800    0.0473210100
  -0.0009009600   -0.0010732800    0.0472323400
  -0.0009211500   -0.0010062100    0.0472570700
  -0.0012904200   -0.0009697900    0.0473218700
  -0.0005844600   -0.0012550100    0.0472811800
  -0.0007839900   -0.0011354300    0.0472343900
  -0.0008504800   -0.0011101600    0.0472561000
  -0.0008325600   -0.0010572100    0.0472551000
  -0.0009642900   -0.0011817300    0.0471615200
  -0.0012155800   -0.0008881300    0.0472829800
  -0.0008888800   -0.0010515800    0.0472664700
  -0.0008664300   -0.0010423100    0.0472695300
  -0.0008273500   -0.0009762000    0.0473069200
  -0.0006191200   -0.0013602600    0.0473222600
  -0.0024274700   -0.0005994300    0.0477460300
  -0.0010128100   -0.0010019100    0.0472350800
  -0.0008916500   -0.0010274700    0.0472694300
  -0.0008633900   -0.0010079900    0.0474017600
  -0.0007844000   -0.0003982600    0.0463522800
  -0.0004930700   -0.0012569200    0.0449617200
   0.0001133700    0.0005780000   -0.0367602300
   0.0006886100    0.0008476600   -0.0371357800
   0.0007065000    0.0008331200   -0.0371189000
   0.0012414900    0.0010922400   -0.0367400500
   0.0025192300   -0.0002633100   -0.0368934700
   0.0008036700    0.0001219700   -0.0367368700
   0.0007418200    0.0007883600   -0.0370356600
   0.0007799200    0.0008038800   -0.0371043800
   0.0009039000    0.0007234200   -0.0370234400
   0.0008316000    0.0007256000   -0.0371188000
   0.0009069800    0.0006939600   -0.0370438600
   0.0007762400    0.0007944700   -0.0371415600
   0.0007328000    0.0008206200   -0.0371476700
   0.0006983600    0.0007717300   -0.0371206200
   0.0006249200    0.0008713900   -0.0371092600
   0.0007219300    0.0008397800   -0.0371044300
   0.0007097700    0.0008165600   -0.0371140600
   0.0007103600    0.0008408000   -0.0370918100
   0.0006050700    0.0009153200   -0.0370133200
  -0.0010615900    0.0018034900   -0.0368988300
   0.0005827800    0.0008533100   -0.0370192500
   0.0007611300    0.0007825100   -0.0371156600
   0.0007793200    0.0007830400   -0.0370666200
   0.0007147200    0.0013599100   -0.0367564400
   0.0006107800   -0.0007132200    0.0362886300
   0.0000235600   -0.0007470400    0.0370590900
   0.0000293400   -0.0008145700    0.0369823700
   0.0000479900   -0.0008324800    0.0369916600
   0.0002380400   -0.0008956300    0.0371076400
  -0.0003232100   -0.0006780500    0.0370211700
  -0.0000229400   -0.0007331300    0.0370359900
  -0.0000023400   -0.0007965200    0.0370314100
  -0.0000351600   -0.0008358800    0.0370242600
   0.0000155000   -0.0008682500    0.0370135900
  -0.0000185000   -0.0007816900    0.0370551400
  -0.0000755400   -0.0007339100    0.0370158100
  -0.0000664500   -0.0007547300    0.0369930400
  -0.0000518500   -0.0007635900    0.0369812600
  -0.0000663500   -0.0007798700    0.0369952100
   0.0002790200   -0.0010519000    0.0370075300
   0.0000777600   -0.0008386100    0.0370024000
   0.0000320500   -0.0008356100    0.0370140800
  -0.0000205200   -0.0008636600    0.0370596700
  -0.0001941600   -0.0006753700    0.0371148300
  -0.0002275100   -0.0001742000    0.0363056900
   0.0000679300   -0.0007745900    0.0370369500
  -0.0000147100   -0.0007862400    0.0370275300
  -0.0000431200   -0.0008312600    0.0370500700
  -0.0001800000   -0.0010527200    0.0361585000

76   
  0.0080745860277312   0.0058992423649794   0.0000000000000000
   0.0004078200    0.0017554900   -0.0507962100
   0.0010148800    0.0015581900   -0.0457434800
   0.0001311500    0.0009192000   -0.0471208300
   0.0002728300    0.0012255300   -0.0471714100
   0.0001821900    0.0008795800   -0.0472781800
   0.0000811500    0.0016253100   -0.0464958300
  -0.0005813900    0.0020216500   -0.0455190000
   0.0001824400    0.0014364600   -0.0468748900
   0.0002584800    0.0013815800   -0.0470610600
  -0.0001550600    0.0010091800   -0.0470846600
  -0.0003614100    0.0013146500   -0.0469603800
   0.0003213300    0.0008891300   -0.0472576400
   0.0000513600    0.0010484900   -0.0470342300
   0.0002525600    0.0014224000   -0.0470139900
  -0.0001251400    0.0010801000   -0.0471008500
  -0.0002372000    0.0013583000   -0.0471541400
   0.0003787000    0.0009178000   -0.0470303800
   0.0002058700    0.0010500700   -0.0470440600
   0.0003406500    0.0012338700   -0.0471089300
   0.0001991300    0.0008510000   -0.0470078900
   0.0013129900    0.0003077400   -0.0464193800
   0.0003763600    0.0007616100   -0.0471883600
   0.0003444300    0.0008983700   -0.0471007400
   0.0004576700    0.0012998500   -0.0471439300
   0.0003655300    0.0008098600   -0.0471769300
   0.0104558500   -0.0064677900    0.0579389300
  -0.0004010900   -0.0006490500    0.0474224700
  -0.0010447100   -0.0010906900    0.0473028500
  -0.0008606600   -0.0008613400    0.0471038200
   0.0002784700    0.0006123100    0.0482338700
   0.0144982400   -0.0073460000    0.0339574900
  -0.0008257300   -0.0012984400    0.0461483300
  -0.0008644500   -0.0007780800    0.0474738100
  -0.0010791600   -0.0010735000    0.0472878700
  -0.0006339000   -0.0008742100    0.0473989900
  -0.0003836600   -0.0012932900    0.0467188900
  -0.0008692300   -0.0006293200    0.0476022000
  -0.0007184800   -0.0008912100    0.0474878300
  -0.0010505300   -0.0013372100    0.0471615100
  -0.0005527400   -0.0009751500    0.0471685200
  -0.0000013700   -0.0015709700    0.0472055400
  -0.0006997600   -0.0009582300    0.0472343700
  -0.0008499700   -0.0012545600    0.0472722400
  -0.0008608300   -0.0012910800    0.0471866400
  -0.0008213400   -0.0009692500    0.0470921800
  -0.0006228400   -0.0011378300    0.0474278700
  -0.0006143900   -0.0008695400    0.0472889400
  -0.0009949400   -0.0012801600    0.0473450200
  -0.0007653800   -0.0009780800    0.0470094600
  -0.0009283200   -0.0009030900    0.0469239400
   0.0009676100    0.0008677400   -0.0377111900
   0.0005280600    0.0010358200   -0.0373119800
   0.0006354800    0.0008802700   -0.0371854000
   0.0006087000    0.0007612800   -0.0371536500
   0.0006405400    0.0009311500   -0.0371940600
   0.0002015500    0.0009150400   -0.0373056300
   0.0008111100    0.0007042300   -0.0368611800
   0.0007725000    0.0008326400   -0.0371037100
   0.0007742500    0.0007693900   -0.0371380900
   0.0007911100    0.0008450500   -0.0371949400
   0.0009687900    0.0007607300   -0.0372422100
   0.0012311100    0.0009193300   -0.0371204100
   0.0009136600    0.0008335900   -0.0371302100
   0.0007186200    0.0006622600   -0.0371578300
   0.0008454900    0.0007425300   -0.0371863500
   0.0010157600    0.0007358200   -0.0371345500
   0.0007224300    0.0009163400   -0.0371119000
   0.0007585400    0.0008544200   -0.0371285500
   0.0007261800    0.0008072500   -0.0371057900
   0.0007541300    0.0007840200   -0.0371124600
   0.0005429400    0.0007845100   -0.0369555800
   0.0006219000    0.0008866700   -0.0371449100
   0.0007471200    0.0008857100   -0.0371280200
   0.0006542300    0.0007092100   -0.0371484600
   0.0006624600    0.0008346500   -0.0371454100
  -0.0362512000    0.0057720300    0.0391853000
   0.0013907200   -0.0003850400    0.0376682800
   0.0000307300   -0.0008446700    0.0369986400
   0.0000165900   -0.0008420800    0.0369782100
   0.0012993100   -0.0003771000    0.0364207900
   0.0013034800   -0.0015823100    0.0362119900
  -0.0002046800   -0.0001403600    0.0373748200
  -0.0000813700   -0.0009711500    0.0370422100
  -0.0000249200   -0.0008055500    0.0370019400
  -0.0000065800   -0.0008453500    0.0369386100
  -0.0008031900   -0.0004046900    0.0369817400
  -0.0000711800   -0.0007718000    0.0369722200
  -0.0000718500   -0.0007869400    0.0369870500
  -0.0000254000   -0.0007725000    0.0369643700
  -0.0001577500   -0.0008384300    0.0370212500
  -0.0006997500   -0.0005741000    0.0370737100
  -0.0001141400   -0.0008580800    0.0369961000
   0.0000320000   -0.0008026300    0.0370143600
  -0.0000051900   -0.0008808600    0.0370054800
  -0.0000202400   -0.0009064200    0.0370589400
   0.0017386200   -0.0021775400    0.0378588900
   0.0000364700   -0.0008162400    0.0371402500
  -0.0000327200   -0.0007551200    0.0370394000
  -0.0001389900   -0.0009542100    0.0369915100
  -0.0002194600   -0.0002281500    0.0366801800

76   
 -0.0080745860277312  -0.0058992423649794   0.0000000000000000
  -0.0000835700    0.0003557500   -0.0434502000
  -0.0006742900    0.0005273600   -0.0484660300
   0.0001936900    0.0011733900   -0.0471064700
   0.0000429100    0.0008675100   -0.0470569300
   0.0001389900    0.0012216600   -0.0469496400
   0.0002355200    0.0004682100   -0.0477324300
   0.0008950000    0.0000713400   -0.0487022400
   0.0001344100    0.0006533400   -0.0473496800
   0.0000648500    0.0007154800   -0.0471649600
   0.0004738000    0.0010867800   -0.0471422000
   0.0006727200    0.0007833800   -0.0472663000
  -0.0000022600    0.0012106700   -0.0469698300
   0.0002672900    0.0010471400   -0.0471960800
   0.0000671700    0.0006743600   -0.0472147700
   0.0004452200    0.0010172000   -0.0471277200
   0.0005585000    0.0007330000   -0.0470740200
  -0.0000628900    0.0011796200   -0.0471982400
   0.0001093900    0.0010410900   -0.0471832500
  -0.0000198800    0.0008572100   -0.0471188100
   0.0001212800    0.0012430200   -0.0472198700
  -0.0009810500    0.0017845900   -0.0478013700
  -0.0000630900    0.0013406700   -0.0470407100
  -0.0000266100    0.0011921300   -0.0471266200
  -0.0001387400    0.0007914800   -0.0470843300
  -0.0000396300    0.0012864700   -0.0470496900
  -0.0123833000    0.0042021200    0.0365210900
  -0.0013547500   -0.0014490600    0.0470818300
  -0.0007368100   -0.0010166800    0.0471997900
  -0.0009269200   -0.0012563800    0.0473980800
  -0.0020311400   -0.0026571500    0.0462255300
  -0.0162142700    0.0054655900    0.0606202900
  -0.0009891600   -0.0008924300    0.0483054900
  -0.0009107900   -0.0013234000    0.0470301500
  -0.0007014900   -0.0010365200    0.0472178600
  -0.0011761600   -0.0012381400    0.0471128700
  -0.0013985500   -0.0008146900    0.0477982700
  -0.0009165100   -0.0014696200    0.0468960200
  -0.0010598500   -0.0012098100    0.0470139000
  -0.0007312800   -0.0007734400    0.0473414700
  -0.0012333100   -0.0011359800    0.0473341000
  -0.0017818400   -0.0005415800    0.0473048800
  -0.0010823500   -0.0011533700    0.0472689300
  -0.0009278500   -0.0008532100    0.0472307500
  -0.0009230000   -0.0008202600    0.0473178100
  -0.0009600700   -0.0011405600    0.0474118400
  -0.0011566500   -0.0009855600    0.0470846100
  -0.0011645400   -0.0012393200    0.0472121000
  -0.0007847300   -0.0008254600    0.0471590200
  -0.0010184100   -0.0011390600    0.0474940500
  -0.0008475400   -0.0012205600    0.0475753800
   0.0004985100    0.0008093100   -0.0366023400
   0.0009636000    0.0006972400   -0.0370068100
   0.0007932100    0.0008357300   -0.0371231000
   0.0007749500    0.0008895900   -0.0371206900
   0.0007647800    0.0007052600   -0.0370887500
   0.0012742600    0.0006781600   -0.0369906700
   0.0006684200    0.0009238100   -0.0374205600
   0.0007310000    0.0007796200   -0.0371252700
   0.0007501400    0.0008011500   -0.0370954900
   0.0007156700    0.0007160400   -0.0370902300
   0.0005045100    0.0008482300   -0.0370779500
   0.0003082500    0.0007371000   -0.0372050000
   0.0006283200    0.0008087700   -0.0371896900
   0.0007308600    0.0009281200   -0.0371624300
   0.0005657500    0.0008252900   -0.0371434800
   0.0004672600    0.0009176600   -0.0371635800
   0.0007307900    0.0007774200   -0.0371854500
   0.0006674800    0.0008389000   -0.0371248300
   0.0006937800    0.0008402700   -0.0371141700
   0.0007042600    0.0008404700   -0.0371528700
   0.0009313600    0.0007736000   -0.0373549600
   0.0009156400    0.0007149600   -0.0371313000
   0.0008254600    0.0007144700   -0.0371282800
   0.0008878700    0.0008298000   -0.0371426100
   0.0008203600    0.0006788000   -0.0371691100
   0.0363039500   -0.0074685400    0.0348324300
  -0.0013571800   -0.0011733500    0.0363138900
  -0.0000120500   -0.0007868300    0.0369461200
  -0.0000030800   -0.0008158900    0.0370125200
  -0.0013496200   -0.0013007900    0.0376103100
  -0.0012550600   -0.0000197800    0.0378208600
   0.0002777700   -0.0014229200    0.0366658700
   0.0000931000   -0.0006598300    0.0370032700
  -0.0000450100   -0.0008644100    0.0370525300
  -0.0000393000   -0.0008082900    0.0371140700
   0.0007830800   -0.0011314400    0.0370444400
   0.0000095300   -0.0007474600    0.0370327300
  -0.0000159300   -0.0007697300    0.0369628500
  -0.0000326300   -0.0008220400    0.0370052200
   0.0001350700   -0.0007471700    0.0369950000
   0.0007125800   -0.0010627600    0.0369384400
   0.0001786700   -0.0007668200    0.0369820100
   0.0000335900   -0.0008642400    0.0369745800
   0.0000276200   -0.0008320200    0.0370256200
  -0.0000049300   -0.0007925600    0.0369796500
  -0.0017501900    0.0006583400    0.0361810700
  -0.0000617200   -0.0006895900    0.0369043800
  -0.0000617100   -0.0008018200    0.0369794100
   0.0000354600   -0.0006428600    0.0370229500
   0.0001640600   -0.0013752800    0.0373456500

76   
 -0.0086414880681336   0.0050323636562061   0.0000000000000000
   0.0004634600    0.0008717700   -0.0471530100
   0.0006286400    0.0002050300   -0.0468353500
   0.0002673900    0.0010863900   -0.0470046800
   0.0001107900    0.0011335000   -0.0470365800
  -0.0002483700    0.0013327600   -0.0469892300
  -0.0012582000    0.0011196100   -0.0470277000
   0.0011174500    0.0010734000   -0.0474075300
   0.0005377100    0.0008227300   -0.0471147500
   0.0003880000    0.0009609100   -0.0470528200
   0.0003179000    0.0010158000   -0.0470170100
   0.0013909800    0.0004781600   -0.0473564300
  -0.0004918600    0.0013079600   -0.0470260400
   0.0001748000    0.0009330600   -0.0472250200
   0.0003451300    0.0008894300   -0.0471748100
   0.0007256700    0.0007175800   -0.0471145400
   0.0012631500    0.0002617600   -0.0468759900
  -0.0003938200    0.0013689900   -0.0471146700
  -0.0001748200    0.0011517700   -0.0471839000
   0.0000578000    0.0010474100   -0.0471911400
   0.0002615700    0.0009284500   -0.0472104400
  -0.0005884300    0.0022352300   -0.0472095200
  -0.0003866400    0.0014839500   -0.0472006200
  -0.0000958800    0.0012839200   -0.0470425600
  -0.0001197800    0.0012092300   -0.0471132200
  -0.0002922100    0.0012630600   -0.0472389100
  -0.0310598800    0.0179912500    0.0180460100
  -0.0010390300   -0.0012687700    0.0474802500
  -0.0009408500   -0.0010913400    0.0472122300
  -0.0009214600   -0.0011127000    0.0471308100
  -0.0012580800   -0.0008186400    0.0472480400
  -0.0333859400    0.0162893400    0.0780332100
  -0.0012678100   -0.0008474600    0.0472489400
  -0.0008508100   -0.0011129900    0.0472700100
  -0.0009295000   -0.0011425300    0.0471268800
  -0.0010348200   -0.0012266900    0.0466674900
  -0.0017986700   -0.0005044600    0.0481748000
  -0.0007792000   -0.0008131100    0.0470224100
  -0.0008232800   -0.0010622700    0.0472306700
  -0.0008965700   -0.0010485000    0.0472513000
  -0.0012680500   -0.0010278500    0.0471561200
  -0.0031094100    0.0002320100    0.0472666400
  -0.0010984700   -0.0007618800    0.0473210700
  -0.0008852400   -0.0009945900    0.0472894900
  -0.0008326000   -0.0009759300    0.0473779600
  -0.0010972800   -0.0007455900    0.0473506500
  -0.0017737600   -0.0005764200    0.0464009500
  -0.0012434100   -0.0010173200    0.0471816900
  -0.0009416800   -0.0010272100    0.0472515400
  -0.0008537600   -0.0009976100    0.0473686300
  -0.0008053900   -0.0008516600    0.0478375500
   0.0009028800    0.0002937900   -0.0366673600
   0.0008331300    0.0012097900   -0.0369193100
   0.0007930900    0.0008838600   -0.0371178000
   0.0008014600    0.0007407900   -0.0371205500
   0.0009412800    0.0006785200   -0.0371406000
   0.0012941600    0.0009259400   -0.0376524000
   0.0004859900    0.0009568300   -0.0371458400
   0.0006519400    0.0009352300   -0.0370912300
   0.0007191300    0.0008129200   -0.0370855200
   0.0008385800    0.0006625500   -0.0370625000
   0.0005719300    0.0006504700   -0.0368077300
   0.0005133900    0.0005830000   -0.0374072300
   0.0006095300    0.0008441200   -0.0371836400
   0.0005927900    0.0008732800   -0.0371607300
   0.0004848000    0.0008457200   -0.0371131200
   0.0001312200    0.0011816200   -0.0371503100
   0.0009157800    0.0006542400   -0.0372026600
   0.0007290600    0.0007645300   -0.0371632500
   0.0006660700    0.0008468800   -0.0371422700
   0.0005676500    0.0009733600   -0.0371850200
   0.0007896600    0.0009948100   -0.0375074900
   0.0010286800    0.0007338400   -0.0370840400
   0.0009519300    0.0007033800   -0.0371282900
   0.0008985000    0.0007136700   -0.0371627500
   0.0008876400    0.0007386500   -0.0372373200
   0.0747662200   -0.0442414100    0.0354576400
  -0.0008745400   -0.0011546300    0.0365844200
  -0.0000095700   -0.0008148600    0.0369545800
  -0.0000215900   -0.0008468200    0.0370040800
  -0.0009118200   -0.0012542500    0.0373378600
  -0.0041792400    0.0011841900    0.0390688400
  -0.0000816000    0.0001379000    0.0374230600
   0.0000009700   -0.0008104700    0.0370215800
  -0.0000227900   -0.0008536000    0.0370333500
  -0.0000994600   -0.0008464700    0.0371852500
   0.0016894900   -0.0018433200    0.0371314700
  -0.0000794800   -0.0007320200    0.0371873100
  -0.0000527600   -0.0007626700    0.0369926100
  -0.0000079100   -0.0007997500    0.0369787800
   0.0002126700   -0.0009227400    0.0370076500
   0.0017606200   -0.0017535400    0.0368776800
   0.0002557400   -0.0009433800    0.0369887600
   0.0000511600   -0.0008416900    0.0370070900
   0.0000113700   -0.0008235800    0.0370066800
  -0.0000332400   -0.0007704700    0.0368603100
  -0.0038234200    0.0019223700    0.0349732800
  -0.0000624900   -0.0007262200    0.0368374800
  -0.0000311300   -0.0007894400    0.0369968300
  -0.0000592200   -0.0007972200    0.0370062600
  -0.0001037200    0.0002133700    0.0366872700

76   
  0.0086414880681336  -0.0050323636562061   0.0000000000000000
  -0.0001415300    0.0012245100   -0.0471524100
  -0.0002902300    0.0018928400   -0.0474100800
   0.0000540400    0.0010035500   -0.0472252900
   0.0002106000    0.0009585000   -0.0471918300
   0.0005717100    0.0007612100   -0.0472402000
   0.0015628700    0.0009828100   -0.0472096900
  -0.0008032500    0.0010391200   -0.0468338000
  -0.0002219500    0.0012653300   -0.0471149900
  -0.0000681400    0.0011307900   -0.0471735500
   0.0000055000    0.0010773700   -0.0472095200
  -0.0010671200    0.0016188000   -0.0468754900
   0.0008097700    0.0007878100   -0.0472017700
   0.0001409800    0.0011602900   -0.0470047800
  -0.0000274500    0.0012028100   -0.0470542500
  -0.0004055400    0.0013765800   -0.0471145500
  -0.0009424100    0.0018366600   -0.0473567700
   0.0007135100    0.0007247800   -0.0471141300
   0.0004922500    0.0009417000   -0.0470422100
   0.0002596400    0.0010472800   -0.0470357600
   0.0000554500    0.0011693400   -0.0470178400
   0.0009226100   -0.0001495100   -0.0470275600
   0.0007095900    0.0006091500   -0.0470243500
   0.0004170500    0.0008077700   -0.0471836700
   0.0004392800    0.0008840600   -0.0471130800
   0.0006104400    0.0008322700   -0.0469877200
   0.0302208100   -0.0207514600    0.0780171000
  -0.0007346400   -0.0008385800    0.0470232100
  -0.0008408400   -0.0010199000    0.0472888700
  -0.0008593200   -0.0009939300    0.0473684800
  -0.0005026600   -0.0012568700    0.0472476400
   0.0305733300   -0.0179006000    0.0180313600
  -0.0005224900   -0.0012778000    0.0472504800
  -0.0009304500   -0.0009994800    0.0472323200
  -0.0008510700   -0.0009648100    0.0473782500
  -0.0007558400   -0.0008793800    0.0478390800
  -0.0000384600   -0.0015864800    0.0464001600
  -0.0010027600   -0.0012884400    0.0474802600
  -0.0009603600   -0.0010487300    0.0472686300
  -0.0008815600   -0.0010571000    0.0472512800
  -0.0005196000   -0.0010823600    0.0473486600
   0.0013235000   -0.0023489900    0.0472657900
  -0.0006846600   -0.0013433500    0.0471822100
  -0.0008970400   -0.0011167700    0.0472131300
  -0.0009473100   -0.0011319700    0.0471266800
  -0.0006804900   -0.0013692000    0.0471580200
   0.0000368900   -0.0015730500    0.0481746900
  -0.0005330300   -0.0010904400    0.0473202100
  -0.0008417000   -0.0010852600    0.0472515300
  -0.0009253800   -0.0011100200    0.0471314800
  -0.0009692200   -0.0012642500    0.0466661600
   0.0005706600    0.0013853600   -0.0376578300
   0.0006601200    0.0005191000   -0.0374054800
   0.0006347000    0.0008314300   -0.0371906600
   0.0005806000    0.0009089500   -0.0371543100
   0.0004643000    0.0009565700   -0.0371405500
   0.0001808700    0.0006760900   -0.0366615700
   0.0009895000    0.0006638900   -0.0371454300
   0.0008517500    0.0006771900   -0.0371384300
   0.0008041700    0.0007588500   -0.0371490300
   0.0006659200    0.0008992700   -0.0372227000
   0.0008993100    0.0009571200   -0.0375109100
   0.0010283600    0.0010747100   -0.0369210400
   0.0009330900    0.0007980100   -0.0371365300
   0.0008579500    0.0007191800   -0.0371607200
   0.0009252200    0.0007231800   -0.0372170400
   0.0013497600    0.0004726000   -0.0371502600
   0.0005378100    0.0010411600   -0.0370939700
   0.0006972000    0.0009284100   -0.0370902200
   0.0007555100    0.0008000900   -0.0370786800
   0.0008915300    0.0006514100   -0.0370808600
   0.0006854000    0.0005593600   -0.0368041700
   0.0005061600    0.0008724100   -0.0371925500
   0.0006198700    0.0008970800   -0.0371281400
   0.0006435700    0.0008232500   -0.0371287900
   0.0005966300    0.0007727000   -0.0370770300
  -0.0747095900    0.0427640500    0.0354837500
   0.0008609700   -0.0004381900    0.0373884300
   0.0000278500   -0.0008149600    0.0369900000
   0.0000355600   -0.0008130600    0.0369864400
   0.0009080800   -0.0003928700    0.0366855200
   0.0042344200   -0.0028026600    0.0349695900
   0.0001537600   -0.0017244400    0.0366191000
   0.0000132600   -0.0008172400    0.0370216200
  -0.0000471900   -0.0008175900    0.0370213200
   0.0000547300   -0.0008056700    0.0368676700
  -0.0016890700    0.0002951500    0.0368845600
   0.0000177400   -0.0007903900    0.0368176400
  -0.0000341400   -0.0007945700    0.0369573500
  -0.0000510600   -0.0007956100    0.0369909100
  -0.0002344300   -0.0006619000    0.0370078000
  -0.0017663500    0.0001301000    0.0371244800
  -0.0001913600   -0.0006825400    0.0369887000
   0.0000155000   -0.0008246200    0.0369819600
   0.0000102600   -0.0008893200    0.0370244000
   0.0000081600   -0.0009246300    0.0371780200
   0.0037966200   -0.0034273000    0.0390723200
   0.0000358600   -0.0007812900    0.0372071000
  -0.0000631200   -0.0007664500    0.0370220800
  -0.0000469600   -0.0008040300    0.0370063000
   0.0000472400   -0.0017939200    0.0373394300

76   
  0.0000000000000000   0.0000000000000000   0.0100000000000000
  -0.0000771700    0.0006386300   -0.0425742400
  -0.0003589400    0.0006297700   -0.0462170200
   0.0001223200    0.0009529400   -0.0471696200
   0.0002277700    0.0010392700   -0.0471202000
   0.0003031900    0.0010900600   -0.0471841500
   0.0016968000    0.0005916700   -0.0476089600
   0.0000537100    0.0003893600   -0.0462156400
   0.0001322300    0.0009993500   -0.0472636100
   0.0001610300    0.0010194600   -0.0471311700
   0.0002823100    0.0009945600   -0.0470973300
   0.0004853700    0.0008795800   -0.0471450400
  -0.0001108900    0.0013516400   -0.0471844700
   0.0000971200    0.0009675400   -0.0471695100
   0.0001358100    0.0010337700   -0.0471324800
   0.0001582600    0.0010436500   -0.0471291100
  -0.0001458700    0.0012470300   -0.0471453900
   0.0002334500    0.0011731400   -0.0470253800
   0.0001022700    0.0010486900   -0.0471183300
   0.0001199900    0.0011022500   -0.0471193400
   0.0000540900    0.0011280100   -0.0470981700
  -0.0009943900    0.0021589200   -0.0476088400
   0.0005591600    0.0009618200   -0.0471828800
   0.0001902600    0.0009977900   -0.0471183900
   0.0001703400    0.0010648400   -0.0470939100
   0.0001270100    0.0011918500   -0.0471826300
   0.0214612300   -0.0148077000    0.0851306100
  -0.0009003300   -0.0011180300    0.0475679300
  -0.0008747900   -0.0010374300    0.0472844200
  -0.0008634100   -0.0010935400    0.0473229700
  -0.0021636500   -0.0032424100    0.0482666200
  -0.0238984900    0.0116055900    0.0851474900
   0.0000679200    0.0005913300    0.0486394800
  -0.0008936800   -0.0009713800    0.0473573800
  -0.0009117700   -0.0010623400    0.0472921500
  -0.0008263900   -0.0011235300    0.0475210600
  -0.0014465000   -0.0005591300    0.0466488300
  -0.0009398500   -0.0010944100    0.0475674500
  -0.0008162200   -0.0010165800    0.0473557600
  -0.0009211800   -0.0011084400    0.0472483900
  -0.0007346900   -0.0009422900    0.0473262400
  -0.0008701500   -0.0010194800    0.0469449200
  -0.0009442000   -0.0012140600    0.0472993200
  -0.0008830100   -0.0010329600    0.0472850600
  -0.0008865500   -0.0010770500    0.0472917900
  -0.0008689600   -0.0008636100    0.0473280900
  -0.0001843800   -0.0012939500    0.0466491200
  -0.0010025400   -0.0011794000    0.0472986800
  -0.0008625200   -0.0010062200    0.0472154600
  -0.0009376200   -0.0010502400    0.0473232400
  -0.0009824700   -0.0010332000    0.0475195000
   0.0001089300    0.0007493000   -0.0364363000
   0.0005065000    0.0009369200   -0.0372572900
   0.0006735500    0.0008596900   -0.0371508200
   0.0006714100    0.0008239800   -0.0371475800
   0.0006736800    0.0007672400   -0.0372137400
   0.0009690800    0.0002101500   -0.0364305200
   0.0008927000    0.0010759000   -0.0362829200
   0.0007429100    0.0008377200   -0.0371590600
   0.0007298900    0.0007934400   -0.0371353000
   0.0006726800    0.0008017400   -0.0371576300
   0.0004646000    0.0010375900   -0.0371584100
   0.0009526500    0.0006555300   -0.0372590600
   0.0008033400    0.0008287900   -0.0372043300
   0.0007267700    0.0007983800   -0.0371800900
   0.0006602900    0.0008098500   -0.0371783300
   0.0007483700    0.0008403700   -0.0371895500
   0.0007811800    0.0008336200   -0.0371359400
   0.0007351600    0.0008122700   -0.0371233300
   0.0007333000    0.0007994500   -0.0371284700
   0.0007740400    0.0007857800   -0.0371461800
   0.0010748600    0.0006565600   -0.0371548500
   0.0007286400    0.0008432800   -0.0371259100
   0.0007860100    0.0008000200   -0.0371254100
   0.0007802500    0.0007507700   -0.0371559100
   0.0007997500    0.0006965800   -0.0371721500
   0.0012105600    0.0012897600   -0.0451118200
  -0.0005442700   -0.0010718600    0.0365854800
  -0.0000057600   -0.0008237300    0.0369537700
   0.0000329400   -0.0008204200    0.0369766900
   0.0006310600   -0.0005364600    0.0366106300
   0.0018134700   -0.0018246900    0.0367651100
   0.0000621700   -0.0013962500    0.0366203400
  -0.0000014500   -0.0008288400    0.0369421800
  -0.0000102800   -0.0008183700    0.0370145700
   0.0001612700   -0.0008782300    0.0369069700
   0.0001049200   -0.0008126200    0.0369750300
   0.0000934700   -0.0008633600    0.0368830400
  -0.0000435100   -0.0007960700    0.0369564400
  -0.0000264500   -0.0007678500    0.0369720600
  -0.0000070900   -0.0007859900    0.0369637700
  -0.0000878400   -0.0007398000    0.0369680300
   0.0000397100   -0.0008004300    0.0369447700
   0.0000260000   -0.0008578600    0.0369817300
   0.0000065700   -0.0008293200    0.0369969900
  -0.0001483400   -0.0007136900    0.0368997200
  -0.0017777900    0.0002995300    0.0367686100
  -0.0001632600   -0.0006962300    0.0369028100
  -0.0000647400   -0.0007966900    0.0369966800
  -0.0000420500   -0.0007819500    0.0369267400
  -0.0000908600   -0.0000986300    0.0366125800

76   
  0.0000000000000000   0.0000000000000000  -0.0100000000000000
   0.0003887500    0.0014394600   -0.0516347500
   0.0007029800    0.0014592500   -0.0479970600
   0.0001970200    0.0011398300   -0.0470586300
   0.0000924300    0.0010536800   -0.0471072500
   0.0000190300    0.0010039500   -0.0470435100
  -0.0013653800    0.0015051400   -0.0466182700
   0.0002503600    0.0017234700   -0.0479943500
   0.0001871000    0.0010944700   -0.0469615300
   0.0001583200    0.0010731100   -0.0470935700
   0.0000389100    0.0010991400   -0.0471282300
  -0.0001656100    0.0012152300   -0.0470815100
   0.0004335300    0.0007433000   -0.0470416100
   0.0002225400    0.0011251600   -0.0470586100
   0.0001832200    0.0010582300   -0.0470949800
   0.0001620500    0.0010503900   -0.0470981900
   0.0004671500    0.0008465700   -0.0470820000
   0.0000869300    0.0009214500   -0.0472026200
   0.0002165400    0.0010446900   -0.0471075200
   0.0001992400    0.0009916800   -0.0471066000
   0.0002648500    0.0009679100   -0.0471291500
   0.0013108400   -0.0000529000   -0.0466180800
  -0.0002388800    0.0011347600   -0.0470403600
   0.0001304800    0.0010948700   -0.0471076000
   0.0001489300    0.0010277100   -0.0471316600
   0.0001921300    0.0009023500   -0.0470422200
  -0.0221848900    0.0120190500    0.0100366100
  -0.0008846900   -0.0009911200    0.0469353300
  -0.0009056100   -0.0010714400    0.0472175900
  -0.0009174400   -0.0010153200    0.0471790000
   0.0003736500    0.0011162100    0.0462374000
   0.0210039200   -0.0131304600    0.0100210900
  -0.0018411100   -0.0026875900    0.0458652800
  -0.0008875500   -0.0011388400    0.0471467000
  -0.0008698900   -0.0010470000    0.0472136900
  -0.0009543800   -0.0009880200    0.0469864900
  -0.0003315000   -0.0015544100    0.0478569300
  -0.0008376800   -0.0010181100    0.0469350200
  -0.0009651400   -0.0010934700    0.0471453100
  -0.0008587800   -0.0010006500    0.0472532300
  -0.0010463500   -0.0011685300    0.0471761500
  -0.0009125800   -0.0010924500    0.0475558900
  -0.0008370800   -0.0008970600    0.0472036600
  -0.0008974700   -0.0010763400    0.0472184300
  -0.0008942000   -0.0010330100    0.0472135600
  -0.0009122600   -0.0012459400    0.0471781700
  -0.0016009500   -0.0008154400    0.0478573300
  -0.0007795900   -0.0009298400    0.0472029300
  -0.0009186300   -0.0011028100    0.0472871600
  -0.0008430600   -0.0010587500    0.0471795300
  -0.0008014300   -0.0010770400    0.0469851800
   0.0013559800    0.0009221500   -0.0378698600
   0.0009870100    0.0007965700   -0.0370630000
   0.0007547500    0.0008544100   -0.0371566500
   0.0007112500    0.0008254000   -0.0371261100
   0.0007315000    0.0008667800   -0.0370673400
   0.0005038600    0.0013803800   -0.0378644100
   0.0005852300    0.0005485800   -0.0379960700
   0.0007615000    0.0007758900   -0.0370691800
   0.0007942200    0.0007777500   -0.0370978300
   0.0008334300    0.0007593900   -0.0371269700
   0.0010079500    0.0005729800   -0.0371578800
   0.0005933300    0.0010044600   -0.0370646900
   0.0007403200    0.0008143700   -0.0371144300
   0.0007242400    0.0007941700   -0.0371396700
   0.0007508200    0.0007588400   -0.0371504700
   0.0007324200    0.0008131400   -0.0371085300
   0.0006708000    0.0008601300   -0.0371599000
   0.0006901900    0.0008803400   -0.0371291700
   0.0006877500    0.0008477300   -0.0370910700
   0.0006848000    0.0008396200   -0.0371183300
   0.0004025000    0.0009000000   -0.0371543900
   0.0008059300    0.0007605400   -0.0371499000
   0.0007857900    0.0008000200   -0.0371302000
   0.0007615600    0.0007863000   -0.0371344400
   0.0006834600    0.0008156300   -0.0371415500
  -0.0011982200   -0.0028039800    0.1176630400
   0.0005292200   -0.0005247400    0.0373904500
   0.0000244600   -0.0008068100    0.0369914400
  -0.0000186900   -0.0008386300    0.0370144200
  -0.0006307000   -0.0011052400    0.0374157500
  -0.0017480000    0.0002057600    0.0372655200
   0.0000077700   -0.0001936500    0.0374249200
   0.0000157900   -0.0007990800    0.0371010500
  -0.0000595000   -0.0008526200    0.0370407300
  -0.0002063300   -0.0007748600    0.0371458600
  -0.0001285200   -0.0007224500    0.0370545400
  -0.0001547000   -0.0006580200    0.0371218700
  -0.0000438500   -0.0007613600    0.0369941500
  -0.0000321100   -0.0008274400    0.0369982600
  -0.0000148100   -0.0007992600    0.0370529300
   0.0001056900   -0.0008982700    0.0370476600
   0.0000251800   -0.0008249600    0.0370339300
   0.0000406400   -0.0008085300    0.0370079400
   0.0000159900   -0.0008831500    0.0370347100
   0.0001229700   -0.0009823800    0.0371385400
   0.0017459100   -0.0017959500    0.0372692000
   0.0001376500   -0.0008105500    0.0371416800
  -0.0000292100   -0.0007594700    0.0370228700
  -0.0000634400   -0.0008185200    0.0370856000
   0.0000374200   -0.0014758900    0.0374171500
